{"type":"FeatureCollection","source":"U.S. Census Bureau TIGERweb, State_County/Counties layer, generalized ~50 m","source_url":"https://tigerweb.geo.census.gov/arcgis/rest/services/TIGERweb/State_County/MapServer/1","features":[{"type":"Feature","geometry":{"type":"Polygon","coordinates":[[[-82.05029,29.70973],[-82.04998,29.71347],[-82.04905,29.71337],[-82.05032,29.7155],[-82.05203,29.71678],[-82.05547,29.71721],[-82.05569,29.71994],[-82.05399,29.72688],[-82.05502,29.73415],[-82.05453,29.73756],[-82.05807,29.74806],[-82.06714,29.75674],[-82.07314,29.76036],[-82.07788,29.76125],[-82.08266,29.76125],[-82.08619,29.7603],[-82.08805,29.76071],[-82.08714,29.76213],[-82.08209,29.76357],[-82.08004,29.76704],[-82.07981,29.77318],[-82.07826,29.77319],[-82.07964,29.77334],[-82.07889,29.7751],[-82.08173,29.77814],[-82.09354,29.77917],[-82.09437,29.7803],[-82.09341,29.78179],[-82.0947,29.78061],[-82.09782,29.78087],[-82.10194,29.78369],[-82.10912,29.78308],[-82.10889,29.79071],[-82.11755,29.7906],[-82.1176,29.79819],[-82.11955,29.79822],[-82.11964,29.80185],[-82.1217,29.80185],[-82.12167,29.80533],[-82.12405,29.80529],[-82.12392,29.82369],[-82.12993,29.82368],[-82.13018,29.83082],[-82.13313,29.83081],[-82.13313,29.83595],[-82.14656,29.8359],[-82.14656,29.83871],[-82.16192,29.83874],[-82.16471,29.83956],[-82.17233,29.83706],[-82.17513,29.83734],[-82.18213,29.84068],[-82.19011,29.84802],[-82.19194,29.84842],[-82.20035,29.84765],[-82.2084,29.84395],[-82.21028,29.84428],[-82.21026,29.84531],[-82.23351,29.8453],[-82.23366,29.84898],[-82.23819,29.84904],[-82.23815,29.85075],[-82.24245,29.85246],[-82.24572,29.85212],[-82.25,29.84997],[-82.25435,29.84973],[-82.26038,29.84657],[-82.26356,29.84658],[-82.2654,29.84744],[-82.26776,29.84657],[-82.26709,29.84576],[-82.26944,29.84518],[-82.26958,29.84397],[-82.27256,29.84301],[-82.27508,29.84425],[-82.27656,29.84369],[-82.27969,29.84474],[-82.28172,29.84441],[-82.28302,29.84556],[-82.2842,29.84526],[-82.28628,29.84796],[-82.2897,29.84904],[-82.28966,29.84986],[-82.29076,29.84965],[-82.29292,29.85113],[-82.29488,29.85091],[-82.29576,29.85244],[-82.30503,29.85317],[-82.3052,29.85992],[-82.31391,29.85996],[-82.31418,29.8676],[-82.32342,29.86739],[-82.3262,29.86935],[-82.32669,29.8719],[-82.3293,29.87426],[-82.33316,29.87524],[-82.33361,29.87703],[-82.33288,29.87727],[-82.33394,29.87739],[-82.33496,29.87871],[-82.34327,29.87661],[-82.34812,29.87679],[-82.35032,29.8783],[-82.35136,29.8776],[-82.35374,29.87853],[-82.35823,29.87733],[-82.35909,29.87904],[-82.36283,29.8815],[-82.3677,29.88048],[-82.36952,29.87914],[-82.37225,29.87985],[-82.375,29.87943],[-82.3772,29.88139],[-82.37886,29.88072],[-82.37906,29.88265],[-82.38043,29.88171],[-82.38255,29.88162],[-82.38253,29.88093],[-82.38804,29.88154],[-82.3885,29.88305],[-82.38922,29.88301],[-82.38877,29.88413],[-82.38929,29.88461],[-82.39182,29.88414],[-82.39439,29.88659],[-82.39752,29.88607],[-82.3972,29.88764],[-82.39877,29.88732],[-82.39856,29.8893],[-82.40093,29.89003],[-82.40128,29.89283],[-82.40305,29.89335],[-82.4023,29.89384],[-82.40286,29.89579],[-82.40446,29.89575],[-82.40467,29.89653],[-82.40353,29.89777],[-82.40468,29.89817],[-82.40396,29.8996],[-82.40604,29.90392],[-82.40444,29.90497],[-82.40649,29.90738],[-82.40586,29.90889],[-82.40706,29.91032],[-82.40548,29.91142],[-82.40676,29.91418],[-82.40756,29.91351],[-82.40766,29.91468],[-82.40954,29.91482],[-82.40873,29.91664],[-82.41114,29.91724],[-82.4103,29.91805],[-82.41128,29.91891],[-82.4109,29.91948],[-82.41236,29.92006],[-82.41101,29.92046],[-82.41326,29.92122],[-82.41261,29.92216],[-82.41573,29.92249],[-82.41639,29.92165],[-82.41658,29.92248],[-82.41891,29.92306],[-82.42045,29.92085],[-82.4224,29.91992],[-82.42657,29.92198],[-82.42848,29.92485],[-82.43374,29.92955],[-82.43367,29.92836],[-82.43512,29.92836],[-82.43659,29.93085],[-82.43806,29.93027],[-82.43924,29.93113],[-82.43977,29.92934],[-82.44171,29.92911],[-82.44417,29.93096],[-82.44738,29.93194],[-82.44895,29.93151],[-82.45212,29.92566],[-82.45668,29.92757],[-82.45898,29.9307],[-82.45989,29.93021],[-82.46128,29.93162],[-82.46375,29.92848],[-82.46467,29.92961],[-82.46914,29.92843],[-82.46981,29.92573],[-82.47267,29.92691],[-82.47544,29.93043],[-82.47568,29.93238],[-82.47717,29.93199],[-82.47667,29.93317],[-82.47757,29.93489],[-82.48069,29.93702],[-82.48177,29.93592],[-82.48428,29.93673],[-82.48438,29.93972],[-82.48564,29.93909],[-82.48622,29.93987],[-82.48904,29.93952],[-82.49073,29.93902],[-82.49113,29.9381],[-82.49227,29.93943],[-82.49545,29.94011],[-82.49828,29.93876],[-82.50133,29.94194],[-82.50391,29.9419],[-82.51064,29.94522],[-82.51661,29.94331],[-82.51975,29.94399],[-82.52189,29.94331],[-82.52235,29.94482],[-82.52534,29.94505],[-82.52668,29.94217],[-82.53015,29.94059],[-82.52924,29.93521],[-82.53045,29.93238],[-82.53507,29.92928],[-82.53957,29.92887],[-82.54121,29.92569],[-82.54465,29.92509],[-82.54813,29.92557],[-82.55088,29.9286],[-82.55474,29.92854],[-82.56084,29.92492],[-82.5622,29.92287],[-82.56093,29.92215],[-82.56274,29.92142],[-82.56442,29.92194],[-82.56399,29.92091],[-82.5649,29.92017],[-82.56652,29.92075],[-82.56629,29.91933],[-82.56786,29.9172],[-82.57176,29.91826],[-82.5794,29.91479],[-82.57922,29.91405],[-82.57597,29.91309],[-82.57588,29.89486],[-82.58003,29.89485],[-82.58,29.88764],[-82.59255,29.88752],[-82.59234,29.87322],[-82.5898,29.87293],[-82.58956,29.87045],[-82.58648,29.8667],[-82.59088,29.86631],[-82.5929,29.86193],[-82.59655,29.8591],[-82.59986,29.85898],[-82.60214,29.85789],[-82.60346,29.85497],[-82.60628,29.85286],[-82.60808,29.85312],[-82.61108,29.85212],[-82.61645,29.85779],[-82.61974,29.85911],[-82.62288,29.85335],[-82.62239,29.85209],[-82.61781,29.85023],[-82.61768,29.84735],[-82.61924,29.84717],[-82.62204,29.84851],[-82.63125,29.84911],[-82.6321,29.84681],[-82.6305,29.84315],[-82.63485,29.83894],[-82.63473,29.8336],[-82.64063,29.82885],[-82.64138,29.82742],[-82.65211,29.82563],[-82.65367,29.82694],[-82.65456,29.82905],[-82.65855,29.83014],[-82.65702,29.74069],[-82.65702,29.68196],[-82.65637,29.67384],[-82.65633,29.53562],[-82.59479,29.5378],[-82.5572,29.53753],[-82.55667,29.53456],[-82.55677,29.48005],[-82.49633,29.47837],[-82.49625,29.4855],[-82.22501,29.4843],[-82.21514,29.48421],[-82.214,29.48341],[-82.21145,29.48407],[-82.21156,29.48253],[-82.21035,29.48159],[-82.21086,29.47989],[-82.2132,29.47902],[-82.21481,29.47731],[-82.21169,29.47409],[-82.2101,29.47382],[-82.212,29.47193],[-82.21128,29.47081],[-82.2083,29.47078],[-82.20804,29.46659],[-82.20666,29.46599],[-82.20534,29.46705],[-82.20664,29.47067],[-82.20637,29.47225],[-82.20427,29.47126],[-82.20341,29.47212],[-82.20151,29.46921],[-82.2019,29.46818],[-82.20101,29.46941],[-82.20026,29.46873],[-82.20116,29.46746],[-82.19284,29.46226],[-82.1915,29.46311],[-82.19224,29.46182],[-82.19101,29.46251],[-82.19044,29.462],[-82.19157,29.46089],[-82.19038,29.46174],[-82.18937,29.46112],[-82.19096,29.46],[-82.18806,29.46039],[-82.19093,29.4597],[-82.1889,29.45873],[-82.18813,29.45675],[-82.18879,29.45442],[-82.19128,29.45352],[-82.19191,29.45231],[-82.19901,29.45577],[-82.19926,29.45656],[-82.19862,29.45795],[-82.19471,29.45807],[-82.19335,29.4598],[-82.19345,29.46144],[-82.19449,29.46132],[-82.19608,29.46271],[-82.19842,29.46075],[-82.19992,29.46122],[-82.20083,29.46037],[-82.20418,29.46057],[-82.20527,29.46233],[-82.20662,29.46169],[-82.21166,29.46606],[-82.21284,29.46531],[-82.21178,29.46481],[-82.21178,29.46401],[-82.2137,29.4629],[-82.21355,29.46152],[-82.21645,29.4602],[-82.21772,29.4571],[-82.21684,29.45498],[-82.21409,29.453],[-82.2146,29.45199],[-82.21319,29.45043],[-82.21385,29.45027],[-82.21157,29.4495],[-82.21207,29.44774],[-82.21131,29.44777],[-82.21297,29.44544],[-82.21287,29.44168],[-82.21364,29.44102],[-82.21242,29.44008],[-82.21378,29.43687],[-82.21372,29.43332],[-82.21283,29.4323],[-82.21333,29.43191],[-82.21016,29.4285],[-82.20755,29.42766],[-82.20748,29.42704],[-82.202,29.42632],[-82.20014,29.4241],[-82.19964,29.42217],[-82.19774,29.42209],[-82.19801,29.4232],[-82.19713,29.42306],[-82.19312,29.42086],[-82.18424,29.42179],[-82.18289,29.42129],[-82.17834,29.42255],[-82.17593,29.42057],[-82.17439,29.42271],[-82.17369,29.42271],[-82.17397,29.42177],[-82.17269,29.42269],[-82.17228,29.42327],[-82.17326,29.42426],[-82.17071,29.42526],[-82.16727,29.42456],[-82.16724,29.42529],[-82.16842,29.4257],[-82.16757,29.4272],[-82.16369,29.42453],[-82.15908,29.42488],[-82.15692,29.42237],[-82.15509,29.42287],[-82.15488,29.42367],[-82.1563,29.42564],[-82.15544,29.42609],[-82.15536,29.42497],[-82.15435,29.4247],[-82.15321,29.42234],[-82.15365,29.42427],[-82.15303,29.42562],[-82.15097,29.42678],[-82.15002,29.4229],[-82.15155,29.42172],[-82.15102,29.42051],[-82.14957,29.4203],[-82.14862,29.41706],[-82.14571,29.41767],[-82.14538,29.41877],[-82.14034,29.42008],[-82.14056,29.42153],[-82.14251,29.42175],[-82.1453,29.42346],[-82.14402,29.42667],[-82.14231,29.42645],[-82.14144,29.42714],[-82.14097,29.4287],[-82.13763,29.43095],[-82.13782,29.43252],[-82.1367,29.43283],[-82.13498,29.435],[-82.13321,29.43482],[-82.13197,29.43335],[-82.12901,29.43222],[-82.12705,29.4331],[-82.12658,29.43192],[-82.12719,29.43005],[-82.125,29.42874],[-82.12115,29.42898],[-82.11932,29.42825],[-82.11835,29.42844],[-82.11761,29.43203],[-82.11389,29.43231],[-82.11193,29.43501],[-82.10591,29.43571],[-82.10523,29.43764],[-82.10259,29.43839],[-82.10114,29.43831],[-82.1005,29.43658],[-82.09923,29.43681],[-82.09915,29.43377],[-82.09751,29.43314],[-82.09786,29.43167],[-82.09566,29.4301],[-82.09872,29.42726],[-82.09852,29.42434],[-82.09682,29.42183],[-82.09779,29.42106],[-82.09942,29.42249],[-82.09967,29.42111],[-82.09872,29.42024],[-82.09994,29.4189],[-82.0992,29.41881],[-82.09563,29.4205],[-82.09687,29.42524],[-82.09454,29.43035],[-82.09305,29.43063],[-82.09252,29.42902],[-82.09162,29.42869],[-82.09251,29.42955],[-82.09213,29.43057],[-82.09006,29.43076],[-82.09047,29.42967],[-82.08893,29.42894],[-82.08943,29.42805],[-82.08812,29.4262],[-82.08654,29.42666],[-82.08827,29.42933],[-82.08717,29.42951],[-82.08605,29.43111],[-82.08688,29.43096],[-82.08669,29.43212],[-82.08893,29.4329],[-82.08761,29.4357],[-82.08094,29.44039],[-82.07821,29.44009],[-82.0759,29.43875],[-82.0761,29.43682],[-82.07402,29.43465],[-82.07052,29.43424],[-82.07002,29.43789],[-82.07173,29.44261],[-82.07129,29.44327],[-82.06716,29.4438],[-82.06509,29.4419],[-82.06447,29.4399],[-82.06302,29.43937],[-82.05702,29.43978],[-82.05564,29.44185],[-82.0561,29.50802],[-82.05534,29.59482],[-82.05607,29.65685],[-82.05029,29.70973]]]},"properties":{"name":"Alachua","key":"alachua","geoid":"12001"}},{"type":"Feature","geometry":{"type":"Polygon","coordinates":[[[-82.28702,30.14173],[-82.12832,30.14324],[-82.04943,30.14314],[-82.04882,30.24103],[-82.04996,30.36247],[-82.05332,30.36191],[-82.05813,30.35921],[-82.06242,30.36065],[-82.06286,30.35875],[-82.06542,30.35855],[-82.06491,30.35643],[-82.06618,30.35576],[-82.06871,30.35913],[-82.07267,30.36141],[-82.08111,30.35877],[-82.08332,30.36033],[-82.09028,30.36122],[-82.09472,30.3607],[-82.09611,30.36139],[-82.09663,30.36261],[-82.09824,30.36292],[-82.0987,30.36406],[-82.10108,30.36279],[-82.10146,30.36336],[-82.10063,30.36442],[-82.10237,30.36438],[-82.10156,30.36664],[-82.10512,30.36888],[-82.10719,30.36709],[-82.1104,30.36672],[-82.11033,30.36521],[-82.11153,30.36605],[-82.11152,30.36756],[-82.11279,30.36688],[-82.11328,30.36826],[-82.11578,30.36805],[-82.11682,30.36544],[-82.11815,30.36436],[-82.12153,30.36538],[-82.12217,30.36676],[-82.12311,30.36584],[-82.12487,30.36638],[-82.12636,30.36832],[-82.12867,30.36708],[-82.12756,30.36544],[-82.13386,30.36224],[-82.13706,30.36252],[-82.13694,30.36422],[-82.13996,30.36492],[-82.14174,30.36372],[-82.14405,30.3635],[-82.14453,30.36225],[-82.14779,30.36222],[-82.14855,30.3609],[-82.1501,30.36183],[-82.1579,30.36012],[-82.15804,30.35898],[-82.16142,30.35818],[-82.16178,30.35711],[-82.16323,30.35888],[-82.16405,30.35796],[-82.16514,30.35809],[-82.16741,30.36],[-82.1702,30.35897],[-82.17278,30.36155],[-82.17375,30.36507],[-82.17981,30.36863],[-82.18099,30.36861],[-82.18128,30.37108],[-82.18024,30.37258],[-82.18349,30.37334],[-82.18479,30.37894],[-82.18711,30.37898],[-82.18991,30.37617],[-82.19279,30.37907],[-82.19342,30.38334],[-82.19179,30.38472],[-82.19325,30.38592],[-82.19323,30.38769],[-82.19421,30.3892],[-82.19526,30.38947],[-82.19658,30.38828],[-82.19922,30.38983],[-82.19811,30.39184],[-82.2014,30.39535],[-82.20193,30.3979],[-82.2031,30.39915],[-82.20286,30.40126],[-82.20424,30.40155],[-82.20464,30.40308],[-82.20326,30.4036],[-82.20376,30.40531],[-82.20456,30.4063],[-82.20676,30.40684],[-82.20533,30.40834],[-82.20647,30.41032],[-82.20576,30.41195],[-82.20838,30.4143],[-82.20643,30.41708],[-82.20803,30.41747],[-82.20762,30.41846],[-82.20852,30.4198],[-82.20746,30.42112],[-82.2092,30.42133],[-82.20906,30.42265],[-82.21086,30.42538],[-82.209,30.42834],[-82.20983,30.42892],[-82.20951,30.43119],[-82.20869,30.43175],[-82.20972,30.43215],[-82.20972,30.43306],[-82.20878,30.43449],[-82.2073,30.43457],[-82.20642,30.43573],[-82.20735,30.43917],[-82.205,30.44152],[-82.20379,30.44498],[-82.2053,30.44861],[-82.20494,30.45029],[-82.20574,30.45105],[-82.20478,30.45132],[-82.20406,30.45286],[-82.20449,30.45534],[-82.20631,30.45563],[-82.20738,30.45698],[-82.2077,30.46041],[-82.20615,30.46241],[-82.20637,30.46851],[-82.20447,30.46876],[-82.20437,30.4711],[-82.20349,30.47106],[-82.20301,30.47318],[-82.20104,30.47466],[-82.20147,30.48006],[-82.20241,30.48066],[-82.20216,30.48177],[-82.20321,30.48218],[-82.20124,30.48511],[-82.20402,30.48943],[-82.20607,30.49074],[-82.20667,30.49321],[-82.20859,30.49491],[-82.20949,30.49479],[-82.21158,30.49729],[-82.21263,30.50055],[-82.21466,30.50179],[-82.21534,30.50144],[-82.21803,30.50449],[-82.22031,30.50477],[-82.22507,30.50769],[-82.22859,30.51333],[-82.22868,30.51595],[-82.2303,30.51733],[-82.2293,30.52059],[-82.23076,30.52658],[-82.23739,30.53222],[-82.2404,30.53777],[-82.23888,30.5455],[-82.23444,30.54875],[-82.23419,30.55765],[-82.23205,30.55824],[-82.22826,30.56258],[-82.22386,30.56528],[-82.21692,30.56532],[-82.2144,30.56683],[-82.21468,30.56856],[-82.45979,30.58427],[-82.45707,30.44276],[-82.45832,30.44276],[-82.45748,30.25691],[-82.45836,30.13645],[-82.44367,30.13809],[-82.35938,30.13929],[-82.35939,30.14104],[-82.28702,30.14173]]]},"properties":{"name":"Baker","key":"baker","geoid":"12003"}},{"type":"Feature","geometry":{"type":"Polygon","coordinates":[[[-85.38966,30.24899],[-85.38869,30.26589],[-85.38918,30.28473],[-85.3884,30.31379],[-85.38826,30.41697],[-85.38656,30.42967],[-85.38395,30.56686],[-85.48636,30.56757],[-85.48644,30.52426],[-85.48585,30.51945],[-85.4869,30.49987],[-85.48644,30.49243],[-85.48797,30.43666],[-85.66407,30.43908],[-85.68704,30.43878],[-85.6952,30.43942],[-85.70621,30.43888],[-85.81159,30.43991],[-85.82456,30.44136],[-85.8535,30.44062],[-85.86082,30.43721],[-85.86357,30.43219],[-85.86407,30.42804],[-85.87036,30.41976],[-85.87801,30.41403],[-85.87909,30.41247],[-85.88398,30.41025],[-85.88934,30.41061],[-85.89564,30.40981],[-85.89858,30.41093],[-85.90192,30.40733],[-85.90764,30.40582],[-85.91521,30.40948],[-85.9185,30.41402],[-85.92393,30.41638],[-85.92726,30.41606],[-85.92991,30.41336],[-85.93479,30.41088],[-85.93789,30.41035],[-85.94025,30.40862],[-85.94521,30.40842],[-85.95131,30.41238],[-85.96497,30.41071],[-85.9658,30.40969],[-85.96444,30.4083],[-85.96457,30.40738],[-85.96665,30.40702],[-85.96688,30.40558],[-85.96867,30.40576],[-85.97351,30.40212],[-85.97446,30.40102],[-85.97437,30.39946],[-85.97729,30.39773],[-85.97638,30.39599],[-85.97999,30.39477],[-85.98241,30.39194],[-85.99274,30.38932],[-86.00077,30.1036],[-85.93114,30.06696],[-85.8935,30.04529],[-85.87394,30.0317],[-85.86144,30.01886],[-85.8502,30.0092],[-85.83511,29.99836],[-85.80356,29.97816],[-85.78598,29.96821],[-85.77035,29.9605],[-85.73592,29.94546],[-85.70979,29.93584],[-85.6842,29.91001],[-85.64587,29.87591],[-85.61659,29.85359],[-85.58962,29.83756],[-85.58872,29.80932],[-85.58588,29.78683],[-85.57777,29.74837],[-85.57024,29.72102],[-85.56028,29.69184],[-85.54374,29.65152],[-85.53374,29.63132],[-85.52265,29.61313],[-85.50723,29.59127],[-85.48819,29.56817],[-85.47088,29.55141],[-85.45334,29.53785],[-85.43599,29.52741],[-85.41445,29.51783],[-85.39259,29.5109],[-85.37285,29.50701],[-85.44034,29.78811],[-85.43433,29.89999],[-85.39398,29.92112],[-85.38867,29.92436],[-85.38846,29.92608],[-85.38915,29.95524],[-85.3915,30.00039],[-85.38963,30.14519],[-85.38966,30.24899]]]},"properties":{"name":"Bay","key":"bay","geoid":"12005"}},{"type":"Feature","geometry":{"type":"Polygon","coordinates":[[[-82.18399,30.06685],[-82.20816,30.05239],[-82.20864,30.04973],[-82.21263,30.04632],[-82.21344,30.04419],[-82.21666,30.04533],[-82.21804,30.0433],[-82.21778,30.04177],[-82.22059,30.03807],[-82.22604,30.03398],[-82.23081,30.03294],[-82.23478,30.03109],[-82.23749,30.03148],[-82.23753,30.03034],[-82.23915,30.03062],[-82.23999,30.02963],[-82.24209,30.02942],[-82.24405,30.03039],[-82.24545,30.02925],[-82.25046,30.02907],[-82.25149,30.02803],[-82.25412,30.02876],[-82.25629,30.02789],[-82.25713,30.02864],[-82.25983,30.02827],[-82.26315,30.02133],[-82.26455,30.02157],[-82.26564,30.0207],[-82.26569,30.01569],[-82.26716,30.01347],[-82.26607,30.01274],[-82.27258,30.0056],[-82.272,30.00396],[-82.27318,29.99933],[-82.27457,29.9975],[-82.27415,29.997],[-82.27646,29.99571],[-82.27875,29.99159],[-82.27927,29.98865],[-82.28031,29.98844],[-82.28861,29.97907],[-82.29038,29.97916],[-82.2906,29.97582],[-82.29226,29.97442],[-82.29211,29.97365],[-82.2941,29.97354],[-82.29582,29.97224],[-82.29731,29.96901],[-82.30078,29.9676],[-82.30131,29.96551],[-82.30303,29.96423],[-82.30443,29.95882],[-82.3069,29.95646],[-82.31562,29.95451],[-82.31896,29.95451],[-82.32239,29.95561],[-82.32226,29.95399],[-82.3234,29.95492],[-82.32646,29.95492],[-82.3252,29.95607],[-82.32697,29.95805],[-82.32841,29.95827],[-82.3287,29.95766],[-82.33273,29.95981],[-82.33554,29.9591],[-82.33751,29.9605],[-82.34207,29.96142],[-82.34522,29.95679],[-82.34467,29.95196],[-82.34408,29.95165],[-82.34567,29.94917],[-82.34528,29.94629],[-82.3469,29.94539],[-82.34811,29.94346],[-82.34696,29.94259],[-82.34769,29.94173],[-82.34935,29.94207],[-82.34954,29.94066],[-82.35199,29.93961],[-82.3519,29.93727],[-82.35624,29.93572],[-82.35802,29.93357],[-82.36059,29.93331],[-82.36257,29.9342],[-82.37109,29.93531],[-82.37751,29.93327],[-82.3848,29.92783],[-82.39043,29.92557],[-82.39284,29.92537],[-82.39838,29.92695],[-82.40073,29.92615],[-82.40117,29.92696],[-82.40442,29.92528],[-82.40909,29.9271],[-82.41239,29.926],[-82.41565,29.92633],[-82.41873,29.92309],[-82.41658,29.92248],[-82.41639,29.92165],[-82.41573,29.92249],[-82.41261,29.92216],[-82.41326,29.92122],[-82.41101,29.92046],[-82.41236,29.92006],[-82.4109,29.91948],[-82.41128,29.91891],[-82.4103,29.91805],[-82.41114,29.91724],[-82.40873,29.91664],[-82.40954,29.91482],[-82.40766,29.91468],[-82.40769,29.91354],[-82.40663,29.91405],[-82.40548,29.91142],[-82.40706,29.91032],[-82.40586,29.90889],[-82.40653,29.90754],[-82.40444,29.90497],[-82.406,29.90407],[-82.40578,29.90252],[-82.40396,29.8996],[-82.40468,29.89817],[-82.40353,29.89777],[-82.40458,29.89606],[-82.40286,29.89579],[-82.4023,29.89384],[-82.40305,29.89335],[-82.40128,29.89283],[-82.40093,29.89003],[-82.39856,29.8893],[-82.39877,29.88732],[-82.3972,29.88764],[-82.39752,29.88607],[-82.39439,29.88659],[-82.39182,29.88414],[-82.38929,29.88461],[-82.38877,29.88413],[-82.38922,29.88301],[-82.3885,29.88305],[-82.38804,29.88154],[-82.38253,29.88093],[-82.38255,29.88162],[-82.38043,29.88171],[-82.37906,29.88265],[-82.37886,29.88072],[-82.3772,29.88139],[-82.375,29.87943],[-82.37225,29.87985],[-82.36952,29.87914],[-82.3677,29.88048],[-82.36283,29.8815],[-82.35909,29.87904],[-82.35823,29.87733],[-82.35374,29.87853],[-82.35136,29.8776],[-82.35032,29.8783],[-82.34812,29.87679],[-82.34327,29.87661],[-82.33496,29.87871],[-82.33394,29.87739],[-82.33288,29.87727],[-82.33361,29.87703],[-82.33316,29.87524],[-82.3293,29.87426],[-82.32669,29.8719],[-82.3262,29.86935],[-82.32342,29.86739],[-82.31418,29.8676],[-82.31391,29.85996],[-82.3052,29.85992],[-82.30503,29.85317],[-82.29576,29.85244],[-82.29488,29.85091],[-82.29292,29.85113],[-82.29076,29.84965],[-82.28966,29.84986],[-82.2897,29.84904],[-82.28628,29.84796],[-82.2842,29.84526],[-82.28302,29.84556],[-82.28184,29.84445],[-82.27969,29.84474],[-82.27656,29.84369],[-82.27508,29.84425],[-82.27256,29.84301],[-82.26958,29.84397],[-82.26944,29.84518],[-82.26709,29.84576],[-82.26776,29.84657],[-82.2654,29.84744],[-82.26356,29.84658],[-82.26038,29.84657],[-82.25435,29.84973],[-82.25,29.84997],[-82.24572,29.85212],[-82.24245,29.85246],[-82.23815,29.85075],[-82.23819,29.84904],[-82.23366,29.84898],[-82.23351,29.8453],[-82.21026,29.84531],[-82.21028,29.84428],[-82.2084,29.84395],[-82.20035,29.84765],[-82.19194,29.84842],[-82.19011,29.84802],[-82.18213,29.84068],[-82.17513,29.83734],[-82.17233,29.83706],[-82.16471,29.83956],[-82.16192,29.83874],[-82.14656,29.83871],[-82.14656,29.8359],[-82.13313,29.83595],[-82.13313,29.83081],[-82.13018,29.83082],[-82.12993,29.82368],[-82.12392,29.82369],[-82.12405,29.80529],[-82.12167,29.80533],[-82.1217,29.80185],[-82.11964,29.80185],[-82.11955,29.79822],[-82.1176,29.79819],[-82.11755,29.7906],[-82.10889,29.79071],[-82.10912,29.78308],[-82.10194,29.78369],[-82.09663,29.78063],[-82.0947,29.78061],[-82.09341,29.78179],[-82.09437,29.7803],[-82.09354,29.77917],[-82.0819,29.77821],[-82.07935,29.776],[-82.07889,29.7751],[-82.07964,29.77334],[-82.07827,29.77303],[-82.07981,29.77318],[-82.07985,29.7677],[-82.0807,29.76573],[-82.08213,29.76355],[-82.08714,29.76213],[-82.08805,29.76071],[-82.08619,29.7603],[-82.08266,29.76125],[-82.07788,29.76125],[-82.07314,29.76036],[-82.06714,29.75674],[-82.05807,29.74806],[-82.05453,29.73756],[-82.05502,29.73415],[-82.05399,29.72688],[-82.05562,29.71823],[-82.04924,29.71867],[-82.04611,29.74713],[-82.04833,29.93853],[-82.04845,29.97376],[-82.04768,29.99119],[-82.04881,30.01552],[-82.04943,30.14314],[-82.14258,30.14312],[-82.14288,30.1414],[-82.14557,30.13719],[-82.14579,30.13221],[-82.14447,30.13159],[-82.1407,30.13284],[-82.13786,30.12808],[-82.13866,30.12444],[-82.14237,30.1163],[-82.14607,30.11257],[-82.14734,30.10998],[-82.16992,30.0992],[-82.17021,30.09734],[-82.17285,30.09442],[-82.17415,30.09124],[-82.17549,30.08431],[-82.17515,30.08236],[-82.17665,30.08049],[-82.17774,30.07478],[-82.18022,30.07059],[-82.18399,30.06685]]]},"properties":{"name":"Bradford","key":"bradford","geoid":"12007"}},{"type":"Feature","geometry":{"type":"Polygon","coordinates":[[[-80.98725,28.613],[-80.98534,28.61136],[-80.98503,28.61274],[-80.98422,28.61268],[-80.98333,28.6097],[-80.98103,28.61115],[-80.9806,28.60958],[-80.97796,28.60913],[-80.97592,28.60782],[-80.97306,28.61137],[-80.97099,28.61115],[-80.97065,28.60858],[-80.96918,28.60788],[-80.96953,28.60519],[-80.96835,28.6042],[-80.9676,28.6052],[-80.96519,28.60438],[-80.96129,28.60545],[-80.96039,28.60495],[-80.95996,28.60292],[-80.95711,28.6019],[-80.95636,28.60214],[-80.95642,28.60389],[-80.95522,28.60356],[-80.95409,28.60495],[-80.95207,28.60423],[-80.95195,28.60223],[-80.95305,28.60066],[-80.95233,28.60006],[-80.95123,28.60047],[-80.95072,28.59963],[-80.9493,28.60037],[-80.94952,28.59848],[-80.94853,28.59881],[-80.94882,28.59794],[-80.94637,28.59694],[-80.94793,28.59564],[-80.94642,28.59574],[-80.94346,28.59389],[-80.94381,28.59266],[-80.94459,28.59303],[-80.94507,28.59238],[-80.9438,28.591],[-80.94473,28.58987],[-80.94428,28.58891],[-80.94556,28.58794],[-80.94544,28.5865],[-80.94709,28.58742],[-80.94632,28.58608],[-80.94716,28.58489],[-80.94476,28.58401],[-80.94586,28.58272],[-80.94395,28.58195],[-80.94425,28.58011],[-80.9426,28.5799],[-80.9415,28.57814],[-80.94044,28.57809],[-80.94027,28.57593],[-80.93906,28.57518],[-80.94034,28.5745],[-80.93935,28.57254],[-80.93746,28.57094],[-80.93588,28.57133],[-80.93407,28.56792],[-80.93282,28.56732],[-80.9331,28.56631],[-80.93188,28.56639],[-80.93194,28.56456],[-80.93001,28.56296],[-80.93218,28.5618],[-80.93165,28.55982],[-80.93427,28.55897],[-80.93168,28.55697],[-80.93174,28.55588],[-80.93419,28.5544],[-80.93325,28.55263],[-80.93367,28.55192],[-80.93263,28.5516],[-80.9343,28.5452],[-80.93213,28.54236],[-80.93425,28.54047],[-80.93583,28.54176],[-80.93921,28.5418],[-80.93939,28.53512],[-80.9378,28.53469],[-80.93722,28.53642],[-80.93626,28.53678],[-80.93524,28.5341],[-80.93407,28.5334],[-80.93287,28.53382],[-80.93218,28.5355],[-80.92824,28.53271],[-80.92338,28.53273],[-80.92107,28.52881],[-80.92064,28.5252],[-80.91752,28.52298],[-80.91631,28.52277],[-80.91141,28.52457],[-80.91056,28.5233],[-80.91251,28.52317],[-80.91199,28.52162],[-80.91008,28.52191],[-80.90726,28.52054],[-80.90684,28.51996],[-80.90796,28.51799],[-80.90572,28.51781],[-80.90555,28.51603],[-80.90713,28.51378],[-80.90561,28.51276],[-80.90663,28.51161],[-80.90446,28.51044],[-80.90337,28.5111],[-80.90152,28.51042],[-80.90009,28.51155],[-80.89885,28.50978],[-80.89591,28.50944],[-80.89339,28.51184],[-80.89192,28.51209],[-80.88574,28.51031],[-80.88331,28.50429],[-80.88103,28.50378],[-80.87987,28.50001],[-80.88027,28.49699],[-80.88373,28.496],[-80.88408,28.49487],[-80.88259,28.49149],[-80.88033,28.49112],[-80.87905,28.48981],[-80.87537,28.48973],[-80.87527,28.4887],[-80.87733,28.48797],[-80.87811,28.48673],[-80.87558,28.48585],[-80.87529,28.48355],[-80.87332,28.48206],[-80.87394,28.48022],[-80.87315,28.47855],[-80.87407,28.47792],[-80.87419,28.47634],[-80.87077,28.47156],[-80.87129,28.47076],[-80.87284,28.47107],[-80.87514,28.46884],[-80.87638,28.46941],[-80.8755,28.46993],[-80.87605,28.47088],[-80.87937,28.46968],[-80.87967,28.46832],[-80.88083,28.46833],[-80.88168,28.47037],[-80.88475,28.46872],[-80.88666,28.46961],[-80.88977,28.46649],[-80.89095,28.46688],[-80.89081,28.46838],[-80.89452,28.46704],[-80.89461,28.46532],[-80.89414,28.4646],[-80.89287,28.46497],[-80.89286,28.46403],[-80.89382,28.46319],[-80.89585,28.4632],[-80.89481,28.46195],[-80.89496,28.46038],[-80.89332,28.46002],[-80.89336,28.45904],[-80.8941,28.45802],[-80.89581,28.45796],[-80.89663,28.4566],[-80.89757,28.45776],[-80.89835,28.45508],[-80.89697,28.45466],[-80.89732,28.453],[-80.89586,28.45126],[-80.89203,28.4492],[-80.89012,28.44541],[-80.89389,28.44386],[-80.89308,28.44175],[-80.89405,28.44096],[-80.89426,28.43786],[-80.89515,28.43645],[-80.89671,28.43734],[-80.89699,28.43649],[-80.89823,28.4364],[-80.8969,28.43551],[-80.89893,28.43468],[-80.89957,28.43337],[-80.90127,28.43354],[-80.90034,28.43159],[-80.89926,28.43219],[-80.89899,28.43093],[-80.89845,28.43192],[-80.89677,28.42781],[-80.89706,28.42641],[-80.8987,28.42614],[-80.89638,28.42496],[-80.89687,28.42327],[-80.89576,28.42312],[-80.89555,28.42069],[-80.89642,28.4206],[-80.89589,28.4196],[-80.89637,28.4185],[-80.89507,28.418],[-80.89416,28.41914],[-80.89219,28.41837],[-80.89107,28.41619],[-80.88802,28.41569],[-80.88807,28.413],[-80.8849,28.41075],[-80.88475,28.40867],[-80.88299,28.40816],[-80.8832,28.40645],[-80.8849,28.40643],[-80.88649,28.40413],[-80.8855,28.4024],[-80.88665,28.39961],[-80.88451,28.39827],[-80.88451,28.39613],[-80.88679,28.39654],[-80.88749,28.39396],[-80.88962,28.39301],[-80.88785,28.38801],[-80.88848,28.38559],[-80.8859,28.38502],[-80.88144,28.38062],[-80.8796,28.38042],[-80.87952,28.37715],[-80.88193,28.37485],[-80.88014,28.37513],[-80.8803,28.37369],[-80.87929,28.3724],[-80.87783,28.37222],[-80.87558,28.37342],[-80.8731,28.37026],[-80.87239,28.36765],[-80.87382,28.36411],[-80.87358,28.36058],[-80.86865,28.35247],[-80.86278,28.34712],[-80.86139,28.25228],[-80.86288,28.08474],[-80.86931,28.08473],[-80.86928,28.0651],[-80.87014,28.05708],[-80.86953,28.04849],[-80.86997,27.98257],[-80.86888,27.82252],[-80.77009,27.82317],[-80.77011,27.82367],[-80.50907,27.82206],[-80.50733,27.82799],[-80.50534,27.82881],[-80.49682,27.83852],[-80.49427,27.84665],[-80.49479,27.85094],[-80.49358,27.85294],[-80.49108,27.8546],[-80.45464,27.85466],[-80.44709,27.86076],[-80.38507,27.86136],[-80.39944,27.89147],[-80.40602,27.9015],[-80.42901,27.94148],[-80.46054,28.0003],[-80.49977,28.07723],[-80.53417,28.23417],[-80.544,28.27109],[-80.53417,28.3357],[-80.51943,28.39108],[-80.49977,28.40954],[-80.4936,28.41305],[-80.48767,28.41835],[-80.48121,28.42551],[-80.47622,28.43413],[-80.47234,28.44341],[-80.46939,28.4531],[-80.4686,28.46308],[-80.47055,28.47233],[-80.47805,28.49245],[-80.50358,28.54036],[-80.51135,28.57523],[-80.51506,28.58771],[-80.52297,28.60824],[-80.52685,28.61452],[-80.53649,28.62527],[-80.62477,28.73531],[-80.66346,28.79059],[-80.80764,28.7914],[-80.96789,28.7902],[-80.96445,28.61304],[-80.98725,28.613]]]},"properties":{"name":"Brevard","key":"brevard","geoid":"12009"}},{"type":"Feature","geometry":{"type":"Polygon","coordinates":[[[-80.19084,25.97323],[-80.13398,25.97487],[-80.13315,25.97412],[-80.12387,25.97448],[-80.12331,25.9751],[-80.06289,25.97681],[-80.06107,25.98846],[-80.06022,26.00606],[-80.05453,26.07312],[-80.05129,26.08155],[-80.04954,26.09011],[-80.04969,26.10106],[-80.04654,26.13855],[-80.04279,26.15869],[-80.04139,26.17079],[-80.03787,26.18329],[-80.03811,26.19674],[-80.03563,26.20949],[-80.03132,26.22566],[-80.03042,26.23245],[-80.02717,26.2396],[-80.02505,26.24787],[-80.02208,26.28878],[-80.01528,26.32096],[-80.0879,26.32076],[-80.08913,26.32469],[-80.09197,26.32636],[-80.09488,26.32499],[-80.09643,26.3224],[-80.09862,26.32269],[-80.09913,26.3238],[-80.09836,26.3265],[-80.09999,26.32778],[-80.20408,26.32782],[-80.29705,26.35555],[-80.29699,26.33436],[-80.5399,26.3347],[-80.88128,26.33381],[-80.87971,26.25931],[-80.87936,26.18005],[-80.87256,26.00147],[-80.87293,25.97943],[-80.68004,25.97875],[-80.68002,25.95686],[-80.29497,25.95677],[-80.29519,25.97057],[-80.19084,25.97323]]]},"properties":{"name":"Broward","key":"broward","geoid":"12011"}},{"type":"Feature","geometry":{"type":"Polygon","coordinates":[[[-84.99228,30.51931],[-84.99002,30.5248],[-84.98462,30.53269],[-84.97372,30.55299],[-84.96282,30.56299],[-84.96152,30.56509],[-84.96172,30.56649],[-84.96532,30.57159],[-84.96542,30.58019],[-84.96212,30.58249],[-84.95582,30.57939],[-84.95232,30.57859],[-84.94682,30.57989],[-84.94512,30.58099],[-84.94352,30.58389],[-84.94572,30.59029],[-84.94492,30.59549],[-84.93642,30.59969],[-84.93252,30.60639],[-84.98302,30.60569],[-85.16771,30.60803],[-85.16518,30.60604],[-85.16515,30.60486],[-85.16705,30.60185],[-85.16694,30.59565],[-85.16964,30.5937],[-85.17238,30.58581],[-85.17205,30.58428],[-85.16948,30.58223],[-85.16924,30.58096],[-85.16962,30.57939],[-85.17108,30.57974],[-85.17261,30.57868],[-85.17257,30.57588],[-85.17361,30.57493],[-85.17359,30.56904],[-85.17202,30.56636],[-85.17189,30.56434],[-85.24992,30.56595],[-85.26725,30.56552],[-85.38395,30.56686],[-85.38656,30.42967],[-85.38826,30.41697],[-85.3884,30.31379],[-85.38918,30.28473],[-85.38869,30.26589],[-85.38962,30.25299],[-85.38968,30.20097],[-85.2174,30.20099],[-85.11566,30.19998],[-85.11531,30.20248],[-85.11919,30.20785],[-85.11823,30.21049],[-85.11647,30.21066],[-85.1118,30.2082],[-85.10992,30.2093],[-85.10947,30.21059],[-85.112,30.2161],[-85.1118,30.2174],[-85.11046,30.21837],[-85.10673,30.21701],[-85.1063,30.21432],[-85.10486,30.21263],[-85.10296,30.21173],[-85.10108,30.21204],[-85.09954,30.21371],[-85.10025,30.2173],[-85.09951,30.21966],[-85.0931,30.22075],[-85.09091,30.22242],[-85.09059,30.22364],[-85.09208,30.22757],[-85.09146,30.22936],[-85.08853,30.22967],[-85.08272,30.2283],[-85.0806,30.22902],[-85.07952,30.23039],[-85.07965,30.23155],[-85.08261,30.23461],[-85.08343,30.23715],[-85.08294,30.23911],[-85.07846,30.2425],[-85.07791,30.24434],[-85.07872,30.248],[-85.07831,30.24949],[-85.07677,30.25099],[-85.07512,30.25126],[-85.07312,30.24971],[-85.07003,30.24939],[-85.06926,30.2502],[-85.06861,30.25748],[-85.06774,30.25877],[-85.05971,30.26155],[-85.05942,30.26424],[-85.06337,30.26795],[-85.06395,30.27086],[-85.05907,30.27432],[-85.058,30.27609],[-85.06006,30.28187],[-85.05959,30.28503],[-85.05773,30.28608],[-85.05273,30.28697],[-85.05725,30.3013],[-85.05692,30.30346],[-85.05499,30.30483],[-85.05011,30.30273],[-85.04745,30.30307],[-85.04717,30.30422],[-85.05046,30.31013],[-85.05023,30.31127],[-85.04815,30.31267],[-85.03911,30.30993],[-85.03656,30.31037],[-85.03429,30.31248],[-85.03494,30.31511],[-85.04218,30.31739],[-85.04627,30.32017],[-85.04652,30.32226],[-85.04438,30.32636],[-85.04427,30.32879],[-85.04974,30.33654],[-85.04997,30.33817],[-85.04917,30.34003],[-85.04549,30.34367],[-85.04277,30.35247],[-85.04038,30.35572],[-85.03726,30.35801],[-85.0279,30.36084],[-85.02601,30.36304],[-85.02648,30.36477],[-85.02743,30.36516],[-85.03729,30.36503],[-85.03857,30.36563],[-85.04051,30.36887],[-85.0402,30.37209],[-85.03724,30.3752],[-85.03124,30.37866],[-85.02867,30.37783],[-85.02725,30.37595],[-85.0251,30.37584],[-85.02243,30.38067],[-85.01525,30.38582],[-85.01461,30.38739],[-85.01457,30.39427],[-85.01557,30.39617],[-85.02741,30.3982],[-85.0293,30.39981],[-85.02988,30.40327],[-85.0273,30.4056],[-85.01593,30.408],[-85.01427,30.40902],[-85.01366,30.41065],[-85.01553,30.41317],[-85.0181,30.4136],[-85.02456,30.41251],[-85.02942,30.41301],[-85.03166,30.41551],[-85.03286,30.41832],[-85.03293,30.4203],[-85.03188,30.42265],[-85.02437,30.42911],[-85.01518,30.43436],[-84.9997,30.43751],[-84.98949,30.44107],[-84.9832,30.44184],[-84.98123,30.44413],[-84.98084,30.44546],[-84.98281,30.44763],[-84.98631,30.44737],[-84.99055,30.44536],[-84.99541,30.4451],[-84.99992,30.44701],[-85.00153,30.44978],[-85.00153,30.45289],[-84.99992,30.4562],[-84.99186,30.46307],[-84.98744,30.4649],[-84.98668,30.46655],[-84.98669,30.46958],[-84.98831,30.47212],[-84.99578,30.47177],[-84.99992,30.47242],[-85.00373,30.47468],[-85.00431,30.47621],[-85.00324,30.47881],[-84.99576,30.48599],[-84.99446,30.48908],[-84.99381,30.49555],[-84.99162,30.50059],[-84.99101,30.50429],[-84.99292,30.5147],[-84.99228,30.51931]]]},"properties":{"name":"Calhoun","key":"calhoun","geoid":"12013"}},{"type":"Feature","geometry":{"type":"Polygon","coordinates":[[[-82.25533,27.00559],[-82.25552,26.94526],[-82.56586,26.94731],[-82.54475,26.90804],[-82.52699,26.88198],[-82.49878,26.83573],[-82.47786,26.80631],[-82.46201,26.78743],[-82.26468,26.78943],[-82.24564,26.78639],[-82.23105,26.78265],[-82.22149,26.78175],[-82.21812,26.77979],[-82.20879,26.77172],[-82.20556,26.77053],[-81.56575,26.7696],[-81.56262,27.03384],[-81.66192,27.03344],[-81.98324,27.03525],[-81.99252,27.0317],[-82.25517,27.03302],[-82.25533,27.00559]]]},"properties":{"name":"Charlotte","key":"charlotte","geoid":"12015"}},{"type":"Feature","geometry":{"type":"Polygon","coordinates":[[[-83.18791,28.98657],[-83.16027,28.96888],[-83.13532,28.95752],[-83.11028,28.95025],[-83.08218,28.94619],[-83.03237,28.94502],[-83.00158,28.9473],[-82.98481,28.95027],[-82.97255,28.95345],[-82.9587,28.95813],[-82.94557,28.96375],[-82.947,28.94983],[-82.94688,28.93477],[-82.94508,28.91996],[-82.94177,28.90683],[-82.9369,28.89274],[-82.93171,28.88145],[-82.92429,28.86869],[-82.9158,28.8565],[-82.92312,28.83573],[-82.92718,28.81358],[-82.92778,28.79747],[-82.92539,28.77548],[-82.92248,28.76343],[-82.91699,28.74806],[-82.90196,28.71754],[-82.89042,28.7],[-82.88954,28.69321],[-82.41835,28.69486],[-82.418,28.66592],[-82.37479,28.66567],[-82.32275,28.66685],[-82.26884,28.6669],[-82.26305,28.66763],[-82.26177,28.66899],[-82.26025,28.67296],[-82.25953,28.67926],[-82.25997,28.68272],[-82.25706,28.68722],[-82.25374,28.68994],[-82.25347,28.69257],[-82.25076,28.69644],[-82.25015,28.69929],[-82.24847,28.70186],[-82.24912,28.70365],[-82.25117,28.70541],[-82.24893,28.7074],[-82.25091,28.70944],[-82.25114,28.71093],[-82.24934,28.71349],[-82.24908,28.71777],[-82.24627,28.71889],[-82.24278,28.72311],[-82.23845,28.72511],[-82.2365,28.72815],[-82.23268,28.73071],[-82.23136,28.73608],[-82.22787,28.73793],[-82.22441,28.74106],[-82.21859,28.74402],[-82.21688,28.74812],[-82.21322,28.74767],[-82.21089,28.75381],[-82.20848,28.75524],[-82.20775,28.75662],[-82.20617,28.75716],[-82.20385,28.75664],[-82.20166,28.75776],[-82.19902,28.75731],[-82.19506,28.76016],[-82.18871,28.75907],[-82.18481,28.76177],[-82.18323,28.76385],[-82.18224,28.76888],[-82.18824,28.77166],[-82.18793,28.77776],[-82.18445,28.78311],[-82.17971,28.78488],[-82.178,28.78732],[-82.17356,28.78866],[-82.16929,28.79193],[-82.16978,28.79672],[-82.17931,28.80332],[-82.17948,28.80636],[-82.18121,28.80917],[-82.18146,28.81322],[-82.18276,28.817],[-82.1826,28.82179],[-82.18364,28.82363],[-82.18633,28.82609],[-82.19121,28.82683],[-82.19607,28.83021],[-82.19896,28.8308],[-82.20498,28.83475],[-82.20657,28.83782],[-82.20693,28.84055],[-82.21223,28.84273],[-82.21922,28.85076],[-82.22716,28.8551],[-82.23195,28.85658],[-82.23674,28.86128],[-82.23616,28.8636],[-82.23696,28.86516],[-82.24014,28.86679],[-82.23924,28.87027],[-82.24144,28.8733],[-82.24253,28.87681],[-82.24442,28.87711],[-82.24625,28.87941],[-82.25103,28.88115],[-82.2613,28.88882],[-82.26566,28.89034],[-82.27007,28.89522],[-82.27358,28.89722],[-82.27625,28.90167],[-82.27473,28.90335],[-82.27617,28.90474],[-82.27732,28.91055],[-82.28218,28.91469],[-82.28193,28.91783],[-82.28413,28.9213],[-82.2844,28.92318],[-82.28834,28.92807],[-82.28999,28.93559],[-82.29225,28.93724],[-82.29594,28.9384],[-82.29486,28.94269],[-82.29766,28.949],[-82.30239,28.95226],[-82.30511,28.95254],[-82.31127,28.95843],[-82.31225,28.96664],[-82.3134,28.96948],[-82.31562,28.97088],[-82.31584,28.97327],[-82.31927,28.97441],[-82.31983,28.97312],[-82.32106,28.97349],[-82.32108,28.97528],[-82.32289,28.97512],[-82.32324,28.97609],[-82.32733,28.97881],[-82.32967,28.97895],[-82.33261,28.98239],[-82.33394,28.98152],[-82.33534,28.98312],[-82.33716,28.98352],[-82.34157,28.98788],[-82.34581,28.9871],[-82.34929,28.98839],[-82.35239,28.99124],[-82.35596,28.99154],[-82.35783,28.99325],[-82.36139,28.99351],[-82.36214,28.99583],[-82.36328,28.99677],[-82.36183,28.99831],[-82.36338,28.99937],[-82.36441,29.00126],[-82.36392,29.00192],[-82.36484,29.0024],[-82.36641,29.00262],[-82.369,29.00103],[-82.36961,29.0018],[-82.37406,29.00236],[-82.37735,29.00064],[-82.37879,29.00273],[-82.37807,29.00479],[-82.38516,29.0077],[-82.38687,29.00926],[-82.39043,29.00794],[-82.39032,29.00962],[-82.391,29.00985],[-82.39196,29.00837],[-82.3935,29.00801],[-82.39489,29.01015],[-82.39758,29.01149],[-82.39713,29.0128],[-82.39514,29.0134],[-82.39504,29.01454],[-82.39814,29.01534],[-82.39734,29.01698],[-82.4018,29.01576],[-82.4023,29.01659],[-82.40164,29.019],[-82.40327,29.01886],[-82.40502,29.01669],[-82.40838,29.01702],[-82.40968,29.0152],[-82.41866,29.01313],[-82.42033,29.01462],[-82.41969,29.01804],[-82.42545,29.01906],[-82.42501,29.02169],[-82.42953,29.02119],[-82.42914,29.02274],[-82.43112,29.02307],[-82.42983,29.02404],[-82.43238,29.02509],[-82.43227,29.02767],[-82.43442,29.02661],[-82.43636,29.02715],[-82.4352,29.02962],[-82.43619,29.03006],[-82.43743,29.0292],[-82.4392,29.03309],[-82.44131,29.03238],[-82.44235,29.03404],[-82.44178,29.03548],[-82.4444,29.03602],[-82.45149,29.04007],[-82.45366,29.03977],[-82.45835,29.04435],[-82.45857,29.04765],[-82.46378,29.04466],[-82.46705,29.04803],[-82.47055,29.04658],[-82.47341,29.0488],[-82.47292,29.0512],[-82.47638,29.05106],[-82.47789,29.05257],[-82.48206,29.05248],[-82.48394,29.0511],[-82.48807,29.05145],[-82.48859,29.05014],[-82.48722,29.04887],[-82.48744,29.04804],[-82.48976,29.0484],[-82.49368,29.04656],[-82.49764,29.04218],[-82.50135,29.04105],[-82.50272,29.04165],[-82.50813,29.03748],[-82.51004,29.03786],[-82.50861,29.04033],[-82.5098,29.0415],[-82.51177,29.0412],[-82.51193,29.04337],[-82.51694,29.0442],[-82.51703,29.04205],[-82.52048,29.03979],[-82.52236,29.03964],[-82.52329,29.04019],[-82.52347,29.04218],[-82.52501,29.04059],[-82.52569,29.04086],[-82.52506,29.04301],[-82.52776,29.04253],[-82.53038,29.04363],[-82.53193,29.04106],[-82.53512,29.04093],[-82.53376,29.04341],[-82.53448,29.04453],[-82.53648,29.04482],[-82.53717,29.04431],[-82.53661,29.04296],[-82.53809,29.04225],[-82.54174,29.04205],[-82.54303,29.04272],[-82.54582,29.04179],[-82.55602,29.03386],[-82.55777,29.03377],[-82.55852,29.0353],[-82.56147,29.03467],[-82.56414,29.03582],[-82.5663,29.03439],[-82.5722,29.0327],[-82.5748,29.02912],[-82.57697,29.02806],[-82.58359,29.02798],[-82.59522,29.02987],[-82.59788,29.02793],[-82.60168,29.02129],[-82.602,29.01917],[-82.60072,29.01639],[-82.60213,29.01345],[-82.60747,29.01044],[-82.61265,29.00927],[-82.61822,29.01029],[-82.62096,29.0125],[-82.62297,29.01248],[-82.62542,29.01378],[-82.62857,29.0137],[-82.63066,29.01639],[-82.63358,29.01615],[-82.63485,29.01802],[-82.63663,29.01749],[-82.63846,29.01801],[-82.64049,29.02147],[-82.64407,29.02008],[-82.64695,29.0217],[-82.64872,29.02182],[-82.64954,29.02095],[-82.65269,29.02304],[-82.65743,29.02219],[-82.65968,29.02358],[-82.6648,29.02381],[-82.66631,29.02493],[-82.67518,29.02608],[-82.6771,29.03056],[-82.68354,29.03056],[-82.68981,29.03396],[-82.69283,29.03259],[-82.69602,29.03313],[-82.69702,29.03173],[-82.70103,29.03196],[-82.70283,29.03282],[-82.70553,29.03077],[-82.70818,29.03147],[-82.71153,29.03099],[-82.72001,29.02557],[-82.7211,29.0235],[-82.7222,29.02319],[-82.72692,29.01787],[-82.72808,29.01482],[-82.73347,29.01495],[-82.73721,29.01241],[-82.741,29.01207],[-82.74274,29.01018],[-82.74189,29.00866],[-82.74232,29.00802],[-82.74488,29.00757],[-82.7492,29.00449],[-82.75542,29.00187],[-82.75475,28.9975],[-82.75929,28.99247],[-82.76157,28.99209],[-83.18791,28.98657]]]},"properties":{"name":"Citrus","key":"citrus","geoid":"12017"}},{"type":"Feature","geometry":{"type":"Polygon","coordinates":[[[-81.79723,29.83665],[-81.58121,29.84018],[-81.59901,29.87542],[-81.60761,29.90566],[-81.60835,29.91171],[-81.60804,29.91756],[-81.59986,29.93655],[-81.59874,29.94104],[-81.60045,29.95454],[-81.60487,29.9635],[-81.61205,29.972],[-81.62468,29.9815],[-81.66653,30.00462],[-81.67824,30.01223],[-81.68494,30.01977],[-81.68888,30.02857],[-81.69047,30.04321],[-81.68958,30.06088],[-81.68821,30.0666],[-81.68332,30.07545],[-81.68056,30.08265],[-81.68007,30.08662],[-81.68174,30.10618],[-81.67997,30.11912],[-81.68022,30.12124],[-81.69182,30.14234],[-81.69212,30.14474],[-81.69022,30.16134],[-81.69052,30.17194],[-81.68172,30.18144],[-81.67963,30.19049],[-81.70263,30.19148],[-81.70378,30.18986],[-81.70351,30.18902],[-81.70636,30.1896],[-81.7088,30.19121],[-81.72532,30.19101],[-81.73349,30.19347],[-81.73892,30.18932],[-81.85241,30.18847],[-81.95499,30.18633],[-82.04941,30.18693],[-82.0492,30.05608],[-82.04881,30.01552],[-82.04768,29.99119],[-82.04845,29.97376],[-82.04833,29.93853],[-82.04611,29.74713],[-82.04924,29.71867],[-82.02892,29.71868],[-82.02491,29.72524],[-82.00707,29.73949],[-81.99451,29.74306],[-81.99107,29.74395],[-81.98586,29.74365],[-81.98591,29.74498],[-81.97623,29.74711],[-81.93943,29.7475],[-81.93111,29.75613],[-81.92909,29.75936],[-81.92754,29.76879],[-81.92504,29.77407],[-81.9235,29.78092],[-81.92022,29.78616],[-81.91419,29.7914],[-81.90951,29.79352],[-81.90474,29.79307],[-81.90019,29.79413],[-81.89045,29.79828],[-81.87033,29.80087],[-81.86199,29.80019],[-81.85999,29.80268],[-81.85334,29.80697],[-81.84766,29.80924],[-81.837,29.81614],[-81.82789,29.82442],[-81.82187,29.82634],[-81.81914,29.83024],[-81.81243,29.83649],[-81.79723,29.83665]]]},"properties":{"name":"Clay","key":"clay","geoid":"12019"}},{"type":"Feature","geometry":{"type":"Polygon","coordinates":[[[-81.62488,25.80248],[-81.45291,25.80369],[-81.35049,25.80324],[-81.25949,25.80422],[-81.10048,25.80332],[-80.8731,25.80538],[-80.8736,25.9083],[-80.87256,26.00147],[-80.87919,26.17342],[-80.87971,26.25931],[-80.97664,26.25717],[-81.1229,26.25578],[-81.26824,26.25307],[-81.272,26.42101],[-81.27177,26.51707],[-81.45133,26.51548],[-81.46627,26.51384],[-81.48252,26.51354],[-81.56376,26.51333],[-81.56218,26.42263],[-81.65951,26.42108],[-81.6579,26.31756],[-81.81902,26.31624],[-81.81912,26.33042],[-82.24495,26.32983],[-82.22433,26.31439],[-82.20009,26.30136],[-82.16932,26.28846],[-82.14083,26.27937],[-82.12479,26.27571],[-82.09455,26.27224],[-82.06357,26.27225],[-82.04907,26.27355],[-82.03337,26.27625],[-82.00546,26.28443],[-81.99726,26.26434],[-81.99459,26.25189],[-81.99005,26.23717],[-81.98529,26.21318],[-81.98327,26.19466],[-81.9806,26.15555],[-81.97792,26.14175],[-81.97343,26.12675],[-81.96964,26.09647],[-81.9686,26.07354],[-81.96623,26.06049],[-81.96328,26.04973],[-81.95583,26.03109],[-81.9478,26.01663],[-81.93883,25.99637],[-81.92578,25.9721],[-81.91843,25.95273],[-81.91715,25.93561],[-81.91469,25.92202],[-81.91037,25.90727],[-81.90498,25.89415],[-81.89583,25.87762],[-81.89038,25.87148],[-81.88395,25.85356],[-81.87372,25.83412],[-81.86238,25.81831],[-81.85064,25.80546],[-81.84821,25.80078],[-81.62488,25.80248]]]},"properties":{"name":"Collier","key":"collier","geoid":"12021"}},{"type":"Feature","geometry":{"type":"Polygon","coordinates":[[[-82.72862,30.52574],[-82.72531,30.52144],[-82.7236,30.51745],[-82.72188,30.51792],[-82.72019,30.5213],[-82.7184,30.52102],[-82.71821,30.5171],[-82.71614,30.5125],[-82.71661,30.50793],[-82.71578,30.50589],[-82.71443,30.50547],[-82.70861,30.50671],[-82.7062,30.5045],[-82.7058,30.50244],[-82.70841,30.49843],[-82.70782,30.49682],[-82.70498,30.49486],[-82.70623,30.4925],[-82.70133,30.49022],[-82.69796,30.49033],[-82.69675,30.48962],[-82.69678,30.48452],[-82.7024,30.48346],[-82.69956,30.47968],[-82.69977,30.47901],[-82.7018,30.47854],[-82.70158,30.47741],[-82.69783,30.47469],[-82.68882,30.47207],[-82.6818,30.47104],[-82.67742,30.47201],[-82.67673,30.47051],[-82.67738,30.46772],[-82.67553,30.46526],[-82.6808,30.46459],[-82.68021,30.46101],[-82.67289,30.45566],[-82.67119,30.45334],[-82.66555,30.45345],[-82.66328,30.45205],[-82.66214,30.45003],[-82.66229,30.44875],[-82.6663,30.45131],[-82.66791,30.44989],[-82.66828,30.44688],[-82.66985,30.44703],[-82.67,30.44836],[-82.671,30.44911],[-82.67236,30.44898],[-82.67289,30.44808],[-82.67095,30.44478],[-82.6663,30.44265],[-82.66199,30.43901],[-82.6609,30.43903],[-82.6601,30.441],[-82.65912,30.44076],[-82.65792,30.43753],[-82.65538,30.43441],[-82.65631,30.4322],[-82.6525,30.42887],[-82.6525,30.42807],[-82.65435,30.42666],[-82.65312,30.42508],[-82.65383,30.42184],[-82.64918,30.41823],[-82.64937,30.41723],[-82.65153,30.41561],[-82.64994,30.40997],[-82.64815,30.40837],[-82.64588,30.4081],[-82.64551,30.40677],[-82.64708,30.40077],[-82.6467,30.39736],[-82.64731,30.39464],[-82.64995,30.3919],[-82.65394,30.39106],[-82.65804,30.39133],[-82.65869,30.38946],[-82.65817,30.38594],[-82.65921,30.38268],[-82.66542,30.37924],[-82.66511,30.37511],[-82.66243,30.37002],[-82.66578,30.36697],[-82.6747,30.36453],[-82.67579,30.36359],[-82.67599,30.36217],[-82.68158,30.35848],[-82.68332,30.35443],[-82.68687,30.35369],[-82.68393,30.34651],[-82.68187,30.34451],[-82.68147,30.34281],[-82.68381,30.33832],[-82.68898,30.33507],[-82.68992,30.33311],[-82.69391,30.33205],[-82.69959,30.33368],[-82.70313,30.33261],[-82.7105,30.32821],[-82.7132,30.32574],[-82.71541,30.32181],[-82.71701,30.32114],[-82.72149,30.32439],[-82.72482,30.32829],[-82.72479,30.32949],[-82.72247,30.33225],[-82.72306,30.33355],[-82.72464,30.3338],[-82.73655,30.32835],[-82.73811,30.32664],[-82.73982,30.32159],[-82.74388,30.31968],[-82.74541,30.31737],[-82.74718,30.31763],[-82.75009,30.31966],[-82.75319,30.31956],[-82.76075,30.32426],[-82.76137,30.32563],[-82.75959,30.32816],[-82.76323,30.33091],[-82.76546,30.33027],[-82.76956,30.32688],[-82.77743,30.32329],[-82.77957,30.32496],[-82.78843,30.32398],[-82.78787,30.32641],[-82.789,30.32777],[-82.79222,30.32645],[-82.793,30.32692],[-82.79349,30.33323],[-82.7921,30.33585],[-82.79459,30.33702],[-82.79496,30.11639],[-82.79398,29.9862],[-82.76041,29.98621],[-82.76039,29.98207],[-82.75878,29.98009],[-82.7593,29.97735],[-82.75858,29.97571],[-82.762,29.96458],[-82.76698,29.96314],[-82.76963,29.96102],[-82.77221,29.9603],[-82.7732,29.95904],[-82.77388,29.95958],[-82.77916,29.95801],[-82.78325,29.95459],[-82.78576,29.95488],[-82.78597,29.95282],[-82.78808,29.95114],[-82.78849,29.94883],[-82.78975,29.94793],[-82.78955,29.94637],[-82.79191,29.94401],[-82.79145,29.9421],[-82.79555,29.93991],[-82.79685,29.93754],[-82.79873,29.93612],[-82.7989,29.93364],[-82.80048,29.93213],[-82.79719,29.93287],[-82.79417,29.93138],[-82.79318,29.93449],[-82.79114,29.93548],[-82.78929,29.93263],[-82.78556,29.93337],[-82.78409,29.93286],[-82.78312,29.92933],[-82.78049,29.92575],[-82.7784,29.92735],[-82.77663,29.92673],[-82.77291,29.92825],[-82.76986,29.92781],[-82.77007,29.9264],[-82.77238,29.92474],[-82.77107,29.92225],[-82.77141,29.91787],[-82.77242,29.9169],[-82.77237,29.91451],[-82.77435,29.91244],[-82.7733,29.91023],[-82.77106,29.90845],[-82.76598,29.90849],[-82.76502,29.90777],[-82.76743,29.90635],[-82.76703,29.90105],[-82.76851,29.89986],[-82.7693,29.89771],[-82.76845,29.89701],[-82.76241,29.89704],[-82.75903,29.89894],[-82.75793,29.89822],[-82.75737,29.89588],[-82.75365,29.8935],[-82.75191,29.88624],[-82.75326,29.88405],[-82.75285,29.88021],[-82.74779,29.87656],[-82.74777,29.87354],[-82.74489,29.86939],[-82.74159,29.86713],[-82.74038,29.86515],[-82.73737,29.86509],[-82.73624,29.86013],[-82.73294,29.85647],[-82.73018,29.85669],[-82.72596,29.85438],[-82.72085,29.85337],[-82.71929,29.85187],[-82.71605,29.85064],[-82.71462,29.84883],[-82.70924,29.84743],[-82.70901,29.84673],[-82.71043,29.84644],[-82.71045,29.84571],[-82.70764,29.84348],[-82.70655,29.8415],[-82.70426,29.84061],[-82.7042,29.83826],[-82.70202,29.83908],[-82.69986,29.83694],[-82.69773,29.83657],[-82.69449,29.8344],[-82.68265,29.83274],[-82.6778,29.83275],[-82.6773,29.83361],[-82.67583,29.83363],[-82.67376,29.83336],[-82.67018,29.83135],[-82.66688,29.83196],[-82.66054,29.82966],[-82.65682,29.83001],[-82.65456,29.82905],[-82.65332,29.82648],[-82.65149,29.82559],[-82.64138,29.82742],[-82.64063,29.82885],[-82.63521,29.83295],[-82.63453,29.83442],[-82.63485,29.83894],[-82.6305,29.84315],[-82.6321,29.84681],[-82.63125,29.84911],[-82.62204,29.84851],[-82.61924,29.84717],[-82.61768,29.84735],[-82.61781,29.85023],[-82.62239,29.85209],[-82.62288,29.85335],[-82.61974,29.85911],[-82.61645,29.85779],[-82.61108,29.85212],[-82.60808,29.85312],[-82.60628,29.85286],[-82.60346,29.85497],[-82.60214,29.85789],[-82.59986,29.85898],[-82.59655,29.8591],[-82.5929,29.86193],[-82.59088,29.86631],[-82.58648,29.8667],[-82.58956,29.87045],[-82.5898,29.87293],[-82.59234,29.87322],[-82.59255,29.88752],[-82.58,29.88764],[-82.58003,29.89485],[-82.57588,29.89486],[-82.57597,29.91309],[-82.5794,29.91418],[-82.57854,29.91565],[-82.57176,29.91826],[-82.56786,29.9172],[-82.56629,29.91933],[-82.56652,29.92075],[-82.5649,29.92017],[-82.56399,29.92091],[-82.56442,29.92194],[-82.56274,29.92142],[-82.56093,29.92215],[-82.5622,29.92287],[-82.56084,29.92492],[-82.55474,29.92854],[-82.55088,29.9286],[-82.54813,29.92557],[-82.54155,29.92549],[-82.53957,29.92887],[-82.5339,29.9299],[-82.53124,29.93146],[-82.52944,29.93428],[-82.52927,29.93676],[-82.53026,29.93914],[-82.5297,29.94139],[-82.53111,29.94841],[-82.53013,29.9496],[-82.53004,29.95175],[-82.53102,29.95575],[-82.5333,29.95836],[-82.53876,29.96111],[-82.54082,29.96301],[-82.54398,29.96344],[-82.55058,29.96273],[-82.5548,29.96361],[-82.55671,29.96876],[-82.56938,29.97516],[-82.57001,29.9794],[-82.57095,29.97916],[-82.57101,29.981],[-82.5725,29.98171],[-82.5728,29.98324],[-82.57375,29.98387],[-82.57297,29.98691],[-82.57382,29.98685],[-82.57432,29.98889],[-82.5753,29.98868],[-82.57614,29.99116],[-82.57451,29.99175],[-82.57355,29.99321],[-82.57365,29.99746],[-82.57215,29.99871],[-82.57176,30.00058],[-82.57224,30.00595],[-82.57364,30.00786],[-82.57305,30.01078],[-82.57047,30.01083],[-82.57083,30.0113],[-82.56824,30.01325],[-82.56566,30.01343],[-82.56261,30.01613],[-82.55827,30.01567],[-82.55269,30.01911],[-82.54868,30.02023],[-82.54486,30.02002],[-82.54025,30.02208],[-82.54038,30.02392],[-82.53644,30.0254],[-82.53649,30.02654],[-82.53457,30.02796],[-82.53501,30.02961],[-82.53431,30.03092],[-82.53522,30.03241],[-82.5384,30.0337],[-82.53978,30.03587],[-82.53883,30.04016],[-82.53794,30.04066],[-82.53906,30.04138],[-82.53916,30.04417],[-82.53731,30.04675],[-82.53726,30.04903],[-82.53656,30.04965],[-82.53709,30.05044],[-82.53528,30.0519],[-82.53569,30.05452],[-82.53153,30.05962],[-82.53186,30.06125],[-82.52837,30.06384],[-82.5222,30.07217],[-82.51644,30.07826],[-82.51351,30.07936],[-82.51173,30.08121],[-82.50342,30.08454],[-82.49904,30.08882],[-82.48962,30.08977],[-82.48514,30.09134],[-82.48106,30.09408],[-82.47383,30.09507],[-82.47054,30.09679],[-82.46722,30.09728],[-82.45821,30.10227],[-82.45599,30.10558],[-82.45454,30.11605],[-82.45252,30.12389],[-82.45826,30.12899],[-82.45856,30.14389],[-82.45748,30.25691],[-82.45832,30.44276],[-82.45707,30.44276],[-82.45979,30.58427],[-82.68954,30.59773],[-82.69185,30.59457],[-82.6949,30.59485],[-82.69635,30.59626],[-82.69752,30.59473],[-82.696,30.59311],[-82.69612,30.59163],[-82.69791,30.59105],[-82.69926,30.58932],[-82.70099,30.58936],[-82.70332,30.58638],[-82.70666,30.58432],[-82.70345,30.58156],[-82.70617,30.57475],[-82.71703,30.56965],[-82.71819,30.56827],[-82.71801,30.56719],[-82.71693,30.56682],[-82.7156,30.56861],[-82.71494,30.56757],[-82.71587,30.56544],[-82.7185,30.56315],[-82.72206,30.56333],[-82.72394,30.56489],[-82.72467,30.56431],[-82.72451,30.56335],[-82.723,30.56256],[-82.7228,30.56077],[-82.72456,30.55945],[-82.72645,30.55962],[-82.72682,30.55781],[-82.726,30.5565],[-82.72412,30.55562],[-82.72412,30.554],[-82.72088,30.55402],[-82.72073,30.55155],[-82.72286,30.55045],[-82.72254,30.54795],[-82.72149,30.5468],[-82.7215,30.54511],[-82.71923,30.54333],[-82.71938,30.54176],[-82.71663,30.54137],[-82.71707,30.54002],[-82.71435,30.53219],[-82.7169,30.53074],[-82.72066,30.53014],[-82.72691,30.53102],[-82.7278,30.53026],[-82.72753,30.52747],[-82.72862,30.52574]]]},"properties":{"name":"Columbia","key":"columbia","geoid":"12023"}},{"type":"Feature","geometry":{"type":"Polygon","coordinates":[[[-81.77169,27.03391],[-81.56262,27.03384],[-81.56406,27.34064],[-81.85883,27.34026],[-81.85894,27.33671],[-82.05575,27.33826],[-82.05763,27.12533],[-82.05751,27.03212],[-81.99252,27.0317],[-81.98324,27.03525],[-81.77169,27.03391]]]},"properties":{"name":"DeSoto","key":"desoto","geoid":"12027"}},{"type":"Feature","geometry":{"type":"MultiPolygon","coordinates":[[[[-82.93733,29.5912],[-82.93919,29.5932],[-82.94181,29.59322],[-82.94626,29.58971],[-82.94883,29.58542],[-82.95216,29.58447],[-82.95549,29.58611],[-82.95788,29.58888],[-82.96026,29.59352],[-82.96243,29.60191],[-82.97216,29.60897],[-82.97236,29.61105],[-82.9677,29.61655],[-82.97213,29.62096],[-82.97305,29.62428],[-82.96864,29.63047],[-82.95635,29.63957],[-82.95581,29.64373],[-82.95755,29.65535],[-82.95708,29.65655],[-82.95265,29.65843],[-82.95182,29.65981],[-82.95183,29.66186],[-82.95317,29.6648],[-82.95922,29.67047],[-82.95863,29.67182],[-82.95515,29.67472],[-82.95437,29.67667],[-82.95477,29.67905],[-82.95837,29.68202],[-82.95941,29.68432],[-82.95651,29.69168],[-82.95768,29.69826],[-82.95738,29.7005],[-82.95571,29.70255],[-82.95205,29.70397],[-82.94783,29.7005],[-82.94534,29.69994],[-82.93932,29.70093],[-82.93697,29.70323],[-82.93789,29.70456],[-82.9433,29.7049],[-82.94746,29.71219],[-82.95354,29.71422],[-82.95564,29.71627],[-82.95659,29.71872],[-82.95612,29.72105],[-82.9538,29.72245],[-82.94644,29.71498],[-82.9448,29.71488],[-82.94346,29.71643],[-82.94277,29.7204],[-82.94328,29.72182],[-82.94912,29.72318],[-82.94989,29.72557],[-82.94472,29.73291],[-82.94088,29.74159],[-82.93887,29.74368],[-82.93866,29.74968],[-82.93985,29.75317],[-82.94134,29.75404],[-82.94275,29.75428],[-82.94606,29.75282],[-82.94917,29.75371],[-82.94996,29.75547],[-82.94968,29.75792],[-82.94788,29.76231],[-82.94762,29.76611],[-82.94123,29.77284],[-82.93678,29.78466],[-82.935,29.7864],[-82.92472,29.79169],[-82.91999,29.79522],[-82.91978,29.79673],[-82.92158,29.79846],[-82.92592,29.80008],[-82.93136,29.80039],[-82.93342,29.80145],[-82.93487,29.80386],[-82.93556,29.80808],[-82.9338,29.81258],[-82.93002,29.81851],[-82.92585,29.8223],[-82.92061,29.82414],[-82.95907,29.82401],[-82.9592,29.82541],[-82.96173,29.82545],[-83.31886,29.82262],[-83.31946,29.77833],[-83.3214,29.77831],[-83.3237,29.77476],[-83.32662,29.77363],[-83.32676,29.77212],[-83.32547,29.77092],[-83.32612,29.77064],[-83.32597,29.76952],[-83.32781,29.76887],[-83.32857,29.7677],[-83.32846,29.76576],[-83.33068,29.76488],[-83.33144,29.76208],[-83.33457,29.76168],[-83.33689,29.7604],[-83.33891,29.75676],[-83.33923,29.75441],[-83.34171,29.75095],[-83.34222,29.74641],[-83.34568,29.74349],[-83.34327,29.73713],[-83.34375,29.7354],[-83.34764,29.73386],[-83.34776,29.73209],[-83.3449,29.72681],[-83.34703,29.72351],[-83.3474,29.72134],[-83.34606,29.71951],[-83.34728,29.71749],[-83.34711,29.7146],[-83.34879,29.71403],[-83.35014,29.7124],[-83.35137,29.70669],[-83.35182,29.70098],[-83.35061,29.6979],[-83.35074,29.6953],[-83.35283,29.69309],[-83.35784,29.68457],[-83.35929,29.68384],[-83.36189,29.67895],[-83.36522,29.67634],[-83.36519,29.67486],[-83.36397,29.67357],[-83.36439,29.67123],[-83.36307,29.67038],[-83.36296,29.66852],[-83.3664,29.6657],[-83.36935,29.66667],[-83.37335,29.66595],[-83.37486,29.66718],[-83.38184,29.66959],[-83.38681,29.66899],[-83.39037,29.67138],[-83.39496,29.67151],[-83.39963,29.67397],[-83.41544,29.66554],[-83.57541,29.527],[-83.57337,29.51484],[-83.57031,29.48179],[-83.5645,29.45928],[-83.5592,29.44634],[-83.55426,29.43679],[-83.54129,29.41758],[-83.52422,29.39936],[-83.50865,29.38681],[-83.48919,29.37456],[-83.45574,29.3581],[-83.43566,29.3497],[-83.41921,29.33103],[-83.40251,29.31692],[-83.3785,29.30181],[-83.35723,29.2917],[-83.35503,29.28828],[-83.35403,29.27361],[-83.35175,29.26035],[-83.34618,29.24187],[-83.16482,29.28916],[-83.15806,29.30224],[-83.15081,29.30543],[-83.14803,29.30777],[-83.14617,29.3113],[-83.14332,29.32125],[-83.14203,29.32259],[-83.13957,29.32398],[-83.13616,29.32344],[-83.12981,29.3209],[-83.12881,29.31941],[-83.11952,29.31715],[-83.11295,29.31814],[-83.11189,29.32468],[-83.11023,29.32546],[-83.10452,29.32544],[-83.10123,29.33347],[-83.0988,29.33686],[-83.09626,29.33681],[-83.09495,29.33592],[-83.09249,29.33225],[-83.09039,29.33275],[-83.0822,29.33986],[-83.06852,29.34395],[-83.06167,29.34837],[-83.0605,29.34997],[-83.06142,29.35268],[-83.06992,29.35281],[-83.07205,29.35386],[-83.07207,29.35534],[-83.07064,29.35735],[-83.06326,29.36182],[-83.06225,29.36423],[-83.06593,29.36848],[-83.06629,29.37085],[-83.0656,29.37266],[-83.06332,29.37503],[-83.05686,29.37834],[-83.04863,29.37914],[-83.04539,29.38068],[-83.03386,29.39055],[-83.03412,29.39665],[-83.03296,29.39795],[-83.02542,29.39701],[-83.02325,29.39856],[-83.0229,29.39926],[-83.02587,29.40568],[-83.02517,29.40919],[-83.02195,29.4116],[-83.02177,29.4131],[-83.02222,29.41443],[-83.02614,29.41645],[-83.02705,29.41768],[-83.02688,29.41895],[-83.02491,29.42034],[-83.01795,29.41863],[-83.01627,29.41963],[-83.01583,29.42141],[-83.01607,29.4227],[-83.02114,29.42714],[-83.02175,29.42964],[-83.02118,29.4312],[-83.01281,29.43977],[-83.01284,29.4459],[-83.00199,29.45653],[-83.00051,29.46265],[-82.99754,29.46359],[-82.99353,29.46283],[-82.98994,29.46335],[-82.98585,29.46727],[-82.9845,29.46991],[-82.9868,29.47654],[-82.98647,29.47868],[-82.98393,29.48124],[-82.98187,29.48542],[-82.98203,29.48946],[-82.98431,29.49632],[-82.98288,29.51544],[-82.98143,29.51764],[-82.97945,29.51842],[-82.97268,29.51727],[-82.97051,29.51908],[-82.9694,29.52232],[-82.97077,29.52585],[-82.97657,29.52942],[-82.97856,29.53187],[-82.97903,29.53504],[-82.97735,29.53989],[-82.96948,29.54467],[-82.95936,29.55324],[-82.95005,29.55611],[-82.9479,29.55753],[-82.94719,29.56002],[-82.94874,29.5659],[-82.94497,29.57519],[-82.94446,29.5823],[-82.94309,29.58523],[-82.93768,29.58718],[-82.93733,29.5912]]],[[[-82.91871,29.82408],[-82.91231,29.82077],[-82.90786,29.82184],[-82.90396,29.82429],[-82.91871,29.82408]]]]},"properties":{"name":"Dixie","key":"dixie","geoid":"12029"}},{"type":"Feature","geometry":{"type":"Polygon","coordinates":[[[-81.43009,30.25224],[-81.31793,30.25294],[-81.32587,30.27924],[-81.33063,30.29948],[-81.3336,30.31808],[-81.33538,30.33777],[-81.33538,30.36129],[-81.32944,30.36676],[-81.32156,30.37857],[-81.31746,30.39408],[-81.3169,30.40772],[-81.3198,30.41647],[-81.32488,30.42474],[-81.33229,30.43304],[-81.33866,30.43823],[-81.35357,30.44666],[-81.35435,30.44973],[-81.35387,30.4603],[-81.35179,30.47341],[-81.35245,30.48212],[-81.35488,30.49275],[-81.35804,30.50024],[-81.35879,30.5015],[-81.4337,30.50657],[-81.44211,30.50914],[-81.45081,30.51924],[-81.45979,30.52473],[-81.47994,30.53345],[-81.4844,30.53744],[-81.488,30.54217],[-81.49096,30.55462],[-81.49958,30.56379],[-81.51401,30.56734],[-81.52381,30.55634],[-81.51978,30.54668],[-81.51995,30.54364],[-81.52138,30.5388],[-81.52631,30.53118],[-81.53024,30.52629],[-81.53721,30.52411],[-81.54302,30.52389],[-81.54695,30.52594],[-81.55078,30.53156],[-81.55093,30.54303],[-81.55525,30.54453],[-81.55926,30.54254],[-81.56496,30.53752],[-81.56781,30.53664],[-81.57729,30.53802],[-81.58654,30.54523],[-81.58889,30.54959],[-81.58333,30.56311],[-81.58353,30.5652],[-81.58508,30.56632],[-81.58789,30.5666],[-81.59213,30.56533],[-81.59799,30.56137],[-81.60286,30.56005],[-81.60644,30.55386],[-81.61021,30.55438],[-81.61378,30.56096],[-81.61418,30.56305],[-81.6097,30.56566],[-81.60146,30.56767],[-81.60186,30.57059],[-81.60332,30.57259],[-81.60899,30.57485],[-81.611,30.57594],[-81.61123,30.57684],[-81.60555,30.58177],[-81.60431,30.58403],[-81.60461,30.58486],[-81.60616,30.58557],[-81.60872,30.58518],[-81.61376,30.58052],[-81.61506,30.58014],[-81.62033,30.58224],[-81.62481,30.58623],[-81.62868,30.58355],[-81.63539,30.58126],[-81.63702,30.57832],[-81.63861,30.57827],[-81.64021,30.5796],[-81.64268,30.58],[-81.64579,30.5756],[-81.64908,30.57679],[-81.65052,30.57612],[-81.65064,30.57227],[-81.65618,30.57003],[-81.65943,30.56588],[-81.65941,30.56283],[-81.66156,30.56009],[-81.66095,30.55828],[-81.66374,30.55857],[-81.6624,30.55723],[-81.66228,30.55459],[-81.65933,30.55386],[-81.65863,30.55283],[-81.66011,30.55157],[-81.66373,30.55084],[-81.66667,30.5517],[-81.6685,30.55481],[-81.67301,30.5566],[-81.66786,30.55731],[-81.6677,30.56035],[-81.67281,30.55975],[-81.67213,30.56232],[-81.66934,30.56318],[-81.67394,30.56619],[-81.67806,30.5621],[-81.68131,30.56315],[-81.68375,30.56641],[-81.68554,30.56494],[-81.68655,30.56273],[-81.68748,30.5627],[-81.68847,30.56427],[-81.68827,30.56646],[-81.69239,30.56717],[-81.69315,30.56649],[-81.69315,30.56394],[-81.69552,30.56317],[-81.69615,30.56422],[-81.69524,30.5667],[-81.69795,30.56967],[-81.70155,30.56593],[-81.70109,30.56376],[-81.70438,30.5636],[-81.70512,30.56515],[-81.70374,30.56731],[-81.70995,30.56587],[-81.71311,30.56952],[-81.71594,30.57124],[-81.72024,30.57046],[-81.722,30.57185],[-81.72284,30.56754],[-81.72594,30.56589],[-81.72653,30.56775],[-81.7291,30.56545],[-81.72908,30.56448],[-81.72794,30.56525],[-81.72525,30.56374],[-81.72659,30.55958],[-81.72748,30.55977],[-81.72784,30.56239],[-81.73055,30.56253],[-81.73197,30.56107],[-81.72983,30.55845],[-81.73067,30.55704],[-81.73461,30.55948],[-81.73631,30.55709],[-81.73633,30.55607],[-81.73458,30.5567],[-81.73439,30.55399],[-81.73297,30.55183],[-81.73615,30.55264],[-81.73778,30.54986],[-81.73731,30.5484],[-81.73363,30.54716],[-81.73452,30.54607],[-81.73679,30.54709],[-81.73763,30.54664],[-81.73565,30.54486],[-81.73795,30.54263],[-81.73519,30.54195],[-81.73742,30.5408],[-81.7367,30.53863],[-81.73706,30.53693],[-81.73842,30.53624],[-81.73827,30.53469],[-81.73998,30.53464],[-81.74334,30.53198],[-81.74608,30.53201],[-81.74714,30.53077],[-81.74962,30.53145],[-81.75614,30.53115],[-81.76375,30.53492],[-81.76532,30.51844],[-81.78162,30.50334],[-81.79111,30.50553],[-81.79492,30.50541],[-81.80953,30.48454],[-81.83123,30.46744],[-82.01203,30.30564],[-82.04932,30.27343],[-82.04882,30.24103],[-82.04941,30.18693],[-81.95499,30.18633],[-81.85241,30.18847],[-81.73892,30.18932],[-81.73349,30.19347],[-81.72532,30.19101],[-81.7088,30.19121],[-81.70636,30.1896],[-81.70351,30.18902],[-81.70378,30.18986],[-81.70263,30.19148],[-81.67963,30.19049],[-81.68172,30.18144],[-81.69052,30.17194],[-81.69022,30.16134],[-81.69212,30.14474],[-81.69182,30.14234],[-81.68022,30.12124],[-81.65051,30.12154],[-81.62381,30.13364],[-81.61231,30.13294],[-81.60121,30.13054],[-81.59051,30.12584],[-81.58088,30.1261],[-81.57578,30.12175],[-81.56779,30.11779],[-81.55819,30.11706],[-81.53901,30.11994],[-81.53871,30.10375],[-81.43465,30.10528],[-81.43374,30.10603],[-81.43693,30.25233],[-81.43009,30.25224]]]},"properties":{"name":"Duval","key":"duval","geoid":"12031"}},{"type":"Feature","geometry":{"type":"Polygon","coordinates":[[[-87.63487,30.86634],[-87.63183,30.86368],[-87.63156,30.86218],[-87.63043,30.86217],[-87.62862,30.86008],[-87.62787,30.86019],[-87.62601,30.85744],[-87.62595,30.85513],[-87.62509,30.85423],[-87.62702,30.84956],[-87.62668,30.8473],[-87.62534,30.84594],[-87.62377,30.84576],[-87.62024,30.8419],[-87.619,30.84196],[-87.61882,30.84111],[-87.61707,30.84033],[-87.61494,30.83643],[-87.61571,30.83503],[-87.61524,30.83421],[-87.61141,30.83341],[-87.6104,30.83251],[-87.60867,30.83264],[-87.60556,30.8309],[-87.60431,30.83142],[-87.60285,30.82916],[-87.60315,30.82676],[-87.6015,30.82534],[-87.6001,30.82051],[-87.59692,30.8183],[-87.59414,30.8175],[-87.59273,30.816],[-87.58728,30.8152],[-87.58672,30.81394],[-87.58364,30.81343],[-87.57957,30.81089],[-87.5766,30.80812],[-87.57668,30.80694],[-87.57454,30.80506],[-87.5741,30.80327],[-87.57233,30.80239],[-87.57261,30.8014],[-87.57175,30.8002],[-87.56825,30.80011],[-87.56763,30.79805],[-87.5637,30.79614],[-87.56096,30.79309],[-87.56115,30.79238],[-87.55893,30.79117],[-87.55906,30.79038],[-87.55716,30.79026],[-87.5573,30.78913],[-87.55147,30.78593],[-87.55028,30.78125],[-87.54754,30.78098],[-87.54543,30.77939],[-87.54477,30.77787],[-87.54595,30.77724],[-87.54496,30.77614],[-87.54605,30.77206],[-87.54437,30.77162],[-87.53991,30.76456],[-87.53709,30.76297],[-87.53599,30.76119],[-87.53517,30.75514],[-87.5343,30.75387],[-87.53447,30.75267],[-87.53529,30.75236],[-87.53534,30.75],[-87.53166,30.74606],[-87.53264,30.74481],[-87.53256,30.7432],[-87.52959,30.74258],[-87.52998,30.74095],[-87.52615,30.74046],[-87.52291,30.73769],[-87.5203,30.7374],[-87.51825,30.73608],[-87.51739,30.73432],[-87.51514,30.73431],[-87.5149,30.73315],[-87.51193,30.73377],[-87.51063,30.73291],[-87.50879,30.72809],[-87.50514,30.72629],[-87.50595,30.72506],[-87.50328,30.72385],[-87.50234,30.72147],[-87.49829,30.72106],[-87.49786,30.71988],[-87.49297,30.71971],[-87.49209,30.72039],[-87.49143,30.71902],[-87.48942,30.71866],[-87.48877,30.71764],[-87.48732,30.71838],[-87.4846,30.71708],[-87.48462,30.71592],[-87.48362,30.71531],[-87.48223,30.71719],[-87.48128,30.717],[-87.47799,30.71328],[-87.48027,30.71179],[-87.47931,30.7096],[-87.47715,30.70991],[-87.47517,30.70906],[-87.47562,30.7081],[-87.47449,30.70665],[-87.4758,30.70525],[-87.47277,30.70436],[-87.47263,30.70564],[-87.46981,30.70502],[-87.46961,30.70321],[-87.46781,30.70152],[-87.46809,30.70021],[-87.46637,30.7007],[-87.46219,30.70019],[-87.45867,30.69787],[-87.45801,30.6964],[-87.45388,30.69869],[-87.45216,30.69819],[-87.45131,30.69959],[-87.44957,30.69896],[-87.44866,30.69669],[-87.44368,30.69454],[-87.44038,30.69036],[-87.43772,30.68963],[-87.4364,30.68842],[-87.43296,30.68837],[-87.4317,30.68765],[-87.43014,30.68826],[-87.42994,30.68653],[-87.42779,30.68588],[-87.42779,30.68451],[-87.42661,30.68305],[-87.42461,30.68327],[-87.4224,30.6822],[-87.422,30.68102],[-87.42023,30.68093],[-87.41904,30.67853],[-87.41768,30.6782],[-87.41672,30.6793],[-87.40647,30.67515],[-87.40738,30.67182],[-87.40588,30.67091],[-87.40576,30.66644],[-87.40353,30.66591],[-87.40269,30.66485],[-87.40335,30.66284],[-87.4022,30.6606],[-87.4031,30.65748],[-87.40107,30.65622],[-87.40021,30.65725],[-87.39966,30.65582],[-87.3984,30.65623],[-87.39682,30.65485],[-87.39591,30.65016],[-87.39699,30.64827],[-87.39434,30.64561],[-87.39574,30.64456],[-87.39402,30.64185],[-87.39436,30.63754],[-87.39521,30.63607],[-87.39407,30.6335],[-87.39565,30.63298],[-87.39341,30.63153],[-87.39329,30.62722],[-87.39458,30.62426],[-87.39603,30.62413],[-87.39512,30.62346],[-87.39507,30.6219],[-87.39647,30.6171],[-87.39467,30.61524],[-87.39665,30.60888],[-87.39877,30.6054],[-87.40025,30.60616],[-87.40329,30.60536],[-87.4035,30.60342],[-87.40609,30.60326],[-87.40571,30.60148],[-87.40672,30.60173],[-87.40759,30.60086],[-87.40735,30.59998],[-87.40585,30.6001],[-87.4053,30.59869],[-87.40619,30.59808],[-87.40545,30.59742],[-87.4073,30.59598],[-87.40683,30.59337],[-87.40818,30.58867],[-87.40731,30.5879],[-87.40936,30.58585],[-87.40802,30.5837],[-87.41098,30.58036],[-87.41076,30.5795],[-87.40981,30.5794],[-87.41177,30.578],[-87.4117,30.57634],[-87.41229,30.57713],[-87.41263,30.5767],[-87.41175,30.57536],[-87.41195,30.57417],[-87.41311,30.57301],[-87.41414,30.57362],[-87.41453,30.57251],[-87.4161,30.57238],[-87.41716,30.5699],[-87.41852,30.57013],[-87.4166,30.56791],[-87.41614,30.56614],[-87.41759,30.56449],[-87.41847,30.56481],[-87.41801,30.56211],[-87.42071,30.56055],[-87.4217,30.56099],[-87.42191,30.56013],[-87.42301,30.56149],[-87.42434,30.55963],[-87.42536,30.56031],[-87.42645,30.55877],[-87.42564,30.55691],[-87.42629,30.55615],[-87.42701,30.55675],[-87.42755,30.55368],[-87.43118,30.55002],[-87.43512,30.54909],[-87.43508,30.5464],[-87.43599,30.54593],[-87.43674,30.54369],[-87.43551,30.54399],[-87.43532,30.54287],[-87.43642,30.543],[-87.43743,30.542],[-87.43639,30.54154],[-87.43682,30.54024],[-87.43834,30.54034],[-87.43947,30.53937],[-87.43975,30.5403],[-87.4406,30.53895],[-87.43986,30.53811],[-87.44157,30.53745],[-87.44077,30.53642],[-87.44058,30.5316],[-87.43896,30.53029],[-87.4417,30.52975],[-87.44197,30.53106],[-87.4439,30.53148],[-87.44419,30.53027],[-87.44262,30.52976],[-87.44365,30.52814],[-87.4444,30.52784],[-87.4451,30.52891],[-87.44591,30.52737],[-87.44747,30.52735],[-87.44798,30.52661],[-87.44797,30.52494],[-87.44692,30.52519],[-87.44716,30.52635],[-87.446,30.52638],[-87.44381,30.52395],[-87.44508,30.52386],[-87.44728,30.52197],[-87.44545,30.51767],[-87.44717,30.51641],[-87.44727,30.51504],[-87.44676,30.51461],[-87.44499,30.51549],[-87.44452,30.51425],[-87.44668,30.51365],[-87.44912,30.5153],[-87.45037,30.51446],[-87.44835,30.51374],[-87.4477,30.51046],[-87.44471,30.50749],[-87.43969,30.50665],[-87.43388,30.4995],[-87.43098,30.4983],[-87.43048,30.4966],[-87.43178,30.49459],[-87.43168,30.4929],[-87.42858,30.4897],[-87.42838,30.4885],[-87.42918,30.4874],[-87.43208,30.4882],[-87.43388,30.4877],[-87.43288,30.4843],[-87.43558,30.4805],[-87.43058,30.4766],[-87.42958,30.4706],[-87.42508,30.4656],[-87.42218,30.4632],[-87.41778,30.4611],[-87.41468,30.4573],[-87.40788,30.4564],[-87.40468,30.4529],[-87.39988,30.451],[-87.39688,30.4506],[-87.39198,30.4516],[-87.38788,30.4504],[-87.38118,30.4501],[-87.37077,30.44686],[-87.36868,30.44463],[-87.36694,30.44048],[-87.36659,30.43665],[-87.36819,30.43341],[-87.37117,30.43049],[-87.38638,30.4205],[-87.39568,30.4176],[-87.40298,30.4104],[-87.40888,30.4088],[-87.42268,30.4101],[-87.42638,30.4091],[-87.42958,30.4065],[-87.43428,30.3975],[-87.43728,30.3959],[-87.44068,30.3915],[-87.44108,30.3877],[-87.43848,30.3818],[-87.43868,30.3808],[-87.44182,30.3763],[-87.44908,30.3704],[-87.45138,30.3672],[-87.45208,30.3619],[-87.45108,30.3456],[-87.46108,30.3353],[-87.46488,30.3333],[-87.47188,30.3318],[-87.48998,30.3311],[-87.49818,30.3295],[-87.50257,30.32741],[-87.5047,30.32404],[-87.50594,30.3194],[-87.50558,30.3111],[-87.50348,30.3076],[-87.49998,30.3062],[-87.49408,30.3049],[-87.48368,30.3048],[-87.48088,30.3066],[-87.47588,30.3079],[-87.46298,30.3078],[-87.45008,30.3111],[-87.45238,30.3002],[-87.49998,30.2879],[-87.50198,30.288],[-87.51838,30.2839],[-87.51837,30.12553],[-87.48226,30.13344],[-87.44201,30.1411],[-87.36687,30.15357],[-87.33664,30.16119],[-87.30281,30.1683],[-87.27883,30.16557],[-87.25829,30.16542],[-87.22929,30.1672],[-87.17692,30.17281],[-87.12004,30.18059],[-87.01234,30.20106],[-86.94711,30.21201],[-86.91833,30.21764],[-86.91894,30.38651],[-86.9727,30.38111],[-87.10141,30.35315],[-87.15312,30.34837],[-87.16882,30.34085],[-87.17087,30.33912],[-87.17902,30.33593],[-87.19642,30.33837],[-87.20742,30.34182],[-87.23143,30.34331],[-87.23328,30.37033],[-87.23266,30.37118],[-87.21621,30.37738],[-87.18511,30.39333],[-87.16117,30.40561],[-87.15191,30.4126],[-87.14801,30.41933],[-87.14472,30.42746],[-87.13581,30.45684],[-87.13331,30.46864],[-87.12571,30.4855],[-87.12145,30.49742],[-87.13681,30.51164],[-87.14272,30.51889],[-87.15204,30.53282],[-87.15729,30.53795],[-87.15933,30.53926],[-87.18007,30.54481],[-87.18957,30.54879],[-87.19583,30.54895],[-87.20042,30.55232],[-87.20971,30.55527],[-87.22234,30.57159],[-87.22522,30.58139],[-87.2324,30.5869],[-87.23228,30.58818],[-87.23074,30.58889],[-87.23047,30.58996],[-87.23428,30.59155],[-87.23405,30.59448],[-87.23477,30.59581],[-87.23658,30.59661],[-87.24039,30.59566],[-87.2425,30.59703],[-87.24544,30.59728],[-87.24658,30.59818],[-87.24669,30.59984],[-87.2436,30.60277],[-87.24533,30.60571],[-87.24867,30.60687],[-87.24967,30.60589],[-87.25109,30.60778],[-87.2537,30.60867],[-87.25626,30.61115],[-87.25888,30.61128],[-87.25951,30.61205],[-87.25716,30.61469],[-87.25861,30.61685],[-87.25911,30.61942],[-87.26096,30.62067],[-87.26068,30.62136],[-87.25791,30.62142],[-87.25621,30.62349],[-87.25226,30.62336],[-87.25194,30.62422],[-87.25305,30.62562],[-87.25584,30.62579],[-87.25695,30.62856],[-87.25952,30.62993],[-87.25852,30.63127],[-87.25837,30.63343],[-87.25676,30.63424],[-87.25682,30.63531],[-87.25914,30.638],[-87.26101,30.64191],[-87.26147,30.64563],[-87.26356,30.64689],[-87.26478,30.64964],[-87.26384,30.65254],[-87.26411,30.65575],[-87.26644,30.65849],[-87.26412,30.66288],[-87.2646,30.66398],[-87.26706,30.6655],[-87.26623,30.66779],[-87.26661,30.67229],[-87.2682,30.67378],[-87.26627,30.67714],[-87.26664,30.67814],[-87.26899,30.67897],[-87.26586,30.68512],[-87.26746,30.68657],[-87.26549,30.68837],[-87.27037,30.69141],[-87.27066,30.69384],[-87.27336,30.69352],[-87.27179,30.69557],[-87.27302,30.69779],[-87.27278,30.70027],[-87.26918,30.69965],[-87.26784,30.70107],[-87.26809,30.70233],[-87.2706,30.70354],[-87.26844,30.70626],[-87.26941,30.71169],[-87.2702,30.71298],[-87.27313,30.71425],[-87.27223,30.71618],[-87.27264,30.71733],[-87.27509,30.71643],[-87.27471,30.71401],[-87.2771,30.71345],[-87.27657,30.71607],[-87.27886,30.71647],[-87.28145,30.71962],[-87.28753,30.71935],[-87.28867,30.72083],[-87.28956,30.72082],[-87.29247,30.71841],[-87.29254,30.72056],[-87.29405,30.72109],[-87.29642,30.72039],[-87.29459,30.71936],[-87.29434,30.7181],[-87.29741,30.71749],[-87.29845,30.71989],[-87.30266,30.71937],[-87.30166,30.72194],[-87.30419,30.72286],[-87.3085,30.72691],[-87.31241,30.73477],[-87.31198,30.73649],[-87.31282,30.73709],[-87.31134,30.73809],[-87.31233,30.74087],[-87.31155,30.74137],[-87.3106,30.74042],[-87.30961,30.74074],[-87.30954,30.74171],[-87.3112,30.74349],[-87.30798,30.74555],[-87.31026,30.74655],[-87.30965,30.74804],[-87.31033,30.75166],[-87.30919,30.75365],[-87.30736,30.75362],[-87.30571,30.75505],[-87.30726,30.7566],[-87.30714,30.75913],[-87.30532,30.75949],[-87.30417,30.7579],[-87.30213,30.7603],[-87.30262,30.76092],[-87.30493,30.76033],[-87.30492,30.76353],[-87.30259,30.76349],[-87.30142,30.76438],[-87.29994,30.76344],[-87.29943,30.76675],[-87.30127,30.7675],[-87.303,30.76551],[-87.30419,30.76553],[-87.30577,30.77014],[-87.30921,30.77052],[-87.31059,30.77171],[-87.30978,30.77346],[-87.30553,30.77598],[-87.30518,30.77724],[-87.30637,30.77761],[-87.30825,30.77592],[-87.30924,30.77648],[-87.30997,30.77848],[-87.30921,30.78215],[-87.3115,30.78329],[-87.31261,30.78599],[-87.30556,30.78727],[-87.30571,30.78862],[-87.3082,30.78838],[-87.30954,30.78933],[-87.30691,30.79116],[-87.30543,30.7909],[-87.3044,30.7891],[-87.30195,30.78977],[-87.30315,30.79216],[-87.30571,30.79263],[-87.30546,30.79857],[-87.30335,30.7998],[-87.30273,30.80167],[-87.29933,30.80139],[-87.29865,30.80206],[-87.29646,30.80868],[-87.29277,30.81128],[-87.29308,30.81235],[-87.29688,30.81512],[-87.29752,30.8259],[-87.29836,30.82735],[-87.30178,30.82844],[-87.30253,30.83394],[-87.30032,30.8344],[-87.3,30.83561],[-87.30065,30.83715],[-87.30364,30.83911],[-87.30136,30.8407],[-87.30137,30.84152],[-87.30253,30.84224],[-87.30713,30.84186],[-87.30792,30.84389],[-87.3059,30.84637],[-87.30628,30.84799],[-87.3115,30.84684],[-87.31361,30.84727],[-87.31391,30.84871],[-87.31062,30.85495],[-87.30914,30.86378],[-87.30812,30.86444],[-87.30522,30.863],[-87.30153,30.86343],[-87.30113,30.86759],[-87.29763,30.87118],[-87.29766,30.87283],[-87.29971,30.87398],[-87.29862,30.876],[-87.29872,30.87778],[-87.29664,30.87854],[-87.29844,30.88125],[-87.29348,30.88475],[-87.28449,30.88799],[-87.28329,30.89134],[-87.28311,30.89276],[-87.28601,30.89503],[-87.28545,30.90362],[-87.29051,30.90823],[-87.29037,30.90918],[-87.28878,30.90974],[-87.28647,30.90793],[-87.2856,30.90805],[-87.28218,30.9104],[-87.28349,30.913],[-87.2835,30.91563],[-87.28766,30.91526],[-87.28897,30.91657],[-87.28321,30.91884],[-87.28347,30.92109],[-87.28701,30.92468],[-87.28688,30.92544],[-87.28229,30.92483],[-87.27576,30.92636],[-87.27563,30.93099],[-87.27078,30.93228],[-87.26721,30.93498],[-87.26527,30.93445],[-87.26487,30.93073],[-87.26375,30.93075],[-87.26176,30.93515],[-87.26084,30.93554],[-87.25978,30.93462],[-87.25937,30.93165],[-87.256,30.93119],[-87.25303,30.937],[-87.25059,30.93874],[-87.2522,30.94257],[-87.25183,30.94392],[-87.25077,30.94428],[-87.24853,30.94202],[-87.24743,30.9419],[-87.24606,30.94272],[-87.24543,30.94679],[-87.24146,30.94858],[-87.24222,30.95143],[-87.23999,30.9533],[-87.2383,30.95819],[-87.24123,30.95946],[-87.24204,30.961],[-87.24132,30.96186],[-87.23754,30.9629],[-87.23143,30.96832],[-87.22997,30.96723],[-87.23133,30.96517],[-87.23123,30.96378],[-87.22763,30.96111],[-87.21838,30.96375],[-87.2132,30.96203],[-87.21255,30.96354],[-87.21299,30.96694],[-87.20351,30.97067],[-87.19713,30.9765],[-87.19045,30.97581],[-87.18925,30.97656],[-87.18716,30.98144],[-87.17496,30.98862],[-87.17415,30.99118],[-87.17622,30.99464],[-87.176,30.99659],[-87.17367,30.99587],[-87.17091,30.99341],[-87.16913,30.9932],[-87.16594,30.99584],[-87.16352,30.9964],[-87.16292,30.99798],[-87.16365,30.99903],[-87.23769,30.99639],[-87.2524,30.99794],[-87.30153,30.99844],[-87.31195,30.99843],[-87.31266,30.99783],[-87.37047,30.99834],[-87.59883,30.99746],[-87.5982,30.99299],[-87.59638,30.98992],[-87.5965,30.98723],[-87.59473,30.98579],[-87.59482,30.98456],[-87.5936,30.98395],[-87.59313,30.98046],[-87.59224,30.97994],[-87.59355,30.9771],[-87.59265,30.97266],[-87.58886,30.96579],[-87.58896,30.96135],[-87.59132,30.95666],[-87.59093,30.95351],[-87.59174,30.95136],[-87.59419,30.94987],[-87.5938,30.94869],[-87.59501,30.94463],[-87.598,30.93839],[-87.5997,30.93782],[-87.60168,30.93575],[-87.60311,30.93256],[-87.60282,30.9316],[-87.60705,30.92512],[-87.60828,30.92013],[-87.61222,30.91337],[-87.61234,30.91061],[-87.61515,30.90547],[-87.61438,30.90431],[-87.61534,30.90355],[-87.61569,30.90164],[-87.62181,30.89772],[-87.62212,30.89662],[-87.62088,30.89546],[-87.62225,30.8946],[-87.62043,30.89001],[-87.62027,30.8874],[-87.62146,30.88553],[-87.62467,30.88437],[-87.62435,30.88396],[-87.6255,30.88378],[-87.6291,30.88043],[-87.63169,30.87233],[-87.63292,30.87109],[-87.63307,30.8688],[-87.63487,30.86634]]]},"properties":{"name":"Escambia","key":"escambia","geoid":"12033"}},{"type":"Feature","geometry":{"type":"Polygon","coordinates":[[[-81.15534,29.40376],[-81.15588,29.41095],[-81.14815,29.41185],[-81.14873,29.41679],[-81.11102,29.4269],[-81.09235,29.42715],[-81.04192,29.43289],[-81.08019,29.51837],[-81.08519,29.52886],[-81.10371,29.56266],[-81.11981,29.59673],[-81.13229,29.62525],[-81.15082,29.67109],[-81.22731,29.67054],[-81.22842,29.66776],[-81.23171,29.66341],[-81.23859,29.66244],[-81.24726,29.65909],[-81.25022,29.6623],[-81.25338,29.66159],[-81.25492,29.66346],[-81.25752,29.66428],[-81.25766,29.66743],[-81.26102,29.66908],[-81.26302,29.66589],[-81.2653,29.66527],[-81.26585,29.66384],[-81.26742,29.66397],[-81.26839,29.66313],[-81.26803,29.66187],[-81.26918,29.66122],[-81.26928,29.65992],[-81.27221,29.66079],[-81.2718,29.6581],[-81.27032,29.65758],[-81.26991,29.65657],[-81.2714,29.65627],[-81.27308,29.65787],[-81.27429,29.65752],[-81.2727,29.65519],[-81.2763,29.65418],[-81.27447,29.65268],[-81.2763,29.65283],[-81.27768,29.65168],[-81.2795,29.65174],[-81.28212,29.65042],[-81.28277,29.65138],[-81.28395,29.65071],[-81.28462,29.65163],[-81.28686,29.65132],[-81.2877,29.65191],[-81.28864,29.65016],[-81.29032,29.64957],[-81.30018,29.65098],[-81.30278,29.64919],[-81.30591,29.64265],[-81.30865,29.64206],[-81.31117,29.64269],[-81.3128,29.64401],[-81.31852,29.65129],[-81.32452,29.65354],[-81.32406,29.62561],[-81.52366,29.62243],[-81.52047,29.49651],[-81.51765,29.49016],[-81.50111,29.46882],[-81.49069,29.45415],[-81.48759,29.44825],[-81.48659,29.44455],[-81.48619,29.42525],[-81.48089,29.41645],[-81.47989,29.40305],[-81.47879,29.39905],[-81.47629,29.39615],[-81.46809,29.39225],[-81.455,29.38965],[-81.44829,29.39165],[-81.43779,29.39765],[-81.43399,29.39855],[-81.43454,29.39929],[-81.43355,29.39982],[-81.43169,29.39966],[-81.42993,29.3973],[-81.4269,29.39685],[-81.42469,29.39732],[-81.42272,29.40056],[-81.42074,29.39965],[-81.41729,29.26116],[-81.21654,29.26386],[-81.15008,29.26596],[-81.15267,29.35041],[-81.15534,29.40376]]]},"properties":{"name":"Flagler","key":"flagler","geoid":"12035"}},{"type":"Feature","geometry":{"type":"Polygon","coordinates":[[[-84.62013,29.61327],[-84.58868,29.64074],[-84.56573,29.64706],[-84.54529,29.65452],[-84.49826,29.67445],[-84.47785,29.68557],[-84.46016,29.69844],[-84.44561,29.71216],[-84.43222,29.72774],[-84.41995,29.74696],[-84.41155,29.74564],[-84.30462,29.95556],[-84.29688,29.97256],[-84.34117,29.97124],[-84.34175,29.97026],[-84.34884,29.96908],[-84.35123,29.97016],[-84.35476,29.96983],[-84.35895,29.97068],[-84.36303,29.97304],[-84.36961,29.97446],[-84.37295,29.9762],[-84.38405,29.97684],[-84.39205,29.98064],[-84.39417,29.98255],[-84.40802,29.98492],[-84.41271,29.98446],[-84.41557,29.98325],[-84.41852,29.98336],[-84.42686,29.98591],[-84.43816,29.97721],[-84.43956,29.97803],[-84.44215,29.98173],[-84.44419,29.9818],[-84.44948,29.97334],[-84.45249,29.97125],[-84.45455,29.97133],[-84.45689,29.97268],[-84.4584,29.9752],[-84.45968,29.99338],[-84.46421,29.99899],[-84.46771,30.00185],[-84.4702,30.0025],[-84.47324,30.0019],[-84.47719,29.99936],[-84.48115,29.99386],[-84.48709,29.98846],[-84.49422,29.987],[-84.50202,29.98732],[-84.50829,29.98913],[-84.51413,29.98908],[-84.51443,29.98674],[-84.51195,29.98338],[-84.5121,29.98204],[-84.51409,29.98048],[-84.5204,29.98048],[-84.52399,29.98173],[-84.52539,29.98371],[-84.52469,29.98665],[-84.51981,29.99294],[-84.51896,29.99513],[-84.52032,29.99877],[-84.52405,30.00402],[-84.52812,30.00743],[-84.53007,30.00762],[-84.53813,30.00455],[-84.54124,30.00239],[-84.54242,30.00244],[-84.54887,30.00709],[-84.54841,30.00898],[-84.54445,30.01103],[-84.6852,30.01185],[-84.81525,30.01134],[-85.00763,30.01388],[-85.00727,30.01249],[-85.00528,30.01116],[-85.00537,30.00912],[-85.00707,30.00858],[-85.01042,30.0057],[-85.01097,30.00313],[-85.0101,30.00155],[-85.01032,30.00059],[-85.01131,30.00034],[-85.01115,29.99882],[-85.01379,29.99891],[-85.01495,29.99777],[-85.01398,29.99615],[-85.0153,29.99587],[-85.01661,29.99051],[-85.01639,29.98946],[-85.0149,29.9886],[-85.01772,29.98822],[-85.01906,29.98297],[-85.0182,29.98104],[-85.02165,29.97701],[-85.02357,29.97303],[-85.02544,29.9714],[-85.02337,29.96216],[-85.01972,29.95348],[-85.01794,29.95097],[-85.01961,29.94974],[-85.02341,29.94989],[-85.02497,29.95257],[-85.02647,29.95284],[-85.02521,29.94818],[-85.02622,29.94459],[-85.03134,29.94057],[-85.03332,29.93696],[-85.02952,29.93241],[-85.02947,29.9313],[-85.03067,29.93075],[-85.03733,29.93134],[-85.03972,29.92787],[-85.04033,29.93086],[-85.0413,29.93106],[-85.04177,29.92762],[-85.04534,29.9207],[-85.04952,29.91775],[-85.04775,29.91483],[-85.04878,29.90967],[-85.05019,29.90916],[-85.05376,29.9103],[-85.0509,29.90637],[-85.05436,29.90186],[-85.05284,29.89751],[-85.05125,29.89534],[-85.0511,29.89249],[-85.04624,29.88541],[-85.04626,29.8816],[-85.04291,29.87949],[-85.04136,29.87678],[-85.04127,29.8708],[-85.03769,29.86364],[-85.0383,29.85801],[-85.03778,29.85253],[-85.03424,29.84819],[-85.032,29.84205],[-85.03221,29.829],[-85.02935,29.82636],[-85.02142,29.82321],[-85.01969,29.81987],[-85.02054,29.81463],[-85.01942,29.81015],[-85.02053,29.80737],[-85.03129,29.79892],[-85.03434,29.79506],[-85.03687,29.79033],[-85.03861,29.78119],[-85.04008,29.77935],[-85.04449,29.77937],[-85.04724,29.78125],[-85.04833,29.78044],[-85.04906,29.77787],[-85.05419,29.78081],[-85.06067,29.7863],[-85.06476,29.78703],[-85.06662,29.78642],[-85.06867,29.78447],[-85.07053,29.77472],[-85.07195,29.77169],[-85.07457,29.76966],[-85.07822,29.76862],[-85.09078,29.77276],[-85.10413,29.77418],[-85.1094,29.77679],[-85.20623,29.71119],[-85.21853,29.69325],[-85.21974,29.69038],[-85.22243,29.6888],[-85.22036,29.68398],[-85.2255,29.67794],[-85.22026,29.66867],[-85.21146,29.49706],[-85.20048,29.49253],[-85.17712,29.48516],[-85.16253,29.47323],[-85.15078,29.46494],[-85.13212,29.45449],[-85.12383,29.45074],[-85.11267,29.44641],[-85.09684,29.44166],[-85.08211,29.43853],[-85.07043,29.43698],[-85.051,29.43598],[-85.03631,29.4365],[-85.00583,29.44064],[-84.98048,29.44675],[-84.93827,29.45876],[-84.91912,29.46505],[-84.90494,29.46853],[-84.88946,29.4737],[-84.86755,29.48362],[-84.79732,29.52205],[-84.7875,29.5259],[-84.75981,29.53325],[-84.73207,29.54292],[-84.71055,29.55206],[-84.68935,29.56264],[-84.6701,29.57349],[-84.65484,29.58398],[-84.62013,29.61327]]]},"properties":{"name":"Franklin","key":"franklin","geoid":"12037"}},{"type":"Feature","geometry":{"type":"Polygon","coordinates":[[[-84.93252,30.60649],[-84.88332,30.60559],[-84.88262,30.53309],[-84.81582,30.53309],[-84.81562,30.51849],[-84.78181,30.51869],[-84.78111,30.45979],[-84.7141,30.4604],[-84.71412,30.4172],[-84.68052,30.41727],[-84.68063,30.38797],[-84.64641,30.38828],[-84.64559,30.39161],[-84.64744,30.39289],[-84.64794,30.39436],[-84.64288,30.39813],[-84.64224,30.39791],[-84.64208,30.39623],[-84.63966,30.3965],[-84.6386,30.3982],[-84.6353,30.39955],[-84.6249,30.40911],[-84.61895,30.4108],[-84.61267,30.41015],[-84.61242,30.41131],[-84.60715,30.41609],[-84.6058,30.41487],[-84.60325,30.41557],[-84.60102,30.41511],[-84.59667,30.4127],[-84.59267,30.4135],[-84.591,30.41173],[-84.58737,30.4142],[-84.58289,30.4159],[-84.58245,30.4168],[-84.5804,30.4171],[-84.57974,30.41972],[-84.5767,30.4201],[-84.56883,30.42686],[-84.56713,30.43123],[-84.56491,30.431],[-84.5667,30.43353],[-84.56476,30.43325],[-84.56402,30.43472],[-84.5623,30.4357],[-84.56146,30.43791],[-84.55995,30.43755],[-84.56017,30.43514],[-84.55946,30.43402],[-84.55727,30.436],[-84.55599,30.43477],[-84.55197,30.43681],[-84.54969,30.4361],[-84.54903,30.43728],[-84.54778,30.43742],[-84.54612,30.43668],[-84.54591,30.44046],[-84.5432,30.43944],[-84.54216,30.44079],[-84.53942,30.43934],[-84.53765,30.44021],[-84.53479,30.43951],[-84.53033,30.43988],[-84.52614,30.4475],[-84.52232,30.44933],[-84.52035,30.45139],[-84.51897,30.45031],[-84.51648,30.45152],[-84.5155,30.4509],[-84.51431,30.45211],[-84.51348,30.45082],[-84.5124,30.45154],[-84.51133,30.45028],[-84.5106,30.45086],[-84.50911,30.4504],[-84.50792,30.45126],[-84.50704,30.45061],[-84.50439,30.45091],[-84.50338,30.45199],[-84.49917,30.45305],[-84.4979,30.45492],[-84.4976,30.45763],[-84.49594,30.4599],[-84.49447,30.46052],[-84.48954,30.45951],[-84.48482,30.4562],[-84.48229,30.45725],[-84.48101,30.45913],[-84.47923,30.45782],[-84.47844,30.45925],[-84.47676,30.45741],[-84.47397,30.45794],[-84.47341,30.46009],[-84.47252,30.46031],[-84.47114,30.45859],[-84.46771,30.4593],[-84.46586,30.45778],[-84.46409,30.4577],[-84.46051,30.45591],[-84.45436,30.46014],[-84.45261,30.46238],[-84.45028,30.46216],[-84.4501,30.46106],[-84.4485,30.46153],[-84.44742,30.4607],[-84.44114,30.46213],[-84.44015,30.4609],[-84.43789,30.46124],[-84.43843,30.46286],[-84.43705,30.46256],[-84.43481,30.46611],[-84.434,30.46565],[-84.43428,30.4642],[-84.43325,30.46375],[-84.43037,30.46588],[-84.42731,30.46638],[-84.4255,30.46574],[-84.42452,30.46721],[-84.42352,30.46731],[-84.42388,30.46412],[-84.42178,30.46339],[-84.42047,30.46391],[-84.41786,30.46756],[-84.41372,30.47052],[-84.4054,30.47401],[-84.40602,30.4756],[-84.40293,30.47577],[-84.40211,30.47782],[-84.4027,30.48054],[-84.40091,30.4807],[-84.40046,30.48231],[-84.39932,30.48205],[-84.39723,30.48332],[-84.39749,30.48527],[-84.39645,30.48622],[-84.39777,30.48857],[-84.3954,30.49053],[-84.39768,30.49106],[-84.39675,30.49318],[-84.39802,30.49233],[-84.39903,30.49265],[-84.39818,30.49382],[-84.39883,30.49497],[-84.40053,30.49409],[-84.40204,30.49477],[-84.40061,30.49655],[-84.40251,30.4986],[-84.40244,30.49994],[-84.40492,30.49932],[-84.40472,30.50147],[-84.40313,30.50205],[-84.40416,30.50376],[-84.40195,30.50527],[-84.40404,30.50542],[-84.40445,30.50644],[-84.40334,30.50694],[-84.40504,30.50796],[-84.4036,30.50858],[-84.40395,30.50964],[-84.40286,30.51077],[-84.40138,30.51024],[-84.39855,30.51215],[-84.39717,30.51437],[-84.3956,30.51247],[-84.3947,30.5124],[-84.39472,30.51338],[-84.39626,30.51412],[-84.39588,30.5151],[-84.39242,30.51484],[-84.39289,30.51583],[-84.39558,30.51575],[-84.39617,30.51675],[-84.39182,30.51693],[-84.3917,30.51758],[-84.39355,30.51758],[-84.39394,30.52006],[-84.39325,30.5208],[-84.39055,30.51989],[-84.39181,30.5205],[-84.39066,30.52144],[-84.39138,30.52242],[-84.3908,30.52423],[-84.39217,30.52576],[-84.39156,30.52612],[-84.39062,30.52493],[-84.3883,30.52622],[-84.3897,30.5279],[-84.3888,30.52939],[-84.39099,30.52942],[-84.39163,30.53198],[-84.38954,30.54002],[-84.38753,30.54422],[-84.38843,30.5463],[-84.38828,30.54933],[-84.3864,30.55238],[-84.38213,30.5544],[-84.3828,30.55558],[-84.38108,30.55517],[-84.38122,30.55713],[-84.37906,30.55929],[-84.38195,30.56063],[-84.38178,30.56164],[-84.3802,30.56166],[-84.38203,30.56284],[-84.38123,30.56363],[-84.38159,30.56501],[-84.37932,30.5658],[-84.37972,30.56727],[-84.37863,30.56985],[-84.37838,30.57347],[-84.37667,30.57511],[-84.3755,30.5743],[-84.37257,30.57527],[-84.37303,30.57878],[-84.37106,30.5797],[-84.37132,30.58134],[-84.36998,30.58122],[-84.36993,30.58243],[-84.36715,30.58335],[-84.36477,30.5827],[-84.36405,30.58355],[-84.36486,30.58496],[-84.36441,30.5854],[-84.36143,30.58401],[-84.35731,30.58635],[-84.35761,30.58943],[-84.35587,30.58989],[-84.35523,30.5913],[-84.35404,30.59091],[-84.35332,30.592],[-84.352,30.59144],[-84.34994,30.59323],[-84.34859,30.59174],[-84.34647,30.59173],[-84.34674,30.59481],[-84.34576,30.59541],[-84.34313,30.59515],[-84.34371,30.59645],[-84.34289,30.59798],[-84.34119,30.59719],[-84.3404,30.59803],[-84.34086,30.60021],[-84.33919,30.5996],[-84.33973,30.59773],[-84.33908,30.59712],[-84.33523,30.59574],[-84.33468,30.59745],[-84.33217,30.5964],[-84.3329,30.59822],[-84.33161,30.59848],[-84.33032,30.60014],[-84.33312,30.59934],[-84.33363,30.60112],[-84.33208,30.60044],[-84.33174,30.60198],[-84.33261,30.60252],[-84.33073,30.60311],[-84.33088,30.60446],[-84.33006,30.60528],[-84.3313,30.60709],[-84.32899,30.60659],[-84.3305,30.60863],[-84.32812,30.60996],[-84.3274,30.60813],[-84.32618,30.6082],[-84.32762,30.61188],[-84.32561,30.61177],[-84.32596,30.61295],[-84.32445,30.6139],[-84.32502,30.6164],[-84.32289,30.61612],[-84.32486,30.61705],[-84.32476,30.61811],[-84.32296,30.61745],[-84.32266,30.62061],[-84.3211,30.62105],[-84.31892,30.61881],[-84.3185,30.61958],[-84.31928,30.62192],[-84.31828,30.62242],[-84.3181,30.62128],[-84.31737,30.62127],[-84.31689,30.62328],[-84.31439,30.62449],[-84.31526,30.62626],[-84.31197,30.62685],[-84.31213,30.62763],[-84.3139,30.62737],[-84.31379,30.62802],[-84.31212,30.62837],[-84.31355,30.63039],[-84.31036,30.63105],[-84.31094,30.63229],[-84.31011,30.63315],[-84.30846,30.63237],[-84.3073,30.63346],[-84.30563,30.63253],[-84.30527,30.63453],[-84.30357,30.63504],[-84.30415,30.63607],[-84.30549,30.63625],[-84.30547,30.63758],[-84.30169,30.63857],[-84.30058,30.64007],[-84.2999,30.64236],[-84.30067,30.64316],[-84.2997,30.64416],[-84.30071,30.64458],[-84.30117,30.64595],[-84.30026,30.64874],[-84.30234,30.65119],[-84.29938,30.65353],[-84.30413,30.65683],[-84.30305,30.65716],[-84.30184,30.65614],[-84.30097,30.65662],[-84.3025,30.65948],[-84.29943,30.66105],[-84.29911,30.66194],[-84.30012,30.66314],[-84.30242,30.66278],[-84.30263,30.66381],[-84.30003,30.66493],[-84.30182,30.66586],[-84.30259,30.66781],[-84.30468,30.66841],[-84.30529,30.66981],[-84.3041,30.67251],[-84.30281,30.67312],[-84.30316,30.67507],[-84.30442,30.67584],[-84.30376,30.6773],[-84.30303,30.67791],[-84.30284,30.67587],[-84.30071,30.67636],[-84.30002,30.67367],[-84.29931,30.6761],[-84.29805,30.67668],[-84.30029,30.67662],[-84.30099,30.68042],[-84.30018,30.6804],[-84.29976,30.67877],[-84.29847,30.67835],[-84.29777,30.67883],[-84.2975,30.68252],[-84.29211,30.68071],[-84.29077,30.68187],[-84.29058,30.68416],[-84.28951,30.68379],[-84.28905,30.68173],[-84.28706,30.68179],[-84.28799,30.68456],[-84.28618,30.68295],[-84.2858,30.68466],[-84.28465,30.68502],[-84.2835,30.68404],[-84.28256,30.68533],[-84.37489,30.68979],[-84.47441,30.69279],[-84.53258,30.69656],[-84.64433,30.70196],[-84.86469,30.71154],[-84.85839,30.70017],[-84.85834,30.69662],[-84.86911,30.68319],[-84.87225,30.67584],[-84.87492,30.67199],[-84.88522,30.66569],[-84.88922,30.66159],[-84.89302,30.64669],[-84.89472,30.64459],[-84.90112,30.64049],[-84.90372,30.63779],[-84.90412,30.62559],[-84.90522,30.62259],[-84.90812,30.61949],[-84.91192,30.61719],[-84.92752,30.61249],[-84.92902,30.61159],[-84.93252,30.60649]]]},"properties":{"name":"Gadsden","key":"gadsden","geoid":"12039"}},{"type":"Feature","geometry":{"type":"Polygon","coordinates":[[[-82.95941,29.68508],[-82.95893,29.68278],[-82.95477,29.67905],[-82.95433,29.67763],[-82.95515,29.67472],[-82.95863,29.67182],[-82.95914,29.67002],[-82.95317,29.6648],[-82.95183,29.66186],[-82.95182,29.65981],[-82.95265,29.65843],[-82.95708,29.65655],[-82.95755,29.65535],[-82.95581,29.64373],[-82.95635,29.63957],[-82.96864,29.63047],[-82.9728,29.62523],[-82.97213,29.62096],[-82.9677,29.61655],[-82.97144,29.61243],[-82.97244,29.60982],[-82.97172,29.60856],[-82.96243,29.60191],[-82.96026,29.59352],[-82.95788,29.58888],[-82.95488,29.58561],[-82.95216,29.58447],[-82.94883,29.58542],[-82.94626,29.58971],[-82.94181,29.59322],[-82.93919,29.5932],[-82.93733,29.5912],[-82.92751,29.59085],[-82.85661,29.59132],[-82.85652,29.58424],[-82.77291,29.58488],[-82.77302,29.57765],[-82.75687,29.57768],[-82.75646,29.56247],[-82.6563,29.56481],[-82.65638,29.67626],[-82.65702,29.68196],[-82.65702,29.74069],[-82.65855,29.83014],[-82.66054,29.82966],[-82.66688,29.83196],[-82.67018,29.83135],[-82.67376,29.83336],[-82.67583,29.83363],[-82.6773,29.83361],[-82.6778,29.83275],[-82.68265,29.83274],[-82.69449,29.8344],[-82.69773,29.83657],[-82.69986,29.83694],[-82.70202,29.83908],[-82.7042,29.83826],[-82.70426,29.84061],[-82.70655,29.8415],[-82.70764,29.84348],[-82.71045,29.84571],[-82.71043,29.84644],[-82.70901,29.84673],[-82.70924,29.84743],[-82.71462,29.84883],[-82.71605,29.85064],[-82.71929,29.85187],[-82.72085,29.85337],[-82.72596,29.85438],[-82.73018,29.85669],[-82.73294,29.85647],[-82.73624,29.86013],[-82.73737,29.86509],[-82.74038,29.86515],[-82.74159,29.86713],[-82.74489,29.86939],[-82.74777,29.87354],[-82.74779,29.87656],[-82.75285,29.88021],[-82.75326,29.88405],[-82.75191,29.88624],[-82.75365,29.8935],[-82.75737,29.89588],[-82.75793,29.89822],[-82.75903,29.89894],[-82.76241,29.89704],[-82.76845,29.89701],[-82.7693,29.89771],[-82.76851,29.89986],[-82.76703,29.90105],[-82.76743,29.90635],[-82.76502,29.90777],[-82.76598,29.90849],[-82.77106,29.90845],[-82.7743,29.9117],[-82.77415,29.913],[-82.77237,29.91451],[-82.77242,29.9169],[-82.77141,29.91787],[-82.77107,29.92225],[-82.77244,29.92414],[-82.77007,29.9264],[-82.77038,29.92811],[-82.77291,29.92825],[-82.77663,29.92673],[-82.7784,29.92735],[-82.78049,29.92575],[-82.78312,29.92933],[-82.78409,29.93286],[-82.78556,29.93337],[-82.78929,29.93263],[-82.79114,29.93548],[-82.79318,29.93449],[-82.79417,29.93138],[-82.79719,29.93287],[-82.80336,29.93102],[-82.80851,29.93308],[-82.81116,29.93082],[-82.81442,29.92983],[-82.81885,29.92494],[-82.82328,29.92311],[-82.8251,29.9198],[-82.82951,29.91641],[-82.83147,29.91281],[-82.83942,29.91456],[-82.84192,29.91189],[-82.84779,29.91367],[-82.85161,29.91388],[-82.85534,29.91326],[-82.85807,29.91166],[-82.86258,29.9114],[-82.86459,29.90918],[-82.86416,29.90797],[-82.86514,29.90477],[-82.86756,29.90278],[-82.86658,29.9004],[-82.86677,29.89876],[-82.87173,29.89845],[-82.87365,29.89471],[-82.87451,29.89073],[-82.87755,29.88985],[-82.87934,29.88824],[-82.8798,29.88685],[-82.87878,29.88718],[-82.8768,29.88615],[-82.8753,29.88072],[-82.87522,29.87727],[-82.87695,29.87157],[-82.87562,29.86653],[-82.87794,29.86213],[-82.88554,29.85475],[-82.8884,29.85012],[-82.89096,29.84243],[-82.89287,29.82746],[-82.89503,29.82578],[-82.90226,29.82522],[-82.91076,29.82083],[-82.91324,29.821],[-82.91871,29.82408],[-82.92383,29.82337],[-82.93002,29.81851],[-82.93536,29.80946],[-82.93514,29.80472],[-82.93342,29.80145],[-82.93136,29.80039],[-82.92592,29.80008],[-82.92202,29.79866],[-82.91971,29.79624],[-82.92036,29.79465],[-82.92472,29.79169],[-82.9333,29.78743],[-82.93678,29.78466],[-82.94123,29.77284],[-82.94762,29.76611],[-82.94788,29.76231],[-82.94999,29.75635],[-82.94971,29.75441],[-82.94754,29.75284],[-82.94275,29.75428],[-82.94037,29.75356],[-82.93841,29.74755],[-82.93887,29.74368],[-82.94088,29.74159],[-82.94472,29.73291],[-82.94989,29.72557],[-82.94912,29.72318],[-82.94328,29.72182],[-82.94277,29.7204],[-82.94377,29.71575],[-82.9448,29.71488],[-82.94644,29.71498],[-82.9538,29.72245],[-82.95612,29.72105],[-82.95659,29.71872],[-82.95564,29.71627],[-82.95354,29.71422],[-82.94746,29.71219],[-82.9433,29.7049],[-82.93789,29.70456],[-82.93697,29.70323],[-82.93932,29.70093],[-82.94534,29.69994],[-82.94937,29.70147],[-82.95135,29.70388],[-82.95571,29.70255],[-82.9577,29.69902],[-82.95671,29.6905],[-82.95941,29.68508]]]},"properties":{"name":"Gilchrist","key":"gilchrist","geoid":"12041"}},{"type":"Feature","geometry":{"type":"Polygon","coordinates":[[[-81.26768,27.1211],[-81.26722,27.03247],[-81.33301,27.03237],[-81.33301,27.03962],[-81.3418,27.03973],[-81.34266,27.03232],[-81.56253,27.03369],[-81.56575,26.7696],[-81.45945,26.76886],[-81.45933,26.78347],[-81.44914,26.78349],[-81.43492,26.78346],[-81.43493,26.76877],[-81.13012,26.76818],[-80.94532,26.7691],[-80.88564,26.95892],[-80.87116,27.14706],[-80.87331,27.15005],[-80.87024,27.15227],[-80.87117,27.15495],[-80.87662,27.1585],[-80.88104,27.16578],[-80.87856,27.16787],[-80.87867,27.16922],[-80.89052,27.16423],[-80.89195,27.16645],[-80.8946,27.16539],[-80.89483,27.16661],[-80.89785,27.16596],[-80.89828,27.16691],[-80.89704,27.16872],[-80.89707,27.17032],[-80.89889,27.17051],[-80.90334,27.16901],[-80.90166,27.1706],[-80.90384,27.17048],[-80.90432,27.17159],[-80.90823,27.17293],[-80.90843,27.17435],[-80.91013,27.17477],[-80.91008,27.17616],[-80.90841,27.17591],[-80.90837,27.17788],[-80.90628,27.17929],[-80.90641,27.18038],[-80.90779,27.17963],[-80.90861,27.18226],[-80.90751,27.18363],[-80.90885,27.18462],[-80.90863,27.18592],[-80.90728,27.18591],[-80.9064,27.18905],[-80.90787,27.18909],[-80.90845,27.18747],[-80.90965,27.18869],[-80.91079,27.18864],[-80.91101,27.19141],[-80.91318,27.19114],[-80.91283,27.18977],[-80.91343,27.18927],[-80.91611,27.19044],[-80.91795,27.19011],[-80.91944,27.19164],[-80.91986,27.19361],[-80.92235,27.19269],[-80.92509,27.195],[-80.92515,27.19742],[-80.92934,27.19633],[-80.92933,27.19718],[-80.92651,27.19851],[-80.93079,27.20023],[-80.93345,27.19667],[-80.93476,27.19625],[-80.93438,27.19861],[-80.93739,27.19896],[-80.93792,27.20473],[-80.96182,27.21077],[-81.16914,27.20959],[-81.16828,27.12173],[-81.26768,27.1211]]]},"properties":{"name":"Glades","key":"glades","geoid":"12043"}},{"type":"Feature","geometry":{"type":"Polygon","coordinates":[[[-85.39127,30.02816],[-85.3915,30.00039],[-85.389,29.95128],[-85.38867,29.92436],[-85.43433,29.89999],[-85.44034,29.78811],[-85.37285,29.50701],[-85.35865,29.50559],[-85.34206,29.50525],[-85.32595,29.50625],[-85.31366,29.50793],[-85.28831,29.51399],[-85.27337,29.51936],[-85.26177,29.52459],[-85.26111,29.5241],[-85.25967,29.52481],[-85.23647,29.50965],[-85.21146,29.49706],[-85.22026,29.66867],[-85.2255,29.67794],[-85.22036,29.68398],[-85.22243,29.6888],[-85.21974,29.69038],[-85.21853,29.69325],[-85.20623,29.71119],[-85.1094,29.77679],[-85.10413,29.77418],[-85.09078,29.77276],[-85.07822,29.76862],[-85.07457,29.76966],[-85.07195,29.77169],[-85.07053,29.77472],[-85.06867,29.78447],[-85.06662,29.78642],[-85.06476,29.78703],[-85.06067,29.7863],[-85.05419,29.78081],[-85.04906,29.77787],[-85.04833,29.78044],[-85.04724,29.78125],[-85.04449,29.77937],[-85.04008,29.77935],[-85.03861,29.78119],[-85.03687,29.79033],[-85.03434,29.79506],[-85.03129,29.79892],[-85.02053,29.80737],[-85.01942,29.81015],[-85.02054,29.81463],[-85.01969,29.81987],[-85.02142,29.82321],[-85.02935,29.82636],[-85.03221,29.829],[-85.032,29.84205],[-85.03424,29.84819],[-85.03778,29.85253],[-85.0383,29.85801],[-85.03769,29.86364],[-85.04127,29.8708],[-85.04136,29.87678],[-85.04291,29.87949],[-85.04626,29.8816],[-85.04624,29.88541],[-85.0511,29.89249],[-85.05125,29.89534],[-85.05284,29.89751],[-85.05436,29.90186],[-85.0509,29.90637],[-85.05376,29.9103],[-85.05019,29.90916],[-85.04878,29.90967],[-85.04775,29.91483],[-85.04952,29.91775],[-85.04534,29.9207],[-85.04177,29.92762],[-85.0413,29.93106],[-85.04033,29.93086],[-85.03972,29.92787],[-85.03733,29.93134],[-85.03067,29.93075],[-85.02947,29.9313],[-85.02952,29.93241],[-85.03332,29.93696],[-85.03134,29.94057],[-85.02622,29.94459],[-85.02521,29.94818],[-85.02647,29.95284],[-85.02497,29.95257],[-85.02341,29.94989],[-85.01961,29.94974],[-85.01794,29.95097],[-85.01972,29.95348],[-85.0238,29.96343],[-85.02552,29.97189],[-85.02551,29.97544],[-85.02725,29.98212],[-85.02991,29.98498],[-85.0298,29.98741],[-85.03227,29.98794],[-85.03664,29.99053],[-85.03845,29.99063],[-85.04395,29.98837],[-85.0502,29.99036],[-85.05062,29.99384],[-85.05286,29.99701],[-85.054,30.00128],[-85.05651,30.00327],[-85.05976,30.0041],[-85.07192,30.0048],[-85.07366,30.00756],[-85.0779,30.00849],[-85.08098,30.0102],[-85.08416,30.0146],[-85.0915,30.0119],[-85.09131,30.01427],[-85.09316,30.01573],[-85.09898,30.01532],[-85.10056,30.0166],[-85.10041,30.01764],[-85.09735,30.01985],[-85.09716,30.0241],[-85.09987,30.02438],[-85.10071,30.02119],[-85.10452,30.02017],[-85.10707,30.02106],[-85.10772,30.02219],[-85.10721,30.02435],[-85.10868,30.02564],[-85.11369,30.02317],[-85.11467,30.02341],[-85.11911,30.02891],[-85.13121,30.03796],[-85.13159,30.03945],[-85.12854,30.04097],[-85.129,30.04255],[-85.13557,30.04363],[-85.13461,30.04779],[-85.13651,30.05276],[-85.13602,30.05745],[-85.13689,30.06382],[-85.1333,30.0658],[-85.13218,30.06747],[-85.13341,30.06863],[-85.13714,30.06956],[-85.13835,30.07278],[-85.13441,30.08022],[-85.13458,30.08279],[-85.1386,30.0875],[-85.14116,30.08737],[-85.14325,30.08899],[-85.14696,30.08855],[-85.15282,30.09066],[-85.15401,30.09204],[-85.15032,30.09686],[-85.14574,30.09679],[-85.14492,30.09747],[-85.14493,30.0994],[-85.14897,30.10953],[-85.14861,30.11145],[-85.14576,30.11166],[-85.14292,30.1093],[-85.14095,30.10886],[-85.13972,30.11009],[-85.14226,30.11329],[-85.14185,30.11545],[-85.133,30.11498],[-85.13024,30.11736],[-85.13018,30.11941],[-85.13183,30.12069],[-85.14053,30.12096],[-85.14385,30.12218],[-85.14542,30.12466],[-85.1446,30.12903],[-85.13737,30.13473],[-85.13744,30.13969],[-85.13286,30.14276],[-85.13209,30.14441],[-85.13261,30.14557],[-85.13651,30.14538],[-85.13864,30.1469],[-85.13852,30.14839],[-85.13504,30.15214],[-85.13306,30.16064],[-85.13404,30.16202],[-85.13814,30.16169],[-85.13977,30.16285],[-85.13751,30.16681],[-85.13867,30.17255],[-85.13394,30.17599],[-85.13511,30.17941],[-85.13477,30.18077],[-85.13363,30.18178],[-85.12663,30.18381],[-85.12351,30.19238],[-85.1215,30.19539],[-85.11566,30.19998],[-85.2174,30.20099],[-85.38968,30.20097],[-85.38963,30.14519],[-85.39127,30.02816]]]},"properties":{"name":"Gulf","key":"gulf","geoid":"12045"}},{"type":"Feature","geometry":{"type":"Polygon","coordinates":[[[-83.30948,30.63401],[-83.30929,30.63295],[-83.30224,30.63077],[-83.30004,30.63264],[-83.29883,30.63204],[-83.29485,30.63233],[-83.29332,30.62901],[-83.28675,30.62996],[-83.28451,30.62814],[-83.275,30.62853],[-83.27201,30.62724],[-83.27187,30.62439],[-83.26858,30.62149],[-83.26831,30.61826],[-83.26691,30.61506],[-83.26779,30.61087],[-83.26705,30.6086],[-83.25963,30.59624],[-83.25643,30.58662],[-83.26127,30.58503],[-83.26259,30.58262],[-83.26256,30.57975],[-83.2596,30.57411],[-83.26014,30.57244],[-83.26228,30.57033],[-83.26202,30.5691],[-83.25762,30.56564],[-83.25581,30.56046],[-83.25648,30.55882],[-83.2598,30.5575],[-83.26085,30.55296],[-83.2535,30.5484],[-83.24715,30.5408],[-83.24698,30.53756],[-83.24583,30.53497],[-83.24681,30.53392],[-83.24934,30.5337],[-83.24968,30.53236],[-83.24505,30.53078],[-83.2441,30.52558],[-83.24113,30.5245],[-83.23894,30.51802],[-83.23953,30.51505],[-83.24253,30.51651],[-83.24384,30.5135],[-83.24612,30.5126],[-83.24056,30.50593],[-83.24284,30.50197],[-83.24252,30.49804],[-83.2406,30.4936],[-83.24434,30.49292],[-83.24499,30.49209],[-83.24319,30.48841],[-83.24396,30.47923],[-83.24183,30.47792],[-83.24356,30.47538],[-83.24377,30.47313],[-83.23912,30.47266],[-83.23536,30.47077],[-83.22691,30.46861],[-83.22256,30.46446],[-83.21772,30.46406],[-83.21962,30.46166],[-83.2177,30.45554],[-83.22102,30.45431],[-83.22298,30.45132],[-83.22177,30.44897],[-83.21868,30.4488],[-83.21734,30.4478],[-83.21752,30.44671],[-83.22055,30.44398],[-83.21981,30.44035],[-83.22228,30.43628],[-83.22069,30.43398],[-83.21852,30.42666],[-83.21923,30.42542],[-83.22202,30.42555],[-83.22221,30.42353],[-83.22028,30.42267],[-83.21612,30.41799],[-83.2133,30.42097],[-83.21122,30.42157],[-83.20964,30.42114],[-83.20731,30.4192],[-83.20759,30.41551],[-83.20616,30.41214],[-83.20475,30.41224],[-83.20389,30.41498],[-83.19486,30.41696],[-83.18959,30.41371],[-83.18028,30.41054],[-83.18027,30.40801],[-83.17786,30.40204],[-83.17452,30.39775],[-83.17763,30.39512],[-83.17826,30.3926],[-83.1764,30.39116],[-83.17305,30.39097],[-83.17196,30.38944],[-83.17097,30.38523],[-83.16933,30.38691],[-83.16968,30.38962],[-83.16903,30.39099],[-83.16443,30.39277],[-83.1655,30.39606],[-83.16541,30.39858],[-83.16286,30.40022],[-83.15841,30.40052],[-83.15846,30.40293],[-83.1554,30.4088],[-83.15917,30.4092],[-83.15957,30.41055],[-83.1584,30.41367],[-83.15521,30.41722],[-83.15227,30.41728],[-83.14972,30.41893],[-83.14798,30.41749],[-83.14272,30.42016],[-83.14164,30.42266],[-83.13706,30.42146],[-83.13522,30.41864],[-83.13429,30.42141],[-83.12863,30.42855],[-83.12423,30.43029],[-83.1221,30.43261],[-83.11737,30.43154],[-83.11119,30.43404],[-83.105,30.43363],[-83.10157,30.43533],[-83.09587,30.43675],[-83.08408,30.43808],[-83.08271,30.43934],[-83.08316,30.44261],[-83.0821,30.44287],[-83.07861,30.43788],[-83.07817,30.43228],[-83.07586,30.42567],[-83.0726,30.42573],[-83.07057,30.42447],[-83.06861,30.42494],[-83.06786,30.42876],[-83.05947,30.42748],[-83.06151,30.4288],[-83.06056,30.43014],[-83.05921,30.42933],[-83.05371,30.42937],[-83.0519,30.42788],[-83.04853,30.4304],[-83.04158,30.42972],[-83.03856,30.43079],[-83.0357,30.42891],[-83.03533,30.43062],[-83.03455,30.43088],[-83.02999,30.42848],[-83.01777,30.42467],[-83.01568,30.42292],[-83.01222,30.42346],[-83.00793,30.42247],[-83.00496,30.42774],[-83.00219,30.42889],[-83.00241,30.43005],[-83.00472,30.43124],[-83.0045,30.43187],[-83.00323,30.43183],[-82.99985,30.4305],[-82.9976,30.43062],[-82.99547,30.42824],[-82.9911,30.42756],[-82.98862,30.4258],[-82.98488,30.42554],[-82.98286,30.41904],[-82.97765,30.41985],[-82.97764,30.41849],[-82.97409,30.41749],[-82.97238,30.41905],[-82.97179,30.4173],[-82.96988,30.41756],[-82.96838,30.41682],[-82.96617,30.4175],[-82.96443,30.41527],[-82.95625,30.41369],[-82.95451,30.41199],[-82.95526,30.40998],[-82.95161,30.40913],[-82.94991,30.40634],[-82.9468,30.40607],[-82.94833,30.4046],[-82.94877,30.401],[-82.93878,30.39989],[-82.93561,30.39505],[-82.93283,30.39506],[-82.93287,30.39294],[-82.93073,30.38961],[-82.92938,30.38906],[-82.9291,30.39037],[-82.92787,30.3911],[-82.9244,30.38796],[-82.92114,30.3863],[-82.91594,30.38553],[-82.91512,30.38318],[-82.913,30.38381],[-82.91067,30.38324],[-82.90936,30.38225],[-82.90856,30.38007],[-82.90764,30.38437],[-82.90582,30.38444],[-82.90361,30.38315],[-82.90267,30.38422],[-82.9031,30.38629],[-82.90612,30.38633],[-82.90659,30.38747],[-82.90588,30.38808],[-82.89668,30.3868],[-82.89201,30.38757],[-82.88905,30.38616],[-82.88916,30.38456],[-82.89167,30.38121],[-82.89056,30.37812],[-82.89345,30.3741],[-82.89035,30.37208],[-82.88784,30.36818],[-82.88454,30.36705],[-82.88513,30.36532],[-82.88206,30.36507],[-82.88149,30.36689],[-82.87958,30.36726],[-82.87686,30.36559],[-82.87213,30.36638],[-82.87097,30.36247],[-82.86848,30.36245],[-82.86581,30.35803],[-82.8632,30.35724],[-82.85913,30.35898],[-82.85708,30.35832],[-82.85451,30.35278],[-82.85319,30.3531],[-82.85351,30.35667],[-82.85216,30.35714],[-82.85159,30.3553],[-82.8526,30.34897],[-82.84432,30.34094],[-82.8421,30.34135],[-82.84151,30.3433],[-82.83605,30.34237],[-82.83212,30.34677],[-82.82721,30.34578],[-82.82711,30.34306],[-82.82606,30.34195],[-82.82389,30.34258],[-82.82276,30.34142],[-82.81995,30.34099],[-82.81586,30.34187],[-82.81198,30.34035],[-82.81058,30.33701],[-82.80686,30.34097],[-82.80678,30.34426],[-82.80394,30.3454],[-82.79923,30.34393],[-82.79572,30.34058],[-82.79497,30.33739],[-82.79213,30.33589],[-82.79347,30.33337],[-82.79305,30.32706],[-82.7923,30.32644],[-82.789,30.32777],[-82.78787,30.32641],[-82.7885,30.32401],[-82.77957,30.32496],[-82.77743,30.32329],[-82.76956,30.32688],[-82.76546,30.33027],[-82.76323,30.33091],[-82.75959,30.32816],[-82.76137,30.32563],[-82.76075,30.32426],[-82.75319,30.31956],[-82.75009,30.31966],[-82.74718,30.31763],[-82.74541,30.31737],[-82.74388,30.31968],[-82.73982,30.32159],[-82.73811,30.32664],[-82.73655,30.32835],[-82.72464,30.3338],[-82.72306,30.33355],[-82.72247,30.33225],[-82.72479,30.32949],[-82.72482,30.32829],[-82.72149,30.32439],[-82.71701,30.32114],[-82.71541,30.32181],[-82.7132,30.32574],[-82.7105,30.32821],[-82.70313,30.33261],[-82.69884,30.33366],[-82.69366,30.33204],[-82.68968,30.33325],[-82.68898,30.33507],[-82.68381,30.33832],[-82.68147,30.34281],[-82.68187,30.34451],[-82.68393,30.34651],[-82.6869,30.35274],[-82.68677,30.35385],[-82.68332,30.35443],[-82.68158,30.35848],[-82.67599,30.36217],[-82.67579,30.36359],[-82.6747,30.36453],[-82.66578,30.36697],[-82.66253,30.3699],[-82.66508,30.37501],[-82.66564,30.37852],[-82.66443,30.38025],[-82.65921,30.38268],[-82.65817,30.38594],[-82.65826,30.39103],[-82.64995,30.3919],[-82.64705,30.39513],[-82.64708,30.40077],[-82.64548,30.40717],[-82.64593,30.40814],[-82.64815,30.40837],[-82.64983,30.40977],[-82.65153,30.41561],[-82.64937,30.41723],[-82.64918,30.41823],[-82.6539,30.42201],[-82.65312,30.42508],[-82.65435,30.42666],[-82.6525,30.42807],[-82.65258,30.42911],[-82.65631,30.4322],[-82.65538,30.43441],[-82.65792,30.43753],[-82.65922,30.44088],[-82.66013,30.44097],[-82.66102,30.43893],[-82.66199,30.43901],[-82.6663,30.44265],[-82.67095,30.44478],[-82.6729,30.44811],[-82.67236,30.44898],[-82.671,30.44911],[-82.67,30.44836],[-82.66985,30.44703],[-82.66854,30.44678],[-82.66779,30.44735],[-82.66804,30.44955],[-82.66695,30.45109],[-82.6653,30.45108],[-82.66257,30.44871],[-82.66254,30.45097],[-82.66555,30.45345],[-82.67126,30.45338],[-82.67289,30.45566],[-82.68021,30.46101],[-82.6808,30.46459],[-82.67553,30.46526],[-82.67738,30.46772],[-82.67673,30.47051],[-82.67742,30.47201],[-82.6818,30.47104],[-82.68882,30.47207],[-82.69783,30.47469],[-82.70158,30.47741],[-82.7018,30.47854],[-82.69977,30.47901],[-82.69956,30.47968],[-82.7024,30.48346],[-82.69678,30.48452],[-82.69675,30.48962],[-82.69796,30.49033],[-82.70133,30.49022],[-82.70623,30.4925],[-82.70498,30.49486],[-82.70782,30.49682],[-82.70841,30.49843],[-82.7058,30.50244],[-82.7062,30.5045],[-82.70861,30.50671],[-82.71443,30.50547],[-82.71578,30.50589],[-82.71661,30.50793],[-82.71614,30.5125],[-82.71821,30.5171],[-82.7184,30.52102],[-82.72019,30.5213],[-82.72188,30.51792],[-82.7236,30.51745],[-82.72531,30.52144],[-82.72862,30.52571],[-82.72753,30.52747],[-82.7278,30.53026],[-82.72691,30.53102],[-82.72066,30.53014],[-82.7169,30.53074],[-82.71435,30.53219],[-82.71707,30.54002],[-82.71663,30.54137],[-82.71938,30.54176],[-82.71923,30.54333],[-82.7215,30.54511],[-82.72149,30.5468],[-82.72254,30.54795],[-82.72286,30.55045],[-82.72073,30.55155],[-82.72088,30.55402],[-82.72412,30.554],[-82.72412,30.55562],[-82.726,30.5565],[-82.72682,30.55781],[-82.72645,30.55962],[-82.72456,30.55945],[-82.7228,30.56077],[-82.723,30.56256],[-82.72451,30.56335],[-82.72467,30.56431],[-82.72373,30.56483],[-82.72259,30.56354],[-82.7197,30.5629],[-82.71681,30.56447],[-82.7149,30.5681],[-82.71572,30.56857],[-82.71746,30.56675],[-82.71826,30.56802],[-82.71703,30.56965],[-82.70672,30.57427],[-82.70513,30.57621],[-82.70346,30.58159],[-82.70666,30.58432],[-82.70332,30.58638],[-82.70099,30.58936],[-82.69926,30.58932],[-82.69791,30.59105],[-82.69612,30.59163],[-82.696,30.59311],[-82.69752,30.59473],[-82.69638,30.59624],[-82.69478,30.59481],[-82.69185,30.59457],[-82.68954,30.59773],[-83.30948,30.63401]]]},"properties":{"name":"Hamilton","key":"hamilton","geoid":"12047"}},{"type":"Feature","geometry":{"type":"Polygon","coordinates":[[[-81.82903,27.34012],[-81.564,27.34066],[-81.56353,27.64664],[-82.05435,27.64638],[-82.05575,27.33826],[-81.85894,27.33671],[-81.85883,27.34026],[-81.82903,27.34012]]]},"properties":{"name":"Hardee","key":"hardee","geoid":"12049"}},{"type":"Feature","geometry":{"type":"Polygon","coordinates":[[[-81.56656,26.71338],[-81.56376,26.51333],[-81.48252,26.51354],[-81.46627,26.51384],[-81.45133,26.51548],[-81.27177,26.51707],[-81.272,26.42101],[-81.26824,26.25307],[-81.1229,26.25578],[-80.97664,26.25717],[-80.87971,26.25931],[-80.88192,26.34612],[-80.88002,26.34606],[-80.88311,26.44752],[-80.88577,26.60924],[-80.88564,26.95892],[-80.94532,26.7691],[-81.13012,26.76818],[-81.43493,26.76877],[-81.43492,26.78346],[-81.45933,26.78347],[-81.45945,26.76886],[-81.56575,26.7696],[-81.56656,26.71338]]]},"properties":{"name":"Hendry","key":"hendry","geoid":"12051"}},{"type":"Feature","geometry":{"type":"Polygon","coordinates":[[[-82.25329,28.47849],[-82.05469,28.4784],[-82.05447,28.52137],[-82.05838,28.52539],[-82.06518,28.53001],[-82.07034,28.53192],[-82.08056,28.52808],[-82.085,28.52775],[-82.0871,28.52451],[-82.09192,28.52325],[-82.09545,28.52384],[-82.09714,28.52536],[-82.09921,28.52989],[-82.10467,28.53469],[-82.10695,28.54045],[-82.10919,28.54366],[-82.11219,28.54406],[-82.11659,28.54079],[-82.11866,28.54061],[-82.1263,28.54459],[-82.12864,28.54494],[-82.13077,28.54642],[-82.13199,28.55132],[-82.13533,28.55631],[-82.13563,28.56075],[-82.13816,28.56353],[-82.13763,28.56525],[-82.14391,28.56599],[-82.14619,28.56892],[-82.14952,28.57098],[-82.15174,28.57055],[-82.15616,28.57335],[-82.15813,28.5718],[-82.15774,28.56967],[-82.16238,28.5687],[-82.16311,28.56657],[-82.16627,28.56366],[-82.16829,28.56703],[-82.17212,28.56579],[-82.17314,28.56622],[-82.17304,28.56709],[-82.17457,28.56679],[-82.17896,28.56881],[-82.18317,28.5682],[-82.18484,28.57027],[-82.1866,28.56858],[-82.18805,28.56946],[-82.18726,28.57004],[-82.18703,28.5727],[-82.18938,28.57366],[-82.19034,28.57288],[-82.19167,28.57493],[-82.19287,28.5738],[-82.19374,28.57498],[-82.19661,28.57568],[-82.19889,28.57302],[-82.20698,28.57191],[-82.21195,28.57405],[-82.2153,28.57691],[-82.21928,28.58265],[-82.2223,28.59178],[-82.22177,28.59363],[-82.22493,28.59694],[-82.22756,28.59843],[-82.22696,28.59909],[-82.22811,28.59917],[-82.22826,28.60052],[-82.23301,28.60051],[-82.23279,28.60285],[-82.23463,28.60585],[-82.2342,28.60866],[-82.23881,28.6129],[-82.24224,28.61332],[-82.24156,28.6146],[-82.24341,28.61638],[-82.24247,28.61779],[-82.24269,28.61896],[-82.24612,28.61986],[-82.24736,28.62253],[-82.2472,28.62378],[-82.2458,28.6247],[-82.24595,28.62677],[-82.24706,28.62718],[-82.24841,28.62987],[-82.25045,28.6301],[-82.25193,28.6291],[-82.25324,28.62962],[-82.25545,28.63269],[-82.25838,28.63348],[-82.26016,28.63504],[-82.26079,28.63729],[-82.25968,28.63917],[-82.25989,28.64179],[-82.25688,28.64523],[-82.25684,28.64887],[-82.25846,28.64868],[-82.25871,28.64737],[-82.26086,28.64698],[-82.2673,28.64822],[-82.2705,28.65016],[-82.2741,28.6546],[-82.27487,28.6567],[-82.27401,28.66068],[-82.27122,28.66138],[-82.26902,28.66014],[-82.26728,28.66022],[-82.26654,28.66085],[-82.26777,28.66281],[-82.26305,28.66763],[-82.26884,28.6669],[-82.32275,28.66685],[-82.37479,28.66567],[-82.418,28.66592],[-82.41835,28.69486],[-82.88954,28.69321],[-82.88564,28.67577],[-82.88117,28.66299],[-82.87756,28.64182],[-82.87086,28.6216],[-82.86496,28.60924],[-82.85763,28.59708],[-82.84896,28.58543],[-82.83914,28.57458],[-82.84522,28.56311],[-82.84955,28.55294],[-82.85319,28.542],[-82.85645,28.52774],[-82.85813,28.5101],[-82.85818,28.49903],[-82.85543,28.47721],[-82.86044,28.4689],[-82.86799,28.45258],[-82.87179,28.44265],[-82.87494,28.43079],[-82.63997,28.43384],[-82.45918,28.43369],[-82.31943,28.43497],[-82.25344,28.43482],[-82.25329,28.47849]]]},"properties":{"name":"Hernando","key":"hernando","geoid":"12053"}},{"type":"Feature","geometry":{"type":"Polygon","coordinates":[[[-81.56371,27.50016],[-81.56412,27.29675],[-81.56298,27.21197],[-81.56263,27.03369],[-81.34266,27.03232],[-81.3418,27.03973],[-81.33301,27.03962],[-81.33301,27.03237],[-81.26722,27.03247],[-81.26768,27.1211],[-81.16828,27.12173],[-81.16914,27.20959],[-80.96182,27.21077],[-80.94068,27.20594],[-80.94354,27.20838],[-80.94293,27.20964],[-80.94344,27.21065],[-80.94213,27.2116],[-80.94346,27.21233],[-80.94606,27.21725],[-80.94939,27.21987],[-80.94952,27.22059],[-80.94793,27.222],[-80.94943,27.22258],[-80.95135,27.22108],[-80.95246,27.22119],[-80.95119,27.22461],[-80.95212,27.22472],[-80.95351,27.22277],[-80.95577,27.22326],[-80.95699,27.21918],[-80.96392,27.21803],[-80.96357,27.21648],[-80.96067,27.2161],[-80.96185,27.21516],[-80.97114,27.21779],[-80.976,27.22514],[-80.98169,27.23147],[-80.98285,27.23188],[-80.98413,27.23088],[-80.98517,27.23145],[-80.98484,27.23293],[-80.98259,27.23384],[-80.98165,27.2373],[-80.98351,27.24187],[-80.98145,27.24138],[-80.98134,27.24211],[-80.98345,27.24482],[-80.98194,27.24505],[-80.98098,27.24352],[-80.98061,27.24641],[-80.98401,27.24681],[-80.98681,27.24896],[-80.99305,27.25055],[-80.99385,27.25347],[-80.99261,27.25353],[-80.99272,27.25424],[-80.99557,27.25695],[-80.99628,27.25577],[-80.99694,27.25618],[-80.99648,27.26035],[-80.99716,27.26022],[-80.9976,27.25847],[-80.99826,27.25903],[-80.99747,27.26126],[-80.99861,27.26324],[-80.99717,27.26422],[-80.99804,27.26664],[-80.99897,27.26828],[-80.99979,27.26733],[-81.00073,27.26776],[-80.99968,27.27067],[-80.99826,27.27182],[-80.99868,27.27438],[-80.99782,27.27606],[-80.99836,27.27644],[-80.99894,27.2757],[-80.99942,27.27629],[-80.99762,27.27849],[-80.99918,27.27823],[-80.99838,27.28003],[-80.99894,27.28092],[-80.99674,27.28156],[-80.99756,27.28382],[-80.99854,27.28405],[-80.99814,27.28562],[-80.99697,27.28636],[-80.99689,27.28811],[-80.99854,27.29144],[-80.99457,27.29594],[-80.9946,27.29733],[-80.99631,27.29703],[-80.9978,27.29513],[-80.99918,27.29538],[-81.00007,27.298],[-81.00308,27.29838],[-81.0041,27.29994],[-81.0041,27.30201],[-81.00503,27.30272],[-81.00705,27.30269],[-81.00737,27.30107],[-81.00977,27.30094],[-81.01058,27.30011],[-81.01159,27.3012],[-81.01229,27.30094],[-81.01352,27.29959],[-81.01108,27.29955],[-81.01291,27.29903],[-81.0129,27.29719],[-81.01568,27.30222],[-81.0163,27.30003],[-81.02013,27.30304],[-81.02093,27.30257],[-81.02065,27.30093],[-81.02127,27.30037],[-81.0256,27.30237],[-81.02879,27.30579],[-81.02923,27.30733],[-81.02889,27.30949],[-81.02807,27.30898],[-81.02819,27.30742],[-81.02664,27.30809],[-81.02703,27.31352],[-81.02802,27.31394],[-81.02883,27.31195],[-81.03029,27.31576],[-81.03026,27.31792],[-81.03292,27.31941],[-81.0329,27.32187],[-81.03178,27.3224],[-81.03057,27.32113],[-81.0297,27.32256],[-81.03,27.32358],[-81.03538,27.32794],[-81.03756,27.32809],[-81.03791,27.33001],[-81.03935,27.32809],[-81.04014,27.33054],[-81.04218,27.32824],[-81.04411,27.32967],[-81.044,27.3322],[-81.04612,27.33755],[-81.0454,27.34122],[-81.0415,27.34398],[-81.04259,27.34722],[-81.03943,27.34697],[-81.03607,27.34821],[-81.03518,27.35039],[-81.03444,27.35032],[-81.03339,27.34923],[-81.03357,27.34805],[-81.03654,27.3462],[-81.0346,27.34553],[-81.03075,27.3514],[-81.03057,27.35248],[-81.03157,27.35364],[-81.03406,27.35388],[-81.03516,27.3551],[-81.03499,27.35598],[-81.03328,27.35603],[-81.03352,27.35701],[-81.0353,27.35797],[-81.03443,27.35916],[-81.03676,27.35979],[-81.03718,27.35906],[-81.03892,27.36005],[-81.04059,27.35969],[-81.03969,27.36143],[-81.04166,27.36297],[-81.05114,27.36302],[-81.0513,27.36473],[-81.05291,27.36539],[-81.05112,27.36609],[-81.05162,27.36707],[-81.04982,27.36935],[-81.05002,27.37066],[-81.05288,27.37229],[-81.05536,27.3724],[-81.05567,27.3731],[-81.05876,27.37302],[-81.05967,27.37464],[-81.06093,27.37374],[-81.06153,27.37683],[-81.06355,27.37923],[-81.0633,27.3803],[-81.06544,27.38031],[-81.0684,27.38235],[-81.07049,27.38218],[-81.07236,27.38342],[-81.07379,27.38269],[-81.07666,27.384],[-81.07772,27.38329],[-81.07929,27.38429],[-81.08057,27.38392],[-81.08114,27.38576],[-81.08245,27.38464],[-81.08709,27.38381],[-81.08862,27.38219],[-81.09069,27.38384],[-81.09153,27.38274],[-81.0931,27.3834],[-81.09245,27.38182],[-81.09465,27.38144],[-81.09834,27.37908],[-81.10001,27.38031],[-81.10155,27.3832],[-81.10569,27.38305],[-81.11369,27.38487],[-81.11401,27.38608],[-81.11536,27.38665],[-81.11517,27.38767],[-81.11723,27.38842],[-81.11677,27.39004],[-81.1215,27.38992],[-81.12052,27.39108],[-81.12524,27.3936],[-81.12514,27.39541],[-81.12409,27.39644],[-81.12532,27.39749],[-81.12563,27.40004],[-81.12674,27.40112],[-81.12431,27.402],[-81.12335,27.40316],[-81.12425,27.40237],[-81.1254,27.40384],[-81.12727,27.40394],[-81.13011,27.40565],[-81.13036,27.4063],[-81.12873,27.40722],[-81.12902,27.40773],[-81.13089,27.40729],[-81.1322,27.40847],[-81.133,27.40616],[-81.13375,27.40898],[-81.13482,27.40776],[-81.13665,27.40836],[-81.13643,27.41052],[-81.13828,27.40846],[-81.13956,27.41015],[-81.13821,27.411],[-81.13861,27.41181],[-81.14408,27.41228],[-81.14372,27.41308],[-81.14227,27.41249],[-81.14187,27.41301],[-81.14378,27.41599],[-81.14187,27.41689],[-81.14088,27.42115],[-81.14135,27.42316],[-81.14048,27.42401],[-81.13862,27.42409],[-81.13919,27.42496],[-81.14046,27.425],[-81.13998,27.4281],[-81.14107,27.42867],[-81.13906,27.43404],[-81.14026,27.43431],[-81.13965,27.43512],[-81.14094,27.43593],[-81.14155,27.43965],[-81.14339,27.44123],[-81.14362,27.44334],[-81.14496,27.44359],[-81.14487,27.44501],[-81.14648,27.44582],[-81.14718,27.4472],[-81.14814,27.44606],[-81.14874,27.44729],[-81.15005,27.44576],[-81.15067,27.44617],[-81.15135,27.44723],[-81.15091,27.44925],[-81.15235,27.44856],[-81.15397,27.45155],[-81.15179,27.45217],[-81.15434,27.45401],[-81.15629,27.45399],[-81.15778,27.45489],[-81.15851,27.45365],[-81.15938,27.45393],[-81.15851,27.4553],[-81.15988,27.45728],[-81.16071,27.45732],[-81.15981,27.45633],[-81.16029,27.45583],[-81.16356,27.45736],[-81.16502,27.45692],[-81.1668,27.46013],[-81.1688,27.4595],[-81.17289,27.46307],[-81.17145,27.4639],[-81.17194,27.4662],[-81.17071,27.46752],[-81.17218,27.46782],[-81.1724,27.4695],[-81.17351,27.47034],[-81.17321,27.4713],[-81.17617,27.47289],[-81.17756,27.47502],[-81.17751,27.47809],[-81.18147,27.48096],[-81.18091,27.48238],[-81.18213,27.48264],[-81.18272,27.48387],[-81.18355,27.48379],[-81.18397,27.48239],[-81.18513,27.48269],[-81.18606,27.48184],[-81.18879,27.48231],[-81.19298,27.48631],[-81.19427,27.48505],[-81.19524,27.48583],[-81.19955,27.48633],[-81.1998,27.48801],[-81.20113,27.48927],[-81.20401,27.48903],[-81.20539,27.49025],[-81.20556,27.49218],[-81.20449,27.49323],[-81.20386,27.49647],[-81.20416,27.49907],[-81.202,27.49867],[-81.20212,27.50053],[-81.20008,27.50064],[-81.20249,27.50374],[-81.20053,27.50768],[-81.20209,27.50731],[-81.20187,27.50874],[-81.19846,27.51038],[-81.20001,27.51223],[-81.19944,27.51505],[-81.20121,27.51579],[-81.20132,27.51343],[-81.20206,27.51327],[-81.20287,27.51559],[-81.2043,27.51491],[-81.20767,27.51784],[-81.20624,27.51953],[-81.20903,27.52079],[-81.21208,27.5246],[-81.21052,27.52526],[-81.21055,27.52788],[-81.21138,27.52851],[-81.21352,27.52815],[-81.21416,27.52925],[-81.21238,27.5299],[-81.21233,27.53142],[-81.21036,27.53087],[-81.20999,27.53],[-81.20808,27.52998],[-81.20888,27.53234],[-81.2079,27.53396],[-81.20949,27.53523],[-81.20247,27.5394],[-81.20259,27.54048],[-81.20381,27.54071],[-81.20541,27.54287],[-81.20457,27.54455],[-81.20613,27.54665],[-81.20568,27.54768],[-81.20199,27.5463],[-81.19923,27.54638],[-81.1979,27.54864],[-81.19495,27.55079],[-81.19416,27.55276],[-81.19327,27.55324],[-81.19226,27.55244],[-81.1901,27.55353],[-81.19003,27.55452],[-81.19179,27.55495],[-81.19011,27.55533],[-81.19063,27.55666],[-81.18588,27.55868],[-81.18238,27.55749],[-81.17698,27.55801],[-81.17805,27.55903],[-81.17585,27.55939],[-81.17547,27.56217],[-81.17405,27.56293],[-81.17564,27.56277],[-81.17487,27.56432],[-81.1731,27.56519],[-81.17216,27.56462],[-81.17175,27.56586],[-81.17078,27.56543],[-81.17117,27.56781],[-81.16835,27.57047],[-81.16838,27.57284],[-81.16602,27.57496],[-81.16448,27.57277],[-81.1622,27.57465],[-81.15931,27.57417],[-81.1596,27.57352],[-81.16104,27.57351],[-81.16159,27.57167],[-81.16098,27.57076],[-81.15907,27.57356],[-81.15658,27.57449],[-81.15841,27.57718],[-81.15852,27.57901],[-81.15775,27.58352],[-81.15484,27.58715],[-81.15529,27.59161],[-81.15375,27.59213],[-81.15392,27.59316],[-81.14998,27.59458],[-81.14919,27.59698],[-81.14254,27.59773],[-81.14341,27.59836],[-81.14212,27.59918],[-81.14289,27.5998],[-81.14048,27.60083],[-81.14131,27.60394],[-81.14005,27.60467],[-81.14184,27.60706],[-81.14066,27.60837],[-81.14307,27.61265],[-81.14278,27.61416],[-81.14499,27.61604],[-81.14318,27.61811],[-81.14384,27.62009],[-81.14262,27.62077],[-81.14215,27.625],[-81.14132,27.62601],[-81.14187,27.62714],[-81.14099,27.62805],[-81.14286,27.62915],[-81.14293,27.63083],[-81.14153,27.63327],[-81.14226,27.63633],[-81.14387,27.6365],[-81.14435,27.63887],[-81.14179,27.63943],[-81.14274,27.64088],[-81.14095,27.6425],[-81.14286,27.6422],[-81.14216,27.64324],[-81.2498,27.6456],[-81.33539,27.6464],[-81.56353,27.64664],[-81.56371,27.50016]]]},"properties":{"name":"Highlands","key":"highlands","geoid":"12055"}},{"type":"Feature","geometry":{"type":"Polygon","coordinates":[[[-82.38488,27.64639],[-82.12491,27.64603],[-82.05421,27.64659],[-82.05498,27.71201],[-82.05624,28.17171],[-82.43243,28.17109],[-82.49798,28.1725],[-82.65129,28.17344],[-82.64876,28.08599],[-82.64772,27.95435],[-82.63327,27.95208],[-82.61948,27.94872],[-82.6105,27.94542],[-82.60103,27.94014],[-82.59175,27.93321],[-82.58699,27.92844],[-82.58218,27.91974],[-82.57878,27.91038],[-82.57603,27.90039],[-82.57256,27.88226],[-82.56351,27.81024],[-82.56151,27.78695],[-82.56146,27.7709],[-82.56326,27.75034],[-82.56669,27.73254],[-82.57257,27.71558],[-82.57854,27.70394],[-82.58841,27.69017],[-82.62694,27.64938],[-82.69675,27.64905],[-82.6967,27.63877],[-82.69939,27.63372],[-82.70067,27.62818],[-82.70257,27.62579],[-82.73482,27.61053],[-82.73714,27.61119],[-82.73858,27.61333],[-82.73851,27.61948],[-82.74263,27.6388],[-82.74576,27.64879],[-82.92401,27.64772],[-82.93096,27.62501],[-82.9346,27.60394],[-82.93509,27.58762],[-82.93292,27.56203],[-82.92878,27.54335],[-82.92417,27.53075],[-82.74955,27.56568],[-82.55565,27.64556],[-82.38488,27.64639]]]},"properties":{"name":"Hillsborough","key":"hillsborough","geoid":"12057"}},{"type":"Feature","geometry":{"type":"Polygon","coordinates":[[[-85.82162,30.79078],[-85.75193,30.78984],[-85.75198,30.77571],[-85.73511,30.77529],[-85.73605,30.74637],[-85.68515,30.74458],[-85.61901,30.74387],[-85.61958,30.74654],[-85.61886,30.74959],[-85.61952,30.75059],[-85.61862,30.75581],[-85.62038,30.75806],[-85.62047,30.75976],[-85.61942,30.76178],[-85.62073,30.76398],[-85.62016,30.76997],[-85.62146,30.77088],[-85.61595,30.77626],[-85.61585,30.77864],[-85.61388,30.78268],[-85.60756,30.79197],[-85.60322,30.79653],[-85.60227,30.79999],[-85.60271,30.80184],[-85.6001,30.80992],[-85.59866,30.81748],[-85.59975,30.8264],[-85.59859,30.82816],[-85.60029,30.83211],[-85.59901,30.83543],[-85.59988,30.8366],[-85.59807,30.83839],[-85.5992,30.83887],[-85.59844,30.84043],[-85.59967,30.84231],[-85.59968,30.84383],[-85.59799,30.84748],[-85.59643,30.84855],[-85.59573,30.85156],[-85.59621,30.85421],[-85.5949,30.85477],[-85.59436,30.85696],[-85.59488,30.85948],[-85.59249,30.86252],[-85.59219,30.86454],[-85.58818,30.86767],[-85.58627,30.87254],[-85.58411,30.87446],[-85.5844,30.87625],[-85.5833,30.87685],[-85.58286,30.88012],[-85.58389,30.88202],[-85.58296,30.88483],[-85.58064,30.88733],[-85.58054,30.88852],[-85.57917,30.88881],[-85.57774,30.89395],[-85.57662,30.89422],[-85.57696,30.89565],[-85.57571,30.89642],[-85.57557,30.8986],[-85.57193,30.90051],[-85.57013,30.90269],[-85.56992,30.90432],[-85.56792,30.90463],[-85.5664,30.90621],[-85.56457,30.91017],[-85.55906,30.91398],[-85.55315,30.92616],[-85.54845,30.93059],[-85.54774,30.93219],[-85.53784,30.93406],[-85.5304,30.93912],[-85.53048,30.94048],[-85.53191,30.9418],[-85.53101,30.94305],[-85.53159,30.94509],[-85.53057,30.94734],[-85.5303,30.9514],[-85.53246,30.95856],[-85.53181,30.96559],[-85.53256,30.96631],[-85.53128,30.96674],[-85.5304,30.96819],[-85.53045,30.97163],[-85.52921,30.97444],[-85.52716,30.97549],[-85.52231,30.97534],[-85.52167,30.97651],[-85.51887,30.9778],[-85.51486,30.98228],[-85.50304,30.99056],[-85.49799,30.99693],[-85.74962,30.99529],[-85.89347,30.99347],[-86.03504,30.99332],[-86.03589,30.88778],[-86.03777,30.78974],[-86.03759,30.70457],[-85.84431,30.70313],[-85.84515,30.70775],[-85.84488,30.7083],[-85.84388,30.70734],[-85.84299,30.70756],[-85.8432,30.71008],[-85.84247,30.71077],[-85.83941,30.7115],[-85.83627,30.70993],[-85.83498,30.7106],[-85.83526,30.71219],[-85.83728,30.71287],[-85.83678,30.7145],[-85.83919,30.71516],[-85.83977,30.71728],[-85.83947,30.71862],[-85.83866,30.71877],[-85.83754,30.71745],[-85.83626,30.71722],[-85.83561,30.71918],[-85.83405,30.72031],[-85.8336,30.72228],[-85.83494,30.72606],[-85.83303,30.72686],[-85.83306,30.72429],[-85.8317,30.72304],[-85.8256,30.72551],[-85.82523,30.72654],[-85.82798,30.7283],[-85.82837,30.73049],[-85.82484,30.73555],[-85.82253,30.73528],[-85.82259,30.73879],[-85.82395,30.73903],[-85.82526,30.73823],[-85.82998,30.74058],[-85.82814,30.74254],[-85.82429,30.74242],[-85.8243,30.744],[-85.82641,30.7441],[-85.82703,30.74686],[-85.8322,30.74843],[-85.83302,30.75],[-85.83059,30.75164],[-85.82774,30.75225],[-85.83254,30.75869],[-85.83181,30.76028],[-85.82905,30.76006],[-85.82825,30.76096],[-85.82809,30.76194],[-85.83052,30.76572],[-85.83021,30.76856],[-85.82769,30.77489],[-85.82645,30.77651],[-85.82259,30.77888],[-85.81947,30.77907],[-85.81636,30.78255],[-85.8164,30.78378],[-85.82162,30.79078]]]},"properties":{"name":"Holmes","key":"holmes","geoid":"12059"}},{"type":"Feature","geometry":{"type":"Polygon","coordinates":[[[-80.88157,27.82251],[-80.88007,27.7337],[-80.87379,27.73385],[-80.87316,27.6423],[-80.77805,27.64319],[-80.77717,27.55873],[-80.5257,27.55871],[-80.26354,27.55678],[-80.26855,27.5729],[-80.28135,27.62117],[-80.29493,27.63928],[-80.29646,27.65341],[-80.29887,27.66209],[-80.30117,27.66712],[-80.32811,27.75031],[-80.33253,27.76116],[-80.34187,27.77702],[-80.38507,27.86136],[-80.44709,27.86076],[-80.45464,27.85466],[-80.49108,27.8546],[-80.49358,27.85294],[-80.49479,27.85094],[-80.49427,27.84665],[-80.49682,27.83852],[-80.50534,27.82881],[-80.50733,27.82799],[-80.50907,27.82206],[-80.77011,27.82367],[-80.77009,27.82317],[-80.88157,27.82251]]]},"properties":{"name":"Indian River","key":"indian_river","geoid":"12061"}},{"type":"Feature","geometry":{"type":"Polygon","coordinates":[[[-85.01317,30.6061],[-84.98005,30.60569],[-84.93252,30.60639],[-84.92902,30.61159],[-84.92752,30.61249],[-84.91602,30.61559],[-84.90932,30.61859],[-84.90462,30.62379],[-84.90422,30.63629],[-84.90342,30.63849],[-84.89472,30.64459],[-84.89302,30.64669],[-84.88922,30.66159],[-84.88522,30.66569],[-84.87492,30.67199],[-84.87225,30.67584],[-84.86911,30.68319],[-84.86239,30.69093],[-84.85834,30.69662],[-84.85792,30.69841],[-84.86975,30.7219],[-84.87542,30.72749],[-84.88382,30.73259],[-84.88752,30.74179],[-84.89612,30.75059],[-84.90022,30.75189],[-84.90312,30.75179],[-84.90632,30.75059],[-84.91112,30.75119],[-84.91352,30.75229],[-84.91432,30.75359],[-84.91502,30.76119],[-84.92012,30.76599],[-84.91802,30.77209],[-84.91743,30.77589],[-84.91802,30.77809],[-84.92832,30.79309],[-84.92902,30.79729],[-84.92792,30.80279],[-84.92832,30.80509],[-84.93092,30.81049],[-84.93682,30.81849],[-84.93742,30.82089],[-84.93592,30.83329],[-84.93481,30.83585],[-84.93214,30.8383],[-84.92708,30.83902],[-84.92567,30.84268],[-84.92782,30.84789],[-84.93322,30.85149],[-84.93612,30.85699],[-84.93642,30.85979],[-84.93302,30.86259],[-84.93232,30.86429],[-84.93982,30.87259],[-84.93962,30.87429],[-84.93452,30.88129],[-84.93442,30.88359],[-84.93502,30.88479],[-84.93812,30.88679],[-84.94253,30.88849],[-84.94963,30.89739],[-84.95613,30.90759],[-84.96673,30.91729],[-84.96943,30.92199],[-84.97103,30.92819],[-84.97523,30.93079],[-84.98063,30.93269],[-84.98313,30.93479],[-84.98363,30.93699],[-84.98303,30.94259],[-84.97953,30.95559],[-84.97983,30.96019],[-84.98113,30.96339],[-84.98483,30.96749],[-84.99763,30.97119],[-84.99993,30.97119],[-85.00403,30.97347],[-85.00573,30.97591],[-85.00593,30.9798],[-85.00238,30.98784],[-85.00299,30.99262],[-85.00185,30.99707],[-85.0019,31.00068],[-85.24363,31.00088],[-85.49799,30.99693],[-85.50304,30.99056],[-85.51486,30.98228],[-85.51887,30.9778],[-85.52167,30.97651],[-85.52231,30.97534],[-85.52716,30.97549],[-85.52921,30.97444],[-85.53045,30.97163],[-85.5304,30.96819],[-85.53128,30.96674],[-85.53256,30.96631],[-85.53181,30.96559],[-85.53246,30.95856],[-85.5303,30.9514],[-85.53057,30.94734],[-85.53159,30.94509],[-85.53101,30.94305],[-85.53191,30.9418],[-85.53048,30.94048],[-85.5304,30.93912],[-85.53784,30.93406],[-85.54774,30.93219],[-85.54845,30.93059],[-85.55315,30.92616],[-85.55906,30.91398],[-85.56457,30.91017],[-85.5664,30.90621],[-85.56792,30.90463],[-85.56992,30.90432],[-85.57013,30.90269],[-85.57193,30.90051],[-85.57557,30.8986],[-85.57571,30.89642],[-85.57696,30.89565],[-85.57662,30.89422],[-85.57774,30.89395],[-85.57917,30.88881],[-85.58054,30.88852],[-85.58064,30.88733],[-85.58296,30.88483],[-85.58389,30.88202],[-85.58286,30.88012],[-85.5833,30.87685],[-85.5844,30.87625],[-85.58417,30.87432],[-85.58627,30.87254],[-85.58818,30.86767],[-85.59219,30.86454],[-85.59249,30.86252],[-85.59488,30.85948],[-85.59436,30.85696],[-85.5949,30.85477],[-85.59621,30.85421],[-85.59573,30.85156],[-85.59643,30.84855],[-85.59799,30.84748],[-85.59968,30.84383],[-85.59967,30.84231],[-85.59844,30.84043],[-85.5992,30.83887],[-85.59807,30.83839],[-85.59988,30.8366],[-85.59901,30.83543],[-85.60006,30.83378],[-85.59993,30.83055],[-85.48228,30.82951],[-85.48272,30.78589],[-85.43227,30.78546],[-85.43289,30.70128],[-85.43519,30.62477],[-85.43478,30.56756],[-85.26725,30.56552],[-85.24992,30.56595],[-85.17189,30.56434],[-85.17202,30.56636],[-85.17359,30.56904],[-85.17361,30.57493],[-85.17257,30.57588],[-85.17261,30.57868],[-85.17108,30.57974],[-85.16962,30.57939],[-85.16924,30.58096],[-85.16948,30.58223],[-85.17205,30.58428],[-85.17238,30.58581],[-85.16964,30.5937],[-85.16694,30.59565],[-85.16705,30.60185],[-85.16515,30.60486],[-85.16518,30.60604],[-85.16771,30.60803],[-85.01317,30.6061]]]},"properties":{"name":"Jackson","key":"jackson","geoid":"12063"}},{"type":"Feature","geometry":{"type":"Polygon","coordinates":[[[-84.04119,30.48437],[-84.04149,30.46331],[-84.07469,30.4343],[-84.07597,30.36323],[-84.07553,30.27045],[-84.07633,29.93749],[-84.06492,29.94008],[-84.0489,29.92581],[-84.03443,29.91572],[-84.01625,29.90577],[-83.99996,29.89895],[-83.99134,30.08428],[-83.99238,30.08971],[-83.99218,30.09621],[-83.98978,30.09861],[-83.98948,30.10161],[-83.98798,30.10361],[-83.98448,30.10501],[-83.98118,30.11091],[-83.98,30.11829],[-83.978,30.12058],[-83.97772,30.12309],[-83.97401,30.12666],[-83.97357,30.1287],[-83.9711,30.13135],[-83.96866,30.13603],[-83.96899,30.13747],[-83.97272,30.14049],[-83.97333,30.14562],[-83.96656,30.14938],[-83.9618,30.15082],[-83.96036,30.15215],[-83.96308,30.15751],[-83.95767,30.16227],[-83.95689,30.1685],[-83.95813,30.1719],[-83.95676,30.17464],[-83.9527,30.17579],[-83.95301,30.17765],[-83.95063,30.18236],[-83.95175,30.18515],[-83.9513,30.18628],[-83.94083,30.19209],[-83.93265,30.19111],[-83.93101,30.18912],[-83.92789,30.19117],[-83.92726,30.19089],[-83.92545,30.19286],[-83.92701,30.1944],[-83.92439,30.19835],[-83.92476,30.20129],[-83.92334,30.20247],[-83.92575,30.20472],[-83.92387,30.20676],[-83.92349,30.20896],[-83.92078,30.21099],[-83.92071,30.21324],[-83.91929,30.21351],[-83.91795,30.21492],[-83.91822,30.21619],[-83.9174,30.21756],[-83.91894,30.22014],[-83.91842,30.22107],[-83.91745,30.22094],[-83.9178,30.22212],[-83.91656,30.22339],[-83.91655,30.22546],[-83.91835,30.22508],[-83.9189,30.22788],[-83.92162,30.22871],[-83.92053,30.23022],[-83.91759,30.23165],[-83.916,30.23442],[-83.91665,30.23703],[-83.91488,30.2398],[-83.91591,30.23964],[-83.91647,30.24061],[-83.91527,30.24234],[-83.91576,30.24531],[-83.91392,30.24616],[-83.91196,30.24593],[-83.90997,30.24773],[-83.90819,30.24774],[-83.90813,30.2466],[-83.90756,30.24756],[-83.90635,30.24703],[-83.90637,30.24804],[-83.90258,30.24746],[-83.90196,30.24864],[-83.90276,30.24943],[-83.89962,30.24995],[-83.89698,30.25253],[-83.89701,30.25488],[-83.89614,30.25513],[-83.89687,30.25647],[-83.89573,30.25769],[-83.89333,30.25812],[-83.89315,30.25939],[-83.89188,30.25997],[-83.89233,30.26083],[-83.88806,30.26331],[-83.8863,30.26347],[-83.88441,30.26566],[-83.88294,30.26499],[-83.8821,30.26723],[-83.87951,30.26913],[-83.87843,30.26847],[-83.87742,30.26943],[-83.87334,30.26884],[-83.87246,30.26963],[-83.86955,30.26989],[-83.86943,30.27091],[-83.86805,30.27135],[-83.86615,30.27035],[-83.86309,30.27155],[-83.8615,30.27083],[-83.86006,30.27213],[-83.86029,30.27302],[-83.85742,30.2731],[-83.85616,30.27474],[-83.85433,30.27397],[-83.85349,30.27735],[-83.85069,30.27802],[-83.84923,30.27689],[-83.8475,30.27854],[-83.84487,30.27743],[-83.8403,30.28057],[-83.83866,30.2802],[-83.83841,30.28202],[-83.83734,30.28078],[-83.83636,30.28206],[-83.83676,30.28351],[-83.83449,30.28445],[-83.83485,30.28531],[-83.83365,30.28679],[-83.8326,30.28687],[-83.83235,30.2877],[-83.83176,30.2871],[-83.83024,30.28745],[-83.8284,30.28891],[-83.82763,30.29037],[-83.82886,30.29064],[-83.82932,30.29179],[-83.82726,30.29179],[-83.82841,30.29292],[-83.82619,30.29536],[-83.82567,30.29731],[-83.82412,30.29733],[-83.82238,30.29924],[-83.82002,30.29982],[-83.82026,30.30349],[-83.81812,30.30421],[-83.81914,30.30612],[-83.82191,30.30746],[-83.81999,30.3111],[-83.82055,30.31304],[-83.81645,30.31504],[-83.81555,30.31733],[-83.81208,30.31749],[-83.81105,30.31832],[-83.80786,30.31775],[-83.80595,30.31651],[-83.806,30.31578],[-83.80367,30.31639],[-83.8013,30.31534],[-83.7994,30.31758],[-83.79862,30.317],[-83.79634,30.319],[-83.79503,30.31943],[-83.79414,30.31855],[-83.794,30.31918],[-83.79245,30.31926],[-83.79121,30.32327],[-83.78888,30.32425],[-83.78928,30.32652],[-83.78851,30.3282],[-83.78761,30.32843],[-83.78711,30.33167],[-83.78795,30.33263],[-83.79183,30.33379],[-83.79356,30.33547],[-83.79369,30.33731],[-83.79579,30.33833],[-83.79756,30.34116],[-83.79664,30.34234],[-83.79953,30.34607],[-83.79939,30.34715],[-83.80757,30.34876],[-83.80504,30.35106],[-83.80408,30.35313],[-83.80442,30.35599],[-83.80602,30.35827],[-83.80644,30.36223],[-83.80811,30.36487],[-83.80658,30.36816],[-83.80667,30.37169],[-83.80414,30.3739],[-83.80502,30.37482],[-83.80455,30.37703],[-83.80064,30.37823],[-83.80139,30.37882],[-83.80087,30.37985],[-83.79834,30.38217],[-83.79574,30.38215],[-83.79489,30.38387],[-83.79501,30.38608],[-83.79294,30.38671],[-83.79243,30.38883],[-83.79033,30.3903],[-83.78754,30.38877],[-83.78828,30.38182],[-83.78653,30.38013],[-83.78319,30.37886],[-83.78083,30.38021],[-83.7798,30.38205],[-83.77454,30.38226],[-83.77305,30.38329],[-83.77035,30.38309],[-83.76869,30.38195],[-83.76713,30.38256],[-83.76606,30.38212],[-83.76187,30.38369],[-83.76058,30.38556],[-83.75767,30.38515],[-83.75616,30.38768],[-83.75521,30.39177],[-83.75497,30.39421],[-83.75584,30.39484],[-83.75581,30.39657],[-83.75391,30.39835],[-83.75275,30.39716],[-83.75183,30.39857],[-83.75207,30.40102],[-83.7501,30.40482],[-83.75111,30.40719],[-83.7507,30.40869],[-83.74655,30.41168],[-83.74601,30.41342],[-83.74299,30.41601],[-83.73963,30.42187],[-83.73685,30.4236],[-83.7333,30.42407],[-83.73315,30.42578],[-83.73214,30.42686],[-83.72798,30.42887],[-83.72697,30.43264],[-83.72403,30.4327],[-83.72172,30.43435],[-83.72241,30.43568],[-83.72164,30.43662],[-83.72265,30.43857],[-83.72282,30.44242],[-83.72433,30.44509],[-83.72421,30.44641],[-83.7253,30.44659],[-83.72648,30.4481],[-83.72637,30.45025],[-83.72782,30.45159],[-83.72833,30.45446],[-83.72627,30.45766],[-83.72684,30.45912],[-83.72362,30.46169],[-83.72429,30.46197],[-83.72402,30.46352],[-83.72537,30.46706],[-83.72491,30.46856],[-83.72807,30.47084],[-83.72896,30.47284],[-83.72768,30.47509],[-83.72739,30.47956],[-83.7284,30.48106],[-83.72808,30.48301],[-83.72641,30.48465],[-83.72725,30.48559],[-83.72693,30.48799],[-83.72784,30.49039],[-83.73112,30.49234],[-83.73137,30.4947],[-83.7328,30.49601],[-83.73353,30.49831],[-83.73555,30.49874],[-83.73516,30.50064],[-83.73651,30.50234],[-83.73698,30.50786],[-83.73467,30.51038],[-83.73423,30.51286],[-83.72598,30.52309],[-83.70436,30.52302],[-83.70429,30.53809],[-83.67107,30.53802],[-83.67112,30.55286],[-83.63741,30.55267],[-83.63734,30.56747],[-83.62119,30.56735],[-83.62073,30.58198],[-83.60419,30.58192],[-83.6044,30.63824],[-83.61212,30.63874],[-83.61172,30.65126],[-84.00745,30.67213],[-84.00769,30.6093],[-84.00572,30.60921],[-84.00311,30.60709],[-84.00468,30.60479],[-84.00377,30.60331],[-84.00443,30.60074],[-84.00168,30.596],[-84.00194,30.59137],[-84.0014,30.59056],[-84.00263,30.58711],[-84.00154,30.58413],[-83.99698,30.57953],[-83.9962,30.57774],[-83.99657,30.57476],[-83.99832,30.57258],[-83.99802,30.57147],[-83.99566,30.5698],[-83.99295,30.56563],[-83.99347,30.56513],[-83.99117,30.5628],[-83.99087,30.56111],[-83.98258,30.55532],[-83.97906,30.55083],[-83.98033,30.54953],[-83.98183,30.552],[-83.9836,30.55184],[-83.98502,30.55012],[-83.98673,30.54956],[-83.98701,30.5472],[-83.98571,30.54215],[-83.98322,30.53861],[-83.9831,30.53502],[-83.98421,30.53355],[-83.98396,30.53261],[-83.98103,30.52946],[-83.97861,30.52269],[-83.97717,30.52199],[-84.04115,30.5219],[-84.04119,30.48437]]]},"properties":{"name":"Jefferson","key":"jefferson","geoid":"12065"}},{"type":"Feature","geometry":{"type":"Polygon","coordinates":[[[-83.36889,30.15287],[-83.36836,30.13038],[-83.36956,30.04102],[-83.37066,30.01232],[-83.37089,29.88793],[-83.35299,29.88786],[-83.35286,29.82222],[-82.96173,29.82545],[-82.9592,29.82541],[-82.95907,29.82401],[-82.91871,29.82408],[-82.90396,29.82429],[-82.90226,29.82522],[-82.89503,29.82578],[-82.89287,29.82746],[-82.89096,29.84243],[-82.8884,29.85012],[-82.88554,29.85475],[-82.87794,29.86213],[-82.87562,29.86653],[-82.87695,29.87157],[-82.87522,29.87727],[-82.87603,29.8844],[-82.8768,29.88615],[-82.87924,29.88721],[-82.8842,29.88233],[-82.89009,29.88492],[-82.89286,29.88812],[-82.89309,29.88957],[-82.89085,29.89091],[-82.88895,29.89021],[-82.88732,29.88812],[-82.8859,29.888],[-82.8848,29.88922],[-82.88516,29.89158],[-82.88826,29.89463],[-82.89204,29.89673],[-82.89503,29.90026],[-82.89787,29.90144],[-82.90375,29.90095],[-82.90763,29.89814],[-82.90738,29.89316],[-82.909,29.88949],[-82.913,29.88978],[-82.91555,29.89179],[-82.91861,29.89639],[-82.91847,29.89817],[-82.91703,29.90078],[-82.91274,29.90243],[-82.9121,29.90484],[-82.91529,29.90716],[-82.91901,29.90826],[-82.91859,29.91507],[-82.92163,29.91934],[-82.92588,29.92133],[-82.92535,29.92468],[-82.9207,29.92894],[-82.92055,29.93007],[-82.92396,29.93652],[-82.92347,29.94318],[-82.92617,29.94989],[-82.93078,29.9574],[-82.93181,29.95781],[-82.93581,29.95684],[-82.95057,29.95832],[-82.9524,29.95936],[-82.95383,29.96136],[-82.95424,29.96638],[-82.95732,29.96912],[-82.96038,29.97515],[-82.96385,29.99454],[-82.96613,29.99575],[-82.97415,29.99664],[-82.97511,29.99764],[-82.97761,30.00612],[-82.97942,30.00739],[-82.98365,30.00758],[-82.99461,30.00603],[-83.00131,30.00879],[-83.00319,30.0108],[-83.0082,30.02415],[-83.01329,30.03212],[-83.01988,30.03662],[-83.02344,30.04084],[-83.0269,30.04339],[-83.0302,30.04501],[-83.03472,30.04578],[-83.03896,30.05233],[-83.0415,30.05457],[-83.04742,30.05653],[-83.05407,30.06077],[-83.0636,30.06395],[-83.06768,30.06633],[-83.06949,30.06874],[-83.07042,30.07256],[-83.06902,30.07815],[-83.06955,30.08125],[-83.07294,30.08241],[-83.08741,30.08294],[-83.09382,30.08689],[-83.09675,30.09016],[-83.09976,30.09131],[-83.11191,30.09116],[-83.11406,30.09363],[-83.11392,30.10154],[-83.11645,30.10407],[-83.12215,30.10495],[-83.12926,30.09882],[-83.13356,30.09692],[-83.13516,30.09772],[-83.13816,30.10182],[-83.14056,30.10352],[-83.14286,30.10432],[-83.14996,30.10412],[-83.15926,30.10932],[-83.16246,30.11002],[-83.16386,30.10872],[-83.16586,30.10322],[-83.16766,30.10082],[-83.17116,30.09922],[-83.17606,30.10002],[-83.17926,30.09942],[-83.18056,30.09852],[-83.18206,30.09452],[-83.18436,30.09412],[-83.18756,30.09672],[-83.19196,30.10242],[-83.19526,30.10462],[-83.19856,30.10582],[-83.20106,30.10582],[-83.21356,30.10332],[-83.21556,30.10462],[-83.21916,30.10962],[-83.22566,30.11332],[-83.22636,30.11562],[-83.22496,30.12522],[-83.22513,30.13799],[-83.22718,30.14113],[-83.2387,30.15276],[-83.23224,30.16066],[-83.23136,30.16402],[-83.2316,30.16684],[-83.23298,30.16873],[-83.24491,30.17696],[-83.24711,30.17975],[-83.24885,30.18393],[-83.25,30.19049],[-83.24915,30.19346],[-83.25006,30.19658],[-83.25008,30.20064],[-83.24483,30.21123],[-83.24367,30.21912],[-83.23968,30.22674],[-83.24086,30.22801],[-83.2473,30.23012],[-83.25036,30.232],[-83.25271,30.23565],[-83.25305,30.23872],[-83.25102,30.24314],[-83.24809,30.24564],[-83.2445,30.24589],[-83.24252,30.24823],[-83.24294,30.24956],[-83.24502,30.24965],[-83.2505,30.24748],[-83.25292,30.25061],[-83.25307,30.2551],[-83.25171,30.25874],[-83.24725,30.26067],[-83.36726,30.26044],[-83.36678,30.20109],[-83.36856,30.18722],[-83.36889,30.15287]]]},"properties":{"name":"Lafayette","key":"lafayette","geoid":"12067"}},{"type":"Feature","geometry":{"type":"Polygon","coordinates":[[[-81.8189,28.36171],[-81.79089,28.36184],[-81.79073,28.34641],[-81.65727,28.3471],[-81.6572,28.56983],[-81.65266,28.57114],[-81.6514,28.57512],[-81.65188,28.58051],[-81.64886,28.58265],[-81.6481,28.58448],[-81.65346,28.59045],[-81.6572,28.59257],[-81.65693,28.6078],[-81.6585,28.67955],[-81.6586,28.76644],[-81.65639,28.76983],[-81.65396,28.76754],[-81.65372,28.7663],[-81.65119,28.76593],[-81.64896,28.76695],[-81.64651,28.76987],[-81.64517,28.77268],[-81.64474,28.77598],[-81.64591,28.78156],[-81.64766,28.78461],[-81.64651,28.78587],[-81.624,28.78597],[-81.47737,28.78619],[-81.41468,28.78556],[-81.41571,28.78614],[-81.41401,28.78978],[-81.41379,28.79281],[-81.41571,28.80258],[-81.41819,28.80647],[-81.41965,28.81551],[-81.41629,28.82557],[-81.40828,28.83406],[-81.40729,28.83477],[-81.40386,28.83483],[-81.40305,28.83718],[-81.39857,28.84048],[-81.3984,28.84189],[-81.39466,28.84211],[-81.39134,28.84748],[-81.38993,28.84834],[-81.39012,28.84901],[-81.38767,28.84995],[-81.38687,28.84921],[-81.38296,28.85199],[-81.38001,28.85648],[-81.37981,28.85834],[-81.37493,28.86238],[-81.37601,28.8659],[-81.37491,28.86668],[-81.37519,28.8682],[-81.37412,28.86976],[-81.37349,28.87025],[-81.37292,28.8691],[-81.37201,28.86904],[-81.37155,28.87015],[-81.36969,28.87054],[-81.36913,28.87251],[-81.3663,28.8736],[-81.36705,28.87831],[-81.36654,28.87985],[-81.36305,28.87919],[-81.36596,28.88475],[-81.36557,28.88903],[-81.36453,28.89026],[-81.36261,28.89036],[-81.35891,28.88727],[-81.35717,28.88715],[-81.35484,28.89261],[-81.35556,28.89703],[-81.35339,28.89647],[-81.35264,28.8971],[-81.35406,28.89846],[-81.35756,28.89964],[-81.35753,28.90372],[-81.36017,28.90665],[-81.35903,28.90867],[-81.35667,28.91054],[-81.35945,28.91318],[-81.3592,28.91465],[-81.35412,28.9209],[-81.35193,28.92075],[-81.35332,28.92644],[-81.35515,28.92843],[-81.35537,28.92993],[-81.35438,28.93148],[-81.35143,28.93284],[-81.35147,28.93409],[-81.3535,28.93681],[-81.35004,28.9387],[-81.34972,28.93964],[-81.35321,28.93913],[-81.35534,28.94034],[-81.35523,28.9425],[-81.35318,28.94532],[-81.3537,28.94709],[-81.35514,28.9471],[-81.35826,28.94436],[-81.35944,28.9448],[-81.35917,28.94581],[-81.35462,28.94839],[-81.35396,28.94957],[-81.35502,28.95095],[-81.35959,28.95111],[-81.36037,28.95174],[-81.36034,28.95361],[-81.35881,28.95438],[-81.35892,28.95594],[-81.36167,28.9571],[-81.36362,28.9558],[-81.36787,28.95534],[-81.37089,28.95826],[-81.36692,28.9598],[-81.36725,28.95854],[-81.36581,28.96085],[-81.36959,28.9689],[-81.36703,28.96797],[-81.36417,28.96873],[-81.36185,28.97584],[-81.35687,28.97991],[-81.35523,28.98253],[-81.35455,28.98437],[-81.3559,28.98705],[-81.35839,28.98937],[-81.36441,28.99273],[-81.37295,28.9931],[-81.37567,28.994],[-81.37592,28.99505],[-81.3723,28.99714],[-81.3722,28.9985],[-81.37351,28.99941],[-81.37815,28.99894],[-81.38077,29.0074],[-81.38819,29.01069],[-81.38867,29.01195],[-81.38754,29.01556],[-81.38994,29.01885],[-81.3922,29.02002],[-81.39523,29.01867],[-81.39581,29.01912],[-81.39476,29.02414],[-81.40285,29.03247],[-81.40602,29.03271],[-81.4088,29.03101],[-81.4099,29.03127],[-81.41319,29.0372],[-81.41538,29.03836],[-81.41807,29.0379],[-81.41961,29.03842],[-81.42579,29.04481],[-81.42825,29.04558],[-81.43056,29.04419],[-81.43221,29.04442],[-81.43632,29.04803],[-81.44607,29.06211],[-81.45226,29.06165],[-81.45529,29.06307],[-81.45595,29.06594],[-81.4553,29.06858],[-81.45576,29.07155],[-81.46035,29.07395],[-81.46085,29.07575],[-81.45972,29.0792],[-81.4553,29.08077],[-81.45438,29.08198],[-81.45846,29.09383],[-81.46875,29.09702],[-81.47411,29.09469],[-81.48697,29.09291],[-81.48884,29.09319],[-81.492,29.09554],[-81.49748,29.09567],[-81.50205,29.0978],[-81.50049,29.10134],[-81.5006,29.10345],[-81.50674,29.11218],[-81.50633,29.11782],[-81.50453,29.12371],[-81.50999,29.13276],[-81.51309,29.13566],[-81.51459,29.14226],[-81.51689,29.14756],[-81.52307,29.15694],[-81.5236,29.161],[-81.52184,29.16535],[-81.52258,29.1677],[-81.52568,29.17015],[-81.53069,29.17123],[-81.53163,29.17303],[-81.53106,29.17592],[-81.53175,29.1772],[-81.54346,29.18058],[-81.54741,29.18497],[-81.55396,29.18465],[-81.55447,29.18614],[-81.55359,29.18843],[-81.55715,29.19391],[-81.55807,29.1974],[-81.5609,29.20019],[-81.57058,29.20196],[-81.57206,29.20335],[-81.57628,29.20275],[-81.58258,29.20026],[-81.59393,29.19903],[-81.60633,29.20089],[-81.61226,29.20283],[-81.61235,29.20456],[-81.61485,29.20634],[-81.6146,29.20764],[-81.61683,29.21051],[-81.61731,29.21293],[-81.61526,29.21616],[-81.61584,29.21784],[-81.61497,29.21739],[-81.61574,29.22105],[-81.61921,29.22849],[-81.62181,29.23031],[-81.63399,29.24478],[-81.63481,29.24727],[-81.63372,29.25014],[-81.63389,29.25434],[-81.63986,29.27256],[-81.64192,29.27677],[-81.64047,29.12652],[-81.6387,29.04776],[-81.6592,29.04776],[-81.6587,28.96035],[-81.69607,28.96007],[-81.72898,28.96116],[-81.84219,28.96102],[-81.84231,28.95989],[-81.85484,28.95978],[-81.95419,28.96005],[-81.95329,28.87526],[-81.95493,28.64243],[-81.95418,28.55612],[-81.95764,28.34518],[-81.85751,28.34596],[-81.85762,28.36187],[-81.8189,28.36171]]]},"properties":{"name":"Lake","key":"lake","geoid":"12069"}},{"type":"Feature","geometry":{"type":"Polygon","coordinates":[[[-81.93133,26.77005],[-82.20556,26.77053],[-82.20879,26.77172],[-82.21812,26.77979],[-82.22149,26.78175],[-82.23105,26.78265],[-82.24564,26.78639],[-82.26468,26.78943],[-82.46201,26.78743],[-82.44505,26.76463],[-82.43837,26.74883],[-82.43157,26.73615],[-82.43119,26.70735],[-82.43303,26.69009],[-82.43283,26.67193],[-82.42912,26.64931],[-82.42265,26.62984],[-82.41514,26.61327],[-82.40669,26.59764],[-82.39995,26.58734],[-82.3903,26.57525],[-82.38654,26.55693],[-82.37959,26.53686],[-82.37101,26.51986],[-82.35964,26.50273],[-82.34844,26.45407],[-82.34464,26.44282],[-82.33596,26.42267],[-82.3257,26.40457],[-82.31694,26.39162],[-82.30375,26.37524],[-82.29119,26.36295],[-82.27636,26.35102],[-82.25149,26.33565],[-82.24495,26.32983],[-81.81912,26.33042],[-81.81902,26.31624],[-81.6579,26.31756],[-81.65951,26.42108],[-81.56218,26.42263],[-81.56638,26.69478],[-81.56575,26.7696],[-81.93133,26.77005]]]},"properties":{"name":"Lee","key":"lee","geoid":"12071"}},{"type":"Feature","geometry":{"type":"Polygon","coordinates":[[[-84.38416,30.55386],[-84.3864,30.55238],[-84.38828,30.54933],[-84.38843,30.5463],[-84.38753,30.54422],[-84.38954,30.54002],[-84.39163,30.53198],[-84.39099,30.52942],[-84.3888,30.52939],[-84.3897,30.5279],[-84.3883,30.52622],[-84.39062,30.52493],[-84.39156,30.52612],[-84.39217,30.52576],[-84.3908,30.52423],[-84.39138,30.52242],[-84.39066,30.52144],[-84.39181,30.5205],[-84.39055,30.51989],[-84.39325,30.5208],[-84.39394,30.52006],[-84.39355,30.51758],[-84.3917,30.51758],[-84.39182,30.51693],[-84.39617,30.51675],[-84.39558,30.51575],[-84.39289,30.51583],[-84.39242,30.51484],[-84.39588,30.5151],[-84.39626,30.51412],[-84.39472,30.51338],[-84.3947,30.5124],[-84.3956,30.51247],[-84.39717,30.51437],[-84.39855,30.51215],[-84.40138,30.51024],[-84.40286,30.51077],[-84.40395,30.50964],[-84.4036,30.50858],[-84.40504,30.50796],[-84.40334,30.50694],[-84.40445,30.50644],[-84.40404,30.50542],[-84.40195,30.50527],[-84.40416,30.50376],[-84.40313,30.50205],[-84.40472,30.50147],[-84.40492,30.49932],[-84.40244,30.49994],[-84.40251,30.4986],[-84.40061,30.49655],[-84.40204,30.49477],[-84.40053,30.49409],[-84.39883,30.49497],[-84.39818,30.49382],[-84.39903,30.49265],[-84.39802,30.49233],[-84.39675,30.49318],[-84.39768,30.49106],[-84.3954,30.49053],[-84.39777,30.48857],[-84.39645,30.48622],[-84.39749,30.48527],[-84.39723,30.48332],[-84.39932,30.48205],[-84.40046,30.48231],[-84.40091,30.4807],[-84.4027,30.48054],[-84.40211,30.47782],[-84.40293,30.47577],[-84.40407,30.47597],[-84.40479,30.47517],[-84.40586,30.4757],[-84.4054,30.47401],[-84.41372,30.47052],[-84.41884,30.46666],[-84.42094,30.46366],[-84.42388,30.46412],[-84.42352,30.46731],[-84.42452,30.46721],[-84.4255,30.46574],[-84.42731,30.46638],[-84.43037,30.46588],[-84.43325,30.46375],[-84.43428,30.4642],[-84.434,30.46565],[-84.43481,30.46611],[-84.43705,30.46256],[-84.43843,30.46286],[-84.43789,30.46124],[-84.44015,30.4609],[-84.44114,30.46213],[-84.44742,30.4607],[-84.4485,30.46153],[-84.4501,30.46106],[-84.45028,30.46216],[-84.45261,30.46238],[-84.45436,30.46014],[-84.46051,30.45591],[-84.46409,30.4577],[-84.46586,30.45778],[-84.46771,30.4593],[-84.47114,30.45859],[-84.47252,30.46031],[-84.47341,30.46009],[-84.47397,30.45794],[-84.47676,30.45741],[-84.47844,30.45925],[-84.47923,30.45782],[-84.48101,30.45913],[-84.48229,30.45725],[-84.48482,30.4562],[-84.48954,30.45951],[-84.49531,30.4603],[-84.4976,30.45763],[-84.4979,30.45492],[-84.49917,30.45305],[-84.50338,30.45199],[-84.50439,30.45091],[-84.50704,30.45061],[-84.50792,30.45126],[-84.50911,30.4504],[-84.5106,30.45086],[-84.51133,30.45028],[-84.5124,30.45154],[-84.51348,30.45082],[-84.51431,30.45211],[-84.5155,30.4509],[-84.51648,30.45152],[-84.51897,30.45031],[-84.52035,30.45139],[-84.52232,30.44933],[-84.52614,30.4475],[-84.53033,30.43988],[-84.53479,30.43951],[-84.53765,30.44021],[-84.53942,30.43934],[-84.54216,30.44079],[-84.5432,30.43944],[-84.54591,30.44046],[-84.54612,30.43668],[-84.54778,30.43742],[-84.54903,30.43728],[-84.54969,30.4361],[-84.55197,30.43681],[-84.55599,30.43477],[-84.55727,30.436],[-84.55946,30.43402],[-84.56017,30.43514],[-84.55995,30.43755],[-84.56146,30.43791],[-84.5623,30.4357],[-84.56402,30.43472],[-84.56476,30.43325],[-84.5667,30.43353],[-84.56491,30.431],[-84.56713,30.43123],[-84.56883,30.42686],[-84.57165,30.4251],[-84.5736,30.42254],[-84.5767,30.4201],[-84.57974,30.41972],[-84.5804,30.4171],[-84.58245,30.4168],[-84.58289,30.4159],[-84.58737,30.4142],[-84.591,30.41173],[-84.59267,30.4135],[-84.59667,30.4127],[-84.60102,30.41511],[-84.60325,30.41557],[-84.6058,30.41487],[-84.60692,30.41614],[-84.61242,30.41131],[-84.61267,30.41015],[-84.61895,30.4108],[-84.62528,30.40892],[-84.6353,30.39955],[-84.6386,30.3982],[-84.63966,30.3965],[-84.64208,30.39623],[-84.64224,30.39791],[-84.64288,30.39813],[-84.64794,30.39436],[-84.64744,30.39289],[-84.64559,30.39161],[-84.64641,30.38828],[-84.66358,30.3784],[-84.66466,30.37722],[-84.66531,30.37428],[-84.66334,30.37244],[-84.66351,30.37048],[-84.66586,30.36987],[-84.66704,30.36751],[-84.67048,30.36414],[-84.67352,30.36433],[-84.67494,30.36688],[-84.6808,30.3681],[-84.68139,30.36706],[-84.68123,30.36153],[-84.68215,30.36015],[-84.68453,30.35995],[-84.68367,30.3577],[-84.68558,30.3552],[-84.68249,30.35457],[-84.68676,30.35286],[-84.68444,30.3514],[-84.68489,30.35011],[-84.69091,30.34962],[-84.69057,30.34745],[-84.69347,30.3489],[-84.69313,30.34667],[-84.6946,30.3452],[-84.69556,30.34525],[-84.69562,30.34709],[-84.6964,30.34715],[-84.69861,30.34422],[-84.70128,30.34355],[-84.70199,30.34211],[-84.70115,30.34043],[-84.70218,30.34024],[-84.70348,30.34126],[-84.70398,30.34075],[-84.70196,30.33865],[-84.70314,30.3377],[-84.70357,30.3359],[-84.70652,30.33671],[-84.70989,30.33388],[-84.71191,30.33447],[-84.71399,30.3328],[-84.715,30.33328],[-84.71514,30.33014],[-84.71073,30.32474],[-84.70867,30.32297],[-84.70535,30.32263],[-84.70413,30.32171],[-84.70277,30.32298],[-84.70275,30.32064],[-84.70102,30.31903],[-84.7021,30.31593],[-84.70869,30.30979],[-84.71155,30.30435],[-84.71107,30.30187],[-84.71335,30.30017],[-84.37853,30.30271],[-84.37853,30.30343],[-84.24767,30.30349],[-84.24122,30.27424],[-84.07554,30.27362],[-84.07597,30.36323],[-84.07469,30.4343],[-84.04149,30.46331],[-84.04115,30.5219],[-83.97717,30.52199],[-83.97861,30.52269],[-83.98103,30.52946],[-83.98396,30.53261],[-83.98421,30.53355],[-83.9831,30.53502],[-83.98322,30.53861],[-83.98571,30.54215],[-83.98701,30.5472],[-83.98673,30.54956],[-83.98502,30.55012],[-83.9836,30.55184],[-83.98183,30.552],[-83.98033,30.54953],[-83.97906,30.55083],[-83.98258,30.55532],[-83.99087,30.56111],[-83.99117,30.5628],[-83.99347,30.56513],[-83.99295,30.56563],[-83.99566,30.5698],[-83.99802,30.57147],[-83.99832,30.57258],[-83.99657,30.57476],[-83.9962,30.57774],[-83.99698,30.57953],[-84.00154,30.58413],[-84.00263,30.58711],[-84.0014,30.59056],[-84.00194,30.59137],[-84.00168,30.596],[-84.00443,30.60074],[-84.00377,30.60331],[-84.00468,30.60479],[-84.00311,30.60709],[-84.00572,30.60921],[-84.00769,30.6093],[-84.00745,30.67213],[-84.26851,30.68485],[-84.28256,30.68533],[-84.2835,30.68404],[-84.28465,30.68502],[-84.2858,30.68466],[-84.28618,30.68295],[-84.28768,30.68464],[-84.28686,30.68198],[-84.28867,30.68165],[-84.29036,30.6842],[-84.29115,30.68329],[-84.29077,30.68187],[-84.29211,30.68071],[-84.2975,30.68252],[-84.2981,30.67852],[-84.29976,30.67877],[-84.30018,30.6804],[-84.30115,30.68014],[-84.30029,30.67662],[-84.29835,30.67711],[-84.29811,30.67636],[-84.29931,30.6761],[-84.30002,30.67367],[-84.30065,30.67434],[-84.30041,30.67606],[-84.30123,30.67656],[-84.30314,30.67603],[-84.30324,30.67791],[-84.30442,30.67584],[-84.30316,30.67507],[-84.30281,30.67312],[-84.3041,30.67251],[-84.30532,30.67021],[-84.30468,30.66841],[-84.30259,30.66781],[-84.30182,30.66586],[-84.30003,30.66493],[-84.30263,30.66381],[-84.30242,30.66278],[-84.30012,30.66314],[-84.29911,30.66194],[-84.29943,30.66105],[-84.3025,30.65948],[-84.30097,30.65662],[-84.30184,30.65614],[-84.30305,30.65716],[-84.30413,30.65683],[-84.29938,30.65353],[-84.30234,30.65119],[-84.30026,30.64874],[-84.30117,30.64595],[-84.30071,30.64458],[-84.2997,30.64416],[-84.30067,30.64316],[-84.2999,30.64236],[-84.30058,30.64007],[-84.30169,30.63857],[-84.30365,30.63848],[-84.30554,30.63737],[-84.30549,30.63625],[-84.30415,30.63607],[-84.3037,30.63474],[-84.30527,30.63453],[-84.30587,30.63241],[-84.307,30.63342],[-84.30846,30.63237],[-84.31011,30.63315],[-84.31094,30.63229],[-84.31036,30.63105],[-84.31355,30.63039],[-84.31212,30.62837],[-84.31379,30.62802],[-84.3139,30.62737],[-84.31213,30.62763],[-84.31197,30.62685],[-84.31526,30.62626],[-84.31439,30.62449],[-84.31689,30.62328],[-84.31737,30.62127],[-84.3181,30.62128],[-84.31828,30.62242],[-84.31928,30.62192],[-84.3185,30.61958],[-84.31892,30.61881],[-84.3211,30.62105],[-84.32266,30.62061],[-84.32296,30.61745],[-84.32476,30.61811],[-84.32486,30.61705],[-84.32289,30.61612],[-84.32502,30.6164],[-84.32445,30.6139],[-84.32596,30.61295],[-84.32561,30.61177],[-84.32762,30.61188],[-84.32618,30.6082],[-84.3274,30.60813],[-84.32812,30.60996],[-84.3305,30.60863],[-84.32899,30.60659],[-84.3313,30.60709],[-84.33006,30.60528],[-84.33088,30.60446],[-84.33073,30.60311],[-84.33261,30.60252],[-84.33174,30.60198],[-84.33208,30.60044],[-84.33363,30.60112],[-84.33312,30.59934],[-84.33032,30.60014],[-84.33161,30.59848],[-84.3329,30.59822],[-84.33217,30.5964],[-84.33468,30.59745],[-84.33523,30.59574],[-84.33908,30.59712],[-84.33973,30.59773],[-84.33919,30.5996],[-84.34086,30.60021],[-84.3404,30.59803],[-84.34119,30.59719],[-84.34289,30.59798],[-84.34371,30.59645],[-84.34313,30.59515],[-84.34576,30.59541],[-84.34674,30.59481],[-84.34647,30.59173],[-84.34859,30.59174],[-84.34994,30.59323],[-84.352,30.59144],[-84.35332,30.592],[-84.35404,30.59091],[-84.35523,30.5913],[-84.35587,30.58989],[-84.35761,30.58943],[-84.35712,30.5866],[-84.35766,30.58613],[-84.36143,30.58401],[-84.36441,30.5854],[-84.36486,30.58496],[-84.36405,30.58355],[-84.36477,30.5827],[-84.36755,30.58328],[-84.36993,30.58243],[-84.37019,30.58109],[-84.37122,30.58147],[-84.37106,30.5797],[-84.37303,30.57878],[-84.37257,30.57527],[-84.3755,30.5743],[-84.37667,30.57511],[-84.37838,30.57347],[-84.37863,30.56985],[-84.37972,30.56727],[-84.37932,30.5658],[-84.38159,30.56501],[-84.38123,30.56363],[-84.38203,30.56284],[-84.3802,30.56166],[-84.38178,30.56164],[-84.38195,30.56063],[-84.37906,30.55929],[-84.38122,30.55713],[-84.38108,30.55517],[-84.38259,30.55572],[-84.38296,30.55492],[-84.38213,30.5544],[-84.38416,30.55386]]]},"properties":{"name":"Leon","key":"leon","geoid":"12073"}},{"type":"Feature","geometry":{"type":"Polygon","coordinates":[[[-82.79258,29.58468],[-82.85652,29.58424],[-82.85661,29.59132],[-82.93733,29.5912],[-82.93768,29.58718],[-82.94309,29.58523],[-82.94446,29.5823],[-82.94497,29.57519],[-82.94874,29.5659],[-82.94719,29.56002],[-82.9479,29.55753],[-82.95005,29.55611],[-82.95936,29.55324],[-82.96948,29.54467],[-82.97735,29.53989],[-82.97903,29.53504],[-82.97856,29.53187],[-82.97657,29.52942],[-82.97077,29.52585],[-82.9694,29.52232],[-82.97051,29.51908],[-82.97268,29.51727],[-82.97945,29.51842],[-82.98143,29.51764],[-82.98288,29.51544],[-82.98431,29.49632],[-82.98203,29.48946],[-82.98187,29.48542],[-82.98393,29.48124],[-82.98647,29.47868],[-82.9868,29.47654],[-82.9845,29.46991],[-82.98585,29.46727],[-82.98994,29.46335],[-82.99353,29.46283],[-82.99754,29.46359],[-83.00051,29.46265],[-83.00199,29.45653],[-83.01284,29.4459],[-83.01281,29.43977],[-83.02118,29.4312],[-83.02175,29.42964],[-83.02114,29.42714],[-83.01607,29.4227],[-83.01583,29.42141],[-83.01627,29.41963],[-83.01795,29.41863],[-83.02491,29.42034],[-83.02688,29.41895],[-83.02705,29.41768],[-83.02614,29.41645],[-83.02222,29.41443],[-83.02177,29.4131],[-83.02195,29.4116],[-83.02517,29.40919],[-83.02587,29.40568],[-83.0229,29.39926],[-83.02325,29.39856],[-83.02542,29.39701],[-83.03296,29.39795],[-83.03412,29.39665],[-83.03386,29.39055],[-83.04539,29.38068],[-83.04863,29.37914],[-83.05686,29.37834],[-83.06332,29.37503],[-83.0656,29.37266],[-83.06629,29.37085],[-83.06593,29.36848],[-83.06225,29.36423],[-83.06326,29.36182],[-83.07064,29.35735],[-83.07207,29.35534],[-83.07205,29.35386],[-83.06992,29.35281],[-83.06142,29.35268],[-83.0605,29.34997],[-83.06167,29.34837],[-83.06852,29.34395],[-83.0822,29.33986],[-83.09039,29.33275],[-83.09249,29.33225],[-83.09495,29.33592],[-83.09626,29.33681],[-83.0988,29.33686],[-83.10123,29.33347],[-83.10452,29.32544],[-83.11023,29.32546],[-83.11189,29.32468],[-83.11295,29.31814],[-83.11952,29.31715],[-83.12881,29.31941],[-83.12981,29.3209],[-83.13616,29.32344],[-83.13957,29.32398],[-83.14203,29.32259],[-83.14332,29.32125],[-83.14617,29.3113],[-83.14803,29.30777],[-83.15081,29.30543],[-83.15806,29.30224],[-83.16482,29.28916],[-83.34618,29.24187],[-83.34106,29.23007],[-83.33311,29.21594],[-83.32389,29.20306],[-83.31523,29.19313],[-83.30338,29.18188],[-83.29198,29.17293],[-83.27798,29.16389],[-83.26208,29.15572],[-83.26453,29.13637],[-83.26386,29.11445],[-83.26047,29.09621],[-83.25374,29.0765],[-83.24273,29.0538],[-83.22056,29.01949],[-83.20583,29.00223],[-83.18791,28.98657],[-82.76157,28.99209],[-82.75929,28.99247],[-82.75475,28.9975],[-82.75542,29.00187],[-82.7492,29.00449],[-82.74488,29.00757],[-82.74232,29.00802],[-82.74189,29.00866],[-82.74274,29.01018],[-82.741,29.01207],[-82.73721,29.01241],[-82.73347,29.01495],[-82.72768,29.01509],[-82.72692,29.01787],[-82.7222,29.02319],[-82.7211,29.0235],[-82.72001,29.02557],[-82.71664,29.02816],[-82.71153,29.03099],[-82.70818,29.03147],[-82.70553,29.03077],[-82.70283,29.03282],[-82.70103,29.03196],[-82.69702,29.03173],[-82.69602,29.03313],[-82.69283,29.03259],[-82.68981,29.03396],[-82.68354,29.03056],[-82.6771,29.03056],[-82.67518,29.02608],[-82.66631,29.02493],[-82.6648,29.02381],[-82.65968,29.02358],[-82.65743,29.02219],[-82.65269,29.02304],[-82.64954,29.02095],[-82.64872,29.02182],[-82.64695,29.0217],[-82.64407,29.02008],[-82.64049,29.02147],[-82.6391,29.01995],[-82.63898,29.01825],[-82.63699,29.0175],[-82.63485,29.01802],[-82.63331,29.01609],[-82.63066,29.01639],[-82.62824,29.01359],[-82.62542,29.01378],[-82.62297,29.01248],[-82.62096,29.0125],[-82.61822,29.01029],[-82.6134,29.00935],[-82.60747,29.01044],[-82.60348,29.01234],[-82.60133,29.0146],[-82.60072,29.01639],[-82.602,29.01917],[-82.60168,29.02129],[-82.59788,29.02793],[-82.596,29.02957],[-82.59362,29.03004],[-82.58613,29.02828],[-82.57697,29.02806],[-82.5748,29.02912],[-82.5722,29.0327],[-82.5663,29.03439],[-82.56414,29.03582],[-82.56147,29.03467],[-82.55852,29.0353],[-82.55777,29.03377],[-82.55602,29.03386],[-82.54582,29.04179],[-82.54303,29.04272],[-82.54174,29.04205],[-82.53809,29.04225],[-82.53661,29.04296],[-82.53709,29.04449],[-82.53559,29.04486],[-82.53501,29.05383],[-82.53592,29.12666],[-82.53459,29.15642],[-82.53486,29.21468],[-82.40324,29.21562],[-82.40519,29.31518],[-82.40553,29.429],[-82.40694,29.42902],[-82.40662,29.48505],[-82.49625,29.4855],[-82.49633,29.47837],[-82.55677,29.48005],[-82.55667,29.53456],[-82.5572,29.53753],[-82.59479,29.5378],[-82.65633,29.53562],[-82.6563,29.56481],[-82.75646,29.56247],[-82.75687,29.57768],[-82.77302,29.57765],[-82.77291,29.58488],[-82.79258,29.58468]]]},"properties":{"name":"Levy","key":"levy","geoid":"12075"}},{"type":"Feature","geometry":{"type":"Polygon","coordinates":[[[-84.97897,30.01379],[-84.81525,30.01134],[-84.6852,30.01185],[-84.57262,30.01078],[-84.54406,30.01102],[-84.54287,30.01218],[-84.54666,30.01547],[-84.54781,30.01493],[-84.5472,30.01206],[-84.54806,30.01141],[-84.54872,30.01169],[-84.549,30.01373],[-84.55057,30.01461],[-84.55569,30.01478],[-84.55532,30.01801],[-84.55625,30.02049],[-84.558,30.022],[-84.5618,30.02277],[-84.56287,30.02265],[-84.56136,30.0207],[-84.56181,30.0196],[-84.56372,30.01933],[-84.56514,30.01742],[-84.56618,30.01739],[-84.56687,30.01985],[-84.56833,30.0204],[-84.56941,30.01888],[-84.56907,30.01701],[-84.57037,30.01688],[-84.57362,30.02049],[-84.59105,30.02964],[-84.59511,30.03329],[-84.59596,30.03638],[-84.59881,30.03787],[-84.59932,30.04013],[-84.59717,30.04131],[-84.59324,30.04018],[-84.59332,30.04176],[-84.60018,30.04362],[-84.59744,30.04496],[-84.59666,30.04696],[-84.59798,30.04729],[-84.60094,30.04542],[-84.60392,30.04633],[-84.60555,30.05227],[-84.60761,30.05483],[-84.60895,30.05851],[-84.61604,30.06536],[-84.61756,30.06443],[-84.62038,30.06694],[-84.62199,30.06359],[-84.62608,30.06239],[-84.6258,30.0653],[-84.63016,30.06495],[-84.63133,30.06568],[-84.63108,30.0672],[-84.62792,30.069],[-84.63314,30.06847],[-84.63527,30.07216],[-84.63301,30.07267],[-84.63276,30.07339],[-84.63588,30.07509],[-84.63636,30.0763],[-84.63559,30.0774],[-84.63917,30.07918],[-84.63789,30.08374],[-84.64179,30.0827],[-84.64273,30.08451],[-84.64257,30.08736],[-84.64427,30.08916],[-84.64477,30.09128],[-84.6497,30.09296],[-84.64819,30.0936],[-84.64973,30.09539],[-84.65115,30.09576],[-84.6509,30.09736],[-84.65221,30.09753],[-84.65305,30.09657],[-84.65425,30.09706],[-84.65276,30.09823],[-84.65455,30.09992],[-84.65425,30.10054],[-84.65052,30.10124],[-84.65259,30.10319],[-84.65095,30.10316],[-84.64814,30.10536],[-84.64902,30.10594],[-84.65204,30.10431],[-84.65137,30.10586],[-84.65192,30.10698],[-84.64844,30.10808],[-84.64809,30.10883],[-84.65028,30.11016],[-84.65171,30.11229],[-84.65169,30.11476],[-84.65278,30.11613],[-84.65287,30.11799],[-84.65398,30.11828],[-84.65641,30.11721],[-84.65659,30.11426],[-84.65962,30.11508],[-84.6599,30.11653],[-84.66119,30.11718],[-84.66081,30.1202],[-84.66467,30.12037],[-84.66754,30.12299],[-84.66582,30.12449],[-84.66878,30.12481],[-84.67036,30.12763],[-84.66943,30.12896],[-84.66809,30.12915],[-84.66785,30.13154],[-84.66604,30.1322],[-84.66833,30.13271],[-84.66545,30.13449],[-84.66806,30.13513],[-84.667,30.13725],[-84.66871,30.13683],[-84.67161,30.13768],[-84.67017,30.13914],[-84.67223,30.14124],[-84.66832,30.14331],[-84.66962,30.14446],[-84.66926,30.14666],[-84.67063,30.14615],[-84.67168,30.14721],[-84.67037,30.14984],[-84.67254,30.15041],[-84.67088,30.15214],[-84.66876,30.15264],[-84.67079,30.15371],[-84.66946,30.15498],[-84.67061,30.15775],[-84.66878,30.15858],[-84.66886,30.16084],[-84.66764,30.16144],[-84.66911,30.16356],[-84.66741,30.16338],[-84.66699,30.16398],[-84.66962,30.16548],[-84.66783,30.16704],[-84.66514,30.1661],[-84.6674,30.16837],[-84.66565,30.16881],[-84.66492,30.17],[-84.66602,30.17248],[-84.66658,30.17146],[-84.66838,30.17092],[-84.66836,30.17271],[-84.67015,30.17336],[-84.66808,30.17482],[-84.66849,30.18289],[-84.6696,30.18333],[-84.67044,30.18497],[-84.67155,30.18374],[-84.67256,30.18409],[-84.67218,30.18604],[-84.67287,30.18712],[-84.67368,30.18405],[-84.67475,30.18379],[-84.67471,30.18557],[-84.67657,30.1857],[-84.67826,30.18809],[-84.67809,30.19544],[-84.67597,30.20116],[-84.67664,30.20095],[-84.67782,30.20212],[-84.68121,30.20208],[-84.68186,30.20305],[-84.68162,30.20547],[-84.6801,30.20704],[-84.68213,30.2121],[-84.68198,30.21818],[-84.68374,30.21841],[-84.68317,30.21984],[-84.68518,30.22003],[-84.68765,30.22226],[-84.68883,30.22169],[-84.6904,30.22295],[-84.69196,30.22209],[-84.69485,30.22258],[-84.69361,30.22411],[-84.69595,30.22546],[-84.69549,30.22733],[-84.69967,30.2278],[-84.6973,30.22914],[-84.70103,30.23197],[-84.70151,30.23511],[-84.70058,30.23533],[-84.69859,30.23358],[-84.6991,30.23637],[-84.69712,30.23687],[-84.69941,30.23812],[-84.69906,30.23891],[-84.69747,30.2386],[-84.6975,30.23934],[-84.70065,30.24341],[-84.70009,30.24444],[-84.69825,30.24478],[-84.69827,30.24569],[-84.6999,30.24612],[-84.70145,30.24846],[-84.70419,30.24952],[-84.70554,30.2518],[-84.70696,30.25096],[-84.70831,30.25344],[-84.70993,30.25309],[-84.70928,30.25167],[-84.71222,30.25044],[-84.71572,30.25165],[-84.71612,30.25297],[-84.72661,30.25672],[-84.73785,30.26565],[-84.73656,30.26812],[-84.73508,30.26729],[-84.73217,30.26794],[-84.7305,30.27005],[-84.73094,30.27516],[-84.72766,30.27585],[-84.72726,30.27844],[-84.72971,30.27905],[-84.73084,30.28044],[-84.73099,30.28334],[-84.72921,30.28744],[-84.71159,30.30122],[-84.71107,30.30187],[-84.71155,30.30435],[-84.70889,30.30948],[-84.70111,30.31767],[-84.70116,30.31934],[-84.70275,30.32064],[-84.70277,30.32298],[-84.70413,30.32171],[-84.70535,30.32263],[-84.70766,30.32256],[-84.71111,30.32513],[-84.71514,30.33014],[-84.715,30.33328],[-84.71399,30.3328],[-84.71191,30.33447],[-84.70989,30.33388],[-84.70652,30.33671],[-84.70357,30.3359],[-84.70314,30.3377],[-84.70196,30.33865],[-84.70398,30.34075],[-84.70348,30.34126],[-84.70218,30.34024],[-84.70115,30.34043],[-84.70199,30.34211],[-84.70128,30.34355],[-84.69861,30.34422],[-84.6964,30.34715],[-84.69562,30.34709],[-84.69556,30.34525],[-84.6946,30.3452],[-84.69313,30.34667],[-84.69347,30.3489],[-84.69057,30.34745],[-84.69091,30.34962],[-84.68489,30.35011],[-84.68444,30.3514],[-84.68676,30.35286],[-84.68249,30.35457],[-84.68558,30.3552],[-84.68367,30.3577],[-84.68453,30.35995],[-84.68215,30.36015],[-84.68123,30.36153],[-84.68139,30.36706],[-84.6808,30.3681],[-84.67494,30.36688],[-84.67352,30.36433],[-84.67048,30.36414],[-84.66704,30.36751],[-84.66586,30.36987],[-84.66351,30.37048],[-84.66334,30.37244],[-84.66531,30.37428],[-84.66466,30.37722],[-84.66358,30.3784],[-84.64641,30.38828],[-84.68063,30.38797],[-84.68052,30.41727],[-84.71412,30.4172],[-84.7141,30.4604],[-84.78111,30.45979],[-84.78181,30.51869],[-84.81562,30.51849],[-84.81582,30.53309],[-84.88262,30.53309],[-84.88332,30.60559],[-84.93252,30.60639],[-84.93642,30.59969],[-84.94492,30.59549],[-84.94572,30.59029],[-84.94352,30.58389],[-84.94512,30.58099],[-84.94682,30.57989],[-84.95232,30.57859],[-84.95582,30.57939],[-84.96212,30.58249],[-84.96542,30.58019],[-84.96532,30.57159],[-84.96172,30.56649],[-84.96152,30.56509],[-84.96282,30.56299],[-84.97372,30.55299],[-84.98462,30.53269],[-84.99122,30.5224],[-84.99292,30.5147],[-84.99101,30.50429],[-84.99162,30.50059],[-84.99381,30.49555],[-84.99446,30.48908],[-84.99576,30.48599],[-85.00324,30.47881],[-85.00431,30.47621],[-85.00373,30.47468],[-84.99992,30.47242],[-84.99578,30.47177],[-84.98831,30.47212],[-84.98669,30.46958],[-84.98744,30.4649],[-84.99186,30.46307],[-85.00056,30.45533],[-85.00164,30.45097],[-85.00081,30.44807],[-84.99744,30.4457],[-84.99343,30.44493],[-84.99055,30.44536],[-84.98631,30.44737],[-84.98281,30.44763],[-84.98084,30.44546],[-84.98123,30.44413],[-84.9832,30.44184],[-84.98949,30.44107],[-84.9997,30.43751],[-85.01518,30.43436],[-85.02437,30.42911],[-85.03188,30.42265],[-85.03293,30.4203],[-85.03286,30.41832],[-85.03166,30.41551],[-85.02942,30.41301],[-85.02456,30.41251],[-85.0181,30.4136],[-85.01553,30.41317],[-85.01366,30.41065],[-85.01427,30.40902],[-85.01593,30.408],[-85.0273,30.4056],[-85.02988,30.40327],[-85.0293,30.39981],[-85.02741,30.3982],[-85.01557,30.39617],[-85.01457,30.39427],[-85.01461,30.38739],[-85.01525,30.38582],[-85.02243,30.38067],[-85.0251,30.37584],[-85.02725,30.37595],[-85.02867,30.37783],[-85.03124,30.37866],[-85.03724,30.3752],[-85.0402,30.37209],[-85.04051,30.36887],[-85.03857,30.36563],[-85.03729,30.36503],[-85.02743,30.36516],[-85.02648,30.36477],[-85.02601,30.36304],[-85.0279,30.36084],[-85.03726,30.35801],[-85.04038,30.35572],[-85.04277,30.35247],[-85.04549,30.34367],[-85.04917,30.34003],[-85.04997,30.33817],[-85.04974,30.33654],[-85.04427,30.32879],[-85.04438,30.32636],[-85.04652,30.32226],[-85.04627,30.32017],[-85.04218,30.31739],[-85.03494,30.31511],[-85.03429,30.31248],[-85.03656,30.31037],[-85.03911,30.30993],[-85.04815,30.31267],[-85.05023,30.31127],[-85.05046,30.31013],[-85.04717,30.30422],[-85.04745,30.30307],[-85.05011,30.30273],[-85.05499,30.30483],[-85.05692,30.30346],[-85.05725,30.3013],[-85.05273,30.28697],[-85.05773,30.28608],[-85.05959,30.28503],[-85.06006,30.28187],[-85.058,30.27609],[-85.05907,30.27432],[-85.06339,30.27167],[-85.06411,30.26987],[-85.06337,30.26795],[-85.06011,30.26534],[-85.05909,30.26323],[-85.06017,30.26107],[-85.06774,30.25877],[-85.06861,30.25748],[-85.06926,30.2502],[-85.07003,30.24939],[-85.07312,30.24971],[-85.07512,30.25126],[-85.07677,30.25099],[-85.07871,30.24884],[-85.07804,30.24351],[-85.07974,30.24123],[-85.08294,30.23911],[-85.08343,30.23715],[-85.08261,30.23461],[-85.07965,30.23155],[-85.07985,30.22972],[-85.08272,30.2283],[-85.08853,30.22967],[-85.09146,30.22936],[-85.09208,30.22757],[-85.09059,30.22364],[-85.09091,30.22242],[-85.0931,30.22075],[-85.09951,30.21966],[-85.10025,30.2173],[-85.09954,30.21371],[-85.10181,30.21174],[-85.10571,30.21338],[-85.10608,30.21602],[-85.1074,30.21758],[-85.10969,30.21841],[-85.11137,30.218],[-85.112,30.2161],[-85.10947,30.21059],[-85.10992,30.2093],[-85.11215,30.20827],[-85.11743,30.21079],[-85.11924,30.20863],[-85.11888,30.20701],[-85.11531,30.20248],[-85.11544,30.2002],[-85.1215,30.19539],[-85.12351,30.19238],[-85.12663,30.18381],[-85.13363,30.18178],[-85.13477,30.18077],[-85.13511,30.17941],[-85.13394,30.17599],[-85.13867,30.17255],[-85.13751,30.16681],[-85.13985,30.1635],[-85.13879,30.16183],[-85.13404,30.16202],[-85.13318,30.15949],[-85.13504,30.15214],[-85.13876,30.14772],[-85.13754,30.14565],[-85.1332,30.14575],[-85.13209,30.14441],[-85.13286,30.14276],[-85.13744,30.13969],[-85.13737,30.13473],[-85.1446,30.12903],[-85.14542,30.12466],[-85.1449,30.12315],[-85.14303,30.12174],[-85.13864,30.12054],[-85.13183,30.12069],[-85.12996,30.11846],[-85.13096,30.11621],[-85.133,30.11498],[-85.14185,30.11545],[-85.14226,30.11329],[-85.13972,30.11009],[-85.14095,30.10886],[-85.14292,30.1093],[-85.14576,30.11166],[-85.14861,30.11145],[-85.14897,30.10953],[-85.14493,30.0994],[-85.14492,30.09747],[-85.14574,30.09679],[-85.15032,30.09686],[-85.15401,30.09204],[-85.15282,30.09066],[-85.14696,30.08855],[-85.14325,30.08899],[-85.14116,30.08737],[-85.1386,30.0875],[-85.13458,30.08279],[-85.13441,30.08022],[-85.13781,30.07406],[-85.13828,30.07163],[-85.13714,30.06956],[-85.13341,30.06863],[-85.13218,30.06747],[-85.1333,30.0658],[-85.13689,30.06382],[-85.13602,30.05745],[-85.13651,30.05276],[-85.13461,30.04779],[-85.13557,30.04363],[-85.1307,30.04316],[-85.12834,30.0415],[-85.12886,30.04047],[-85.13159,30.03945],[-85.13121,30.03796],[-85.11911,30.02891],[-85.11467,30.02341],[-85.11369,30.02317],[-85.10868,30.02564],[-85.10721,30.02435],[-85.10772,30.02219],[-85.10707,30.02106],[-85.10452,30.02017],[-85.10071,30.02119],[-85.09987,30.02438],[-85.09716,30.0241],[-85.09735,30.01985],[-85.10041,30.01764],[-85.10056,30.0166],[-85.09898,30.01532],[-85.09316,30.01573],[-85.09131,30.01427],[-85.0915,30.0119],[-85.08416,30.0146],[-85.08098,30.0102],[-85.0779,30.00849],[-85.07366,30.00756],[-85.07192,30.0048],[-85.05976,30.0041],[-85.05651,30.00327],[-85.054,30.00128],[-85.05286,29.99701],[-85.05062,29.99384],[-85.0506,29.99083],[-85.04973,29.99012],[-85.04734,29.98994],[-85.04395,29.98837],[-85.03845,29.99063],[-85.03664,29.99053],[-85.03227,29.98794],[-85.0298,29.98741],[-85.02991,29.98498],[-85.02725,29.98212],[-85.02551,29.97544],[-85.02544,29.9714],[-85.02357,29.97303],[-85.02165,29.97701],[-85.0182,29.98104],[-85.01906,29.98297],[-85.01772,29.98822],[-85.0149,29.9886],[-85.01639,29.98946],[-85.01661,29.99051],[-85.0153,29.99587],[-85.01398,29.99615],[-85.01495,29.99777],[-85.01379,29.99891],[-85.01115,29.99882],[-85.01131,30.00034],[-85.01032,30.00059],[-85.0101,30.00155],[-85.01097,30.00313],[-85.01042,30.0057],[-85.00707,30.00858],[-85.00537,30.00912],[-85.00528,30.01116],[-85.00727,30.01249],[-85.00763,30.01388],[-84.97897,30.01379]]]},"properties":{"name":"Liberty","key":"liberty","geoid":"12077"}},{"type":"Feature","geometry":{"type":"Polygon","coordinates":[[[-83.82191,30.30749],[-83.81914,30.30612],[-83.81813,30.30428],[-83.82015,30.30354],[-83.46877,30.30421],[-83.46927,30.26035],[-83.23936,30.26041],[-83.23678,30.26206],[-83.23766,30.26403],[-83.24009,30.26631],[-83.23996,30.26821],[-83.23167,30.28382],[-83.23152,30.28645],[-83.2332,30.2904],[-83.23301,30.29202],[-83.22878,30.29844],[-83.22579,30.30127],[-83.21251,30.30727],[-83.20992,30.31188],[-83.21033,30.31393],[-83.21436,30.31983],[-83.21356,30.32341],[-83.2079,30.33109],[-83.21082,30.33657],[-83.21255,30.34585],[-83.20871,30.35053],[-83.20326,30.35109],[-83.20005,30.34837],[-83.1983,30.34828],[-83.19025,30.35188],[-83.19014,30.35287],[-83.19359,30.35762],[-83.19208,30.3637],[-83.19287,30.37403],[-83.18927,30.37734],[-83.17795,30.38414],[-83.17097,30.38523],[-83.17196,30.38944],[-83.17305,30.39097],[-83.1764,30.39116],[-83.17826,30.3926],[-83.17763,30.39512],[-83.17452,30.39775],[-83.17786,30.40204],[-83.18027,30.40801],[-83.18028,30.41054],[-83.18959,30.41371],[-83.19486,30.41696],[-83.20389,30.41498],[-83.20475,30.41224],[-83.20616,30.41214],[-83.20759,30.41551],[-83.20731,30.4192],[-83.20964,30.42114],[-83.21122,30.42157],[-83.2133,30.42097],[-83.21612,30.41799],[-83.22028,30.42267],[-83.22221,30.42353],[-83.22202,30.42555],[-83.21923,30.42542],[-83.21852,30.42666],[-83.22069,30.43398],[-83.22228,30.43628],[-83.21981,30.44035],[-83.22055,30.44398],[-83.21752,30.44671],[-83.21734,30.4478],[-83.21868,30.4488],[-83.22177,30.44897],[-83.22298,30.45132],[-83.22102,30.45431],[-83.2177,30.45554],[-83.21962,30.46166],[-83.21772,30.46406],[-83.22256,30.46446],[-83.22691,30.46861],[-83.23536,30.47077],[-83.23912,30.47266],[-83.24377,30.47313],[-83.24356,30.47538],[-83.24183,30.47792],[-83.24396,30.47923],[-83.24319,30.48841],[-83.24499,30.49209],[-83.24434,30.49292],[-83.2406,30.4936],[-83.24252,30.49804],[-83.24284,30.50197],[-83.24056,30.50593],[-83.24612,30.5126],[-83.24384,30.5135],[-83.24253,30.51651],[-83.23953,30.51505],[-83.23894,30.51802],[-83.24113,30.5245],[-83.2441,30.52558],[-83.24505,30.53078],[-83.24968,30.53236],[-83.24934,30.5337],[-83.24681,30.53392],[-83.24583,30.53497],[-83.24698,30.53756],[-83.24715,30.5408],[-83.2535,30.5484],[-83.26085,30.55296],[-83.2598,30.5575],[-83.25648,30.55882],[-83.25581,30.56046],[-83.25762,30.56564],[-83.26202,30.5691],[-83.26228,30.57033],[-83.26014,30.57244],[-83.2596,30.57411],[-83.26256,30.57975],[-83.26259,30.58262],[-83.26127,30.58503],[-83.25662,30.5862],[-83.25648,30.58694],[-83.25963,30.59624],[-83.26705,30.6086],[-83.26779,30.61087],[-83.26691,30.61506],[-83.26831,30.61826],[-83.26836,30.62074],[-83.27187,30.62439],[-83.27234,30.62555],[-83.27178,30.62688],[-83.27261,30.62769],[-83.27565,30.62872],[-83.28451,30.62814],[-83.28675,30.62996],[-83.29332,30.62901],[-83.29485,30.63233],[-83.29883,30.63204],[-83.30004,30.63264],[-83.30224,30.63077],[-83.30929,30.63295],[-83.30925,30.63441],[-83.31325,30.6347],[-83.49993,30.64567],[-83.61172,30.65126],[-83.61212,30.63874],[-83.6044,30.63824],[-83.60419,30.58192],[-83.62073,30.58198],[-83.62119,30.56735],[-83.63734,30.56747],[-83.63741,30.55267],[-83.67112,30.55286],[-83.67107,30.53802],[-83.70429,30.53809],[-83.70436,30.52302],[-83.72598,30.52309],[-83.72739,30.5206],[-83.72958,30.51925],[-83.73194,30.51507],[-83.73423,30.51286],[-83.73477,30.5102],[-83.73692,30.50809],[-83.73651,30.50234],[-83.73516,30.50064],[-83.73555,30.49874],[-83.73353,30.49831],[-83.7328,30.49601],[-83.73137,30.4947],[-83.73112,30.49234],[-83.72784,30.49039],[-83.72693,30.48799],[-83.72725,30.48559],[-83.72641,30.48465],[-83.72808,30.48301],[-83.7284,30.48106],[-83.72739,30.47956],[-83.72768,30.47509],[-83.72896,30.47284],[-83.72807,30.47084],[-83.72491,30.46856],[-83.72537,30.46706],[-83.72402,30.46352],[-83.72429,30.46197],[-83.72362,30.46169],[-83.72684,30.45912],[-83.72627,30.45766],[-83.72833,30.45446],[-83.72782,30.45159],[-83.72637,30.45025],[-83.72648,30.4481],[-83.7253,30.44659],[-83.72421,30.44641],[-83.72433,30.44509],[-83.72282,30.44242],[-83.72265,30.43857],[-83.72164,30.43662],[-83.72241,30.43568],[-83.72172,30.43435],[-83.72403,30.4327],[-83.72697,30.43264],[-83.72798,30.42887],[-83.73214,30.42686],[-83.73315,30.42578],[-83.7333,30.42407],[-83.73685,30.4236],[-83.73963,30.42187],[-83.74299,30.41601],[-83.74601,30.41342],[-83.74655,30.41168],[-83.7507,30.40869],[-83.75111,30.40719],[-83.7501,30.40482],[-83.75207,30.40102],[-83.75183,30.39857],[-83.75275,30.39716],[-83.75391,30.39835],[-83.75581,30.39657],[-83.75584,30.39484],[-83.75497,30.39421],[-83.75521,30.39177],[-83.75616,30.38768],[-83.75767,30.38515],[-83.76058,30.38556],[-83.76187,30.38369],[-83.76606,30.38212],[-83.76713,30.38256],[-83.76869,30.38195],[-83.77035,30.38309],[-83.77305,30.38329],[-83.77454,30.38226],[-83.7798,30.38205],[-83.78083,30.38021],[-83.78319,30.37886],[-83.78653,30.38013],[-83.78828,30.38182],[-83.78754,30.38877],[-83.79033,30.3903],[-83.79243,30.38883],[-83.79294,30.38671],[-83.79501,30.38608],[-83.79489,30.38387],[-83.79574,30.38215],[-83.79834,30.38217],[-83.80087,30.37985],[-83.80139,30.37882],[-83.80064,30.37823],[-83.80449,30.37713],[-83.80502,30.37482],[-83.80414,30.3739],[-83.80667,30.37169],[-83.80658,30.36816],[-83.80811,30.36487],[-83.80644,30.36223],[-83.80602,30.35827],[-83.80442,30.35599],[-83.80408,30.35313],[-83.80504,30.35106],[-83.80757,30.34876],[-83.79936,30.34713],[-83.79953,30.34607],[-83.79664,30.34234],[-83.79756,30.34116],[-83.79579,30.33833],[-83.79369,30.33731],[-83.79356,30.33547],[-83.79183,30.33379],[-83.78795,30.33263],[-83.78711,30.33167],[-83.78759,30.32847],[-83.78851,30.3282],[-83.78928,30.32652],[-83.78888,30.32425],[-83.79121,30.32327],[-83.79254,30.31919],[-83.79431,30.31854],[-83.79503,30.31943],[-83.79634,30.319],[-83.79862,30.317],[-83.7994,30.31758],[-83.8013,30.31534],[-83.80367,30.31639],[-83.806,30.31578],[-83.80595,30.31651],[-83.80786,30.31775],[-83.81105,30.31832],[-83.81208,30.31749],[-83.81551,30.31735],[-83.81645,30.31504],[-83.82052,30.31314],[-83.82014,30.31047],[-83.82191,30.30749]]]},"properties":{"name":"Madison","key":"madison","geoid":"12079"}},{"type":"Feature","geometry":{"type":"Polygon","coordinates":[[[-82.52475,27.64542],[-82.55565,27.64556],[-82.74955,27.56568],[-82.92417,27.53075],[-82.90987,27.50345],[-82.90701,27.49188],[-82.90427,27.48473],[-82.89175,27.46021],[-82.87953,27.44257],[-82.87271,27.43465],[-82.86162,27.42373],[-82.85533,27.40727],[-82.85074,27.39139],[-82.5002,27.38841],[-82.45145,27.38866],[-82.44717,27.3886],[-82.44709,27.38612],[-82.39252,27.38683],[-82.25226,27.38624],[-82.2536,27.20892],[-82.0565,27.20777],[-82.05435,27.64638],[-82.29834,27.64668],[-82.52475,27.64542]]]},"properties":{"name":"Manatee","key":"manatee","geoid":"12081"}},{"type":"Feature","geometry":{"type":"Polygon","coordinates":[[[-82.40677,29.43101],[-82.40694,29.42902],[-82.40553,29.429],[-82.40519,29.31518],[-82.40324,29.21562],[-82.53486,29.21468],[-82.53459,29.15642],[-82.53592,29.12666],[-82.53501,29.05383],[-82.53559,29.04486],[-82.53376,29.04341],[-82.53512,29.04093],[-82.53193,29.04106],[-82.53038,29.04363],[-82.52776,29.04253],[-82.52506,29.04301],[-82.5255,29.04065],[-82.52347,29.04218],[-82.52305,29.0399],[-82.52092,29.03965],[-82.51703,29.04205],[-82.5171,29.04403],[-82.51644,29.04423],[-82.51158,29.04323],[-82.51177,29.0412],[-82.5098,29.0415],[-82.50861,29.04033],[-82.51004,29.03786],[-82.50813,29.03748],[-82.50272,29.04165],[-82.50135,29.04105],[-82.49764,29.04218],[-82.49368,29.04656],[-82.48976,29.0484],[-82.48744,29.04804],[-82.48722,29.04887],[-82.48859,29.05014],[-82.48807,29.05145],[-82.48394,29.0511],[-82.48187,29.05253],[-82.47789,29.05257],[-82.47638,29.05106],[-82.47292,29.0512],[-82.47341,29.0488],[-82.47142,29.04716],[-82.46949,29.04655],[-82.4681,29.04798],[-82.46705,29.04803],[-82.46378,29.04466],[-82.45857,29.04765],[-82.45835,29.04435],[-82.45366,29.03977],[-82.45149,29.04007],[-82.4444,29.03602],[-82.44178,29.03548],[-82.44235,29.03404],[-82.44131,29.03238],[-82.4392,29.03309],[-82.43743,29.0292],[-82.43619,29.03006],[-82.4352,29.02962],[-82.43636,29.02715],[-82.43442,29.02661],[-82.43227,29.02767],[-82.43238,29.02509],[-82.42983,29.02404],[-82.43112,29.02307],[-82.42914,29.02274],[-82.42953,29.02119],[-82.42501,29.02169],[-82.42545,29.01906],[-82.41969,29.01804],[-82.42033,29.01462],[-82.41866,29.01313],[-82.40968,29.0152],[-82.40838,29.01702],[-82.40502,29.01669],[-82.40327,29.01886],[-82.40164,29.019],[-82.4023,29.01659],[-82.4018,29.01576],[-82.39734,29.01698],[-82.39814,29.01534],[-82.39504,29.01454],[-82.39514,29.0134],[-82.39713,29.0128],[-82.39758,29.01149],[-82.39489,29.01015],[-82.3935,29.00801],[-82.39196,29.00837],[-82.391,29.00985],[-82.39032,29.00962],[-82.39043,29.00794],[-82.38687,29.00926],[-82.38516,29.0077],[-82.37807,29.00479],[-82.37879,29.00273],[-82.37755,29.00071],[-82.37406,29.00236],[-82.36961,29.0018],[-82.369,29.00103],[-82.36641,29.00262],[-82.36484,29.0024],[-82.36392,29.00192],[-82.36441,29.00126],[-82.36338,28.99937],[-82.36183,28.99831],[-82.36328,28.99677],[-82.36214,28.99583],[-82.36139,28.99351],[-82.35783,28.99325],[-82.35596,28.99154],[-82.35239,28.99124],[-82.34929,28.98839],[-82.34581,28.9871],[-82.34157,28.98788],[-82.33716,28.98352],[-82.33534,28.98312],[-82.33394,28.98152],[-82.33261,28.98239],[-82.32967,28.97895],[-82.32733,28.97881],[-82.32324,28.97609],[-82.32289,28.97512],[-82.32108,28.97528],[-82.32106,28.97349],[-82.31983,28.97312],[-82.31927,28.97441],[-82.31584,28.97327],[-82.31562,28.97088],[-82.3134,28.96948],[-82.31225,28.96664],[-82.3117,28.96039],[-81.8748,28.96032],[-81.85484,28.95978],[-81.84231,28.95989],[-81.84219,28.96102],[-81.72898,28.96116],[-81.69607,28.96007],[-81.6587,28.96035],[-81.6592,29.04776],[-81.6387,29.04776],[-81.64047,29.12652],[-81.64192,29.27677],[-81.64777,29.28601],[-81.64844,29.29017],[-81.65009,29.29314],[-81.65218,29.29657],[-81.65533,29.29967],[-81.66006,29.29916],[-81.6664,29.30057],[-81.67326,29.30664],[-81.67889,29.31821],[-81.6807,29.32321],[-81.68095,29.32643],[-81.67892,29.33401],[-81.67626,29.33781],[-81.674,29.33934],[-81.66431,29.34151],[-81.65903,29.33721],[-81.65671,29.33749],[-81.65656,29.34028],[-81.66072,29.34327],[-81.66025,29.34565],[-81.65896,29.34609],[-81.65772,29.34803],[-81.66191,29.35475],[-81.66241,29.3576],[-81.66114,29.36006],[-81.66207,29.36233],[-81.66793,29.36981],[-81.66852,29.3717],[-81.71247,29.37074],[-81.74142,29.37105],[-81.74183,29.42994],[-81.77491,29.42925],[-81.7762,29.48745],[-81.84278,29.48653],[-81.84301,29.521],[-81.84493,29.52168],[-81.84961,29.52134],[-81.85087,29.52049],[-81.84946,29.51924],[-81.85072,29.51806],[-81.85358,29.51803],[-81.85356,29.51712],[-81.85444,29.51669],[-81.85936,29.51683],[-81.86115,29.51489],[-81.86672,29.51519],[-81.87051,29.51408],[-81.87343,29.51504],[-81.87687,29.51328],[-81.88201,29.51292],[-81.88288,29.51191],[-81.88436,29.51319],[-81.88602,29.51267],[-81.88577,29.51152],[-81.88752,29.51077],[-81.88762,29.50921],[-81.8923,29.51116],[-81.89444,29.51339],[-81.89655,29.51297],[-81.89606,29.5145],[-81.89657,29.51508],[-81.90169,29.51595],[-81.90295,29.51474],[-81.90464,29.51483],[-81.90413,29.51282],[-81.90669,29.51423],[-81.90647,29.51215],[-81.90781,29.51132],[-81.90701,29.50925],[-81.90957,29.5051],[-81.91085,29.50569],[-81.91205,29.50391],[-81.91334,29.50458],[-81.91304,29.50619],[-81.9177,29.50912],[-81.91935,29.5116],[-81.92143,29.51111],[-81.92214,29.51274],[-81.92476,29.51285],[-81.92775,29.51451],[-81.9295,29.51449],[-81.92963,29.51588],[-81.93182,29.51645],[-81.93647,29.51383],[-81.93722,29.51251],[-81.93864,29.51344],[-81.93971,29.51234],[-81.94182,29.51256],[-81.94273,29.51134],[-81.94453,29.51189],[-81.94661,29.50929],[-81.9535,29.50708],[-81.95801,29.50666],[-81.96396,29.50385],[-81.96837,29.50305],[-81.97109,29.50385],[-81.97672,29.50346],[-81.97766,29.50244],[-81.98079,29.50218],[-81.984,29.50323],[-81.98683,29.50159],[-81.98917,29.50223],[-81.99086,29.50126],[-81.99862,29.50214],[-82.00409,29.50177],[-82.00659,29.49956],[-82.01424,29.49891],[-82.01984,29.49621],[-82.02665,29.49459],[-82.03041,29.49172],[-82.03197,29.49226],[-82.03203,29.49137],[-82.03788,29.4859],[-82.04327,29.47867],[-82.0559,29.47123],[-82.05564,29.44185],[-82.05675,29.43995],[-82.06402,29.43958],[-82.06509,29.4419],[-82.06716,29.4438],[-82.07129,29.44327],[-82.07173,29.44261],[-82.07002,29.43789],[-82.07052,29.43424],[-82.07402,29.43465],[-82.0761,29.43682],[-82.0759,29.43875],[-82.07821,29.44009],[-82.08094,29.44039],[-82.08761,29.4357],[-82.08893,29.4329],[-82.08669,29.43212],[-82.08688,29.43096],[-82.08605,29.43111],[-82.08717,29.42951],[-82.08827,29.42933],[-82.08654,29.42666],[-82.08812,29.4262],[-82.08943,29.42805],[-82.08893,29.42894],[-82.09047,29.42967],[-82.09006,29.43076],[-82.09213,29.43057],[-82.09251,29.42955],[-82.09162,29.42869],[-82.09252,29.42902],[-82.09305,29.43063],[-82.09454,29.43035],[-82.09687,29.42524],[-82.09563,29.4205],[-82.09989,29.41866],[-82.09872,29.42024],[-82.09967,29.42111],[-82.09942,29.42249],[-82.09779,29.42106],[-82.09682,29.42183],[-82.09852,29.42434],[-82.09872,29.42726],[-82.09566,29.4301],[-82.09786,29.43167],[-82.09734,29.43287],[-82.09873,29.43313],[-82.09836,29.43363],[-82.09944,29.43466],[-82.09877,29.43606],[-82.09998,29.43705],[-82.1005,29.43658],[-82.10114,29.43831],[-82.10412,29.43827],[-82.10523,29.43764],[-82.10591,29.43571],[-82.11193,29.43501],[-82.11389,29.43231],[-82.11734,29.43219],[-82.11806,29.43147],[-82.11835,29.42844],[-82.11932,29.42825],[-82.12115,29.42898],[-82.125,29.42874],[-82.12719,29.43005],[-82.12658,29.43192],[-82.12705,29.4331],[-82.12901,29.43222],[-82.13197,29.43335],[-82.13321,29.43482],[-82.13481,29.43504],[-82.13777,29.43259],[-82.13763,29.43095],[-82.14097,29.4287],[-82.14144,29.42714],[-82.14231,29.42645],[-82.14402,29.42667],[-82.1453,29.42346],[-82.14251,29.42175],[-82.14056,29.42153],[-82.14034,29.42008],[-82.14538,29.41877],[-82.14571,29.41767],[-82.14862,29.41706],[-82.14957,29.4203],[-82.15102,29.42051],[-82.15155,29.42172],[-82.15002,29.4229],[-82.15097,29.42678],[-82.15303,29.42562],[-82.15365,29.42427],[-82.15321,29.42234],[-82.15435,29.4247],[-82.15536,29.42497],[-82.15544,29.42609],[-82.1563,29.42564],[-82.15488,29.42367],[-82.15509,29.42287],[-82.15692,29.42237],[-82.15908,29.42488],[-82.16369,29.42453],[-82.16757,29.4272],[-82.16842,29.4257],[-82.16724,29.42529],[-82.16727,29.42456],[-82.17071,29.42526],[-82.17326,29.42426],[-82.17228,29.42327],[-82.17269,29.42269],[-82.17397,29.42177],[-82.17369,29.42271],[-82.17439,29.42271],[-82.17593,29.42057],[-82.17834,29.42255],[-82.18289,29.42129],[-82.18424,29.42179],[-82.19339,29.42087],[-82.19713,29.42306],[-82.19801,29.4232],[-82.19774,29.42209],[-82.19964,29.42217],[-82.20014,29.4241],[-82.20212,29.4264],[-82.20748,29.42704],[-82.21171,29.42981],[-82.21333,29.43191],[-82.21283,29.4323],[-82.21372,29.43332],[-82.21378,29.43687],[-82.21243,29.43989],[-82.21364,29.44102],[-82.21287,29.44168],[-82.21297,29.44544],[-82.21131,29.44777],[-82.21207,29.44774],[-82.21157,29.4495],[-82.21385,29.45027],[-82.21319,29.45043],[-82.2146,29.45199],[-82.21409,29.453],[-82.21778,29.45621],[-82.21645,29.4602],[-82.21355,29.46152],[-82.2137,29.4629],[-82.21178,29.46401],[-82.21273,29.46562],[-82.21093,29.46565],[-82.20662,29.46169],[-82.20527,29.46233],[-82.20418,29.46057],[-82.20083,29.46037],[-82.19992,29.46122],[-82.19842,29.46075],[-82.19608,29.46271],[-82.19449,29.46132],[-82.19345,29.46144],[-82.19335,29.4598],[-82.19471,29.45807],[-82.19862,29.45795],[-82.19926,29.45656],[-82.19901,29.45577],[-82.19191,29.45231],[-82.19128,29.45352],[-82.18879,29.45442],[-82.18813,29.45675],[-82.1889,29.45873],[-82.19093,29.4597],[-82.18806,29.46039],[-82.19096,29.46],[-82.18937,29.46112],[-82.19038,29.46174],[-82.19157,29.46089],[-82.19044,29.462],[-82.19101,29.46251],[-82.19224,29.46182],[-82.1915,29.46311],[-82.19284,29.46226],[-82.20116,29.46746],[-82.20026,29.46873],[-82.20101,29.46941],[-82.2019,29.46818],[-82.20151,29.46921],[-82.20341,29.47212],[-82.20427,29.47126],[-82.20637,29.47225],[-82.20664,29.47067],[-82.20534,29.46705],[-82.20666,29.46599],[-82.20804,29.46659],[-82.2083,29.47078],[-82.21128,29.47081],[-82.212,29.47193],[-82.2101,29.47382],[-82.21169,29.47409],[-82.21481,29.47731],[-82.2132,29.47902],[-82.21086,29.47989],[-82.21035,29.48159],[-82.21156,29.48253],[-82.21145,29.48407],[-82.214,29.48341],[-82.21514,29.48421],[-82.22501,29.4843],[-82.40662,29.48505],[-82.40677,29.43101]]]},"properties":{"name":"Marion","key":"marion","geoid":"12083"}},{"type":"Feature","geometry":{"type":"Polygon","coordinates":[[[-80.09415,27.16458],[-80.09541,27.18064],[-80.10076,27.19216],[-80.10822,27.20206],[-80.1107,27.21156],[-80.1271,27.23937],[-80.13805,27.26288],[-80.28477,27.26372],[-80.28531,27.24392],[-80.28795,27.24388],[-80.28808,27.24196],[-80.29299,27.24198],[-80.29205,27.23714],[-80.28507,27.231],[-80.28551,27.20602],[-80.67786,27.20599],[-80.67743,27.12162],[-80.74978,27.06331],[-80.83273,27.00037],[-80.88564,26.95892],[-80.74978,26.95903],[-80.62966,26.95778],[-80.4437,26.95767],[-80.37452,26.95839],[-80.14201,26.95664],[-80.14176,26.97094],[-80.02275,26.97039],[-80.03021,27.00033],[-80.03327,27.00863],[-80.0391,27.02985],[-80.05339,27.06447],[-80.06339,27.0916],[-80.08095,27.12533],[-80.09048,27.15556],[-80.09415,27.16458]]]},"properties":{"name":"Martin","key":"martin","geoid":"12085"}},{"type":"Feature","geometry":{"type":"Polygon","coordinates":[[[-80.09178,25.72111],[-80.0828,25.72862],[-80.07714,25.73568],[-80.07248,25.74459],[-80.06962,25.75566],[-80.06958,25.76703],[-80.07262,25.77928],[-80.06696,25.80239],[-80.06499,25.82206],[-80.06426,25.83929],[-80.0628,25.84959],[-80.06572,25.88124],[-80.0656,25.89019],[-80.06378,25.90158],[-80.06403,25.908],[-80.06543,25.91523],[-80.06303,25.92757],[-80.06421,25.94081],[-80.06313,25.95356],[-80.06289,25.97681],[-80.12331,25.9751],[-80.12387,25.97448],[-80.13315,25.97412],[-80.13398,25.97487],[-80.29519,25.97057],[-80.29497,25.95677],[-80.68002,25.95686],[-80.68004,25.97875],[-80.87293,25.97943],[-80.8736,25.9083],[-80.87319,25.36399],[-80.86219,25.36419],[-80.86199,25.2429],[-80.85799,25.243],[-80.85817,25.17661],[-80.84641,25.17707],[-80.83822,25.17479],[-80.83421,25.17268],[-80.83002,25.16811],[-80.82716,25.16091],[-80.82574,25.16055],[-80.81416,25.16542],[-80.80956,25.16905],[-80.80926,25.17219],[-80.81044,25.17458],[-80.81303,25.17607],[-80.81333,25.18004],[-80.81442,25.18274],[-80.80958,25.18387],[-80.81205,25.18059],[-80.81147,25.1799],[-80.80837,25.18155],[-80.80819,25.18421],[-80.80292,25.182],[-80.79786,25.18122],[-80.79529,25.17946],[-80.7939,25.17624],[-80.79776,25.16659],[-80.80013,25.16319],[-80.80112,25.15661],[-80.80256,25.15287],[-80.8007,25.14865],[-80.80106,25.14356],[-80.79989,25.14333],[-80.79795,25.14672],[-80.7984,25.15636],[-80.7958,25.16211],[-80.79242,25.16445],[-80.78221,25.16527],[-80.78022,25.16472],[-80.77806,25.16254],[-80.77275,25.15059],[-80.77354,25.1443],[-80.7784,25.13864],[-80.77709,25.13742],[-80.77147,25.14044],[-80.769,25.14682],[-80.76879,25.15008],[-80.77237,25.1565],[-80.77219,25.1598],[-80.7711,25.16098],[-80.76596,25.16228],[-80.76102,25.16158],[-80.75538,25.15916],[-80.75495,25.15651],[-80.75631,25.15271],[-80.75456,25.15135],[-80.75271,25.1519],[-80.75145,25.15139],[-80.74293,25.14265],[-80.73491,25.14365],[-80.73062,25.14306],[-80.72773,25.1449],[-80.72155,25.1455],[-80.72125,25.14621],[-80.72236,25.14751],[-80.72857,25.15028],[-80.73099,25.15292],[-80.73943,25.15108],[-80.74374,25.1539],[-80.74452,25.15594],[-80.7472,25.15871],[-80.74728,25.16482],[-80.74592,25.16539],[-80.73883,25.16161],[-80.73727,25.15907],[-80.73419,25.16097],[-80.72991,25.15976],[-80.72926,25.16361],[-80.7317,25.16744],[-80.72553,25.16577],[-80.72308,25.16155],[-80.723,25.15933],[-80.72592,25.15667],[-80.72721,25.15288],[-80.72617,25.15256],[-80.72161,25.15486],[-80.71733,25.15539],[-80.7139,25.1519],[-80.7109,25.15138],[-80.70875,25.14683],[-80.70799,25.14131],[-80.70697,25.14004],[-80.70406,25.14042],[-80.70323,25.14145],[-80.70321,25.14383],[-80.70467,25.14512],[-80.70538,25.14902],[-80.70352,25.15273],[-80.69759,25.15443],[-80.6986,25.15904],[-80.69861,25.16184],[-80.69785,25.16294],[-80.69614,25.16384],[-80.69317,25.16728],[-80.6881,25.16887],[-80.68024,25.17456],[-80.67845,25.1746],[-80.67752,25.17286],[-80.67812,25.16896],[-80.68044,25.16479],[-80.67807,25.16394],[-80.67522,25.16678],[-80.67232,25.16749],[-80.67401,25.16885],[-80.67406,25.17002],[-80.67326,25.1739],[-80.67169,25.17458],[-80.66799,25.17082],[-80.66983,25.16704],[-80.6662,25.16667],[-80.66191,25.16738],[-80.6578,25.16913],[-80.65357,25.16465],[-80.65306,25.16287],[-80.65661,25.15628],[-80.66191,25.15401],[-80.6642,25.15137],[-80.66564,25.15087],[-80.66586,25.14965],[-80.67092,25.14415],[-80.67458,25.14224],[-80.67511,25.14027],[-80.6745,25.13882],[-80.67309,25.13859],[-80.66906,25.14213],[-80.66405,25.14144],[-80.65916,25.14263],[-80.65833,25.14341],[-80.65863,25.14523],[-80.65797,25.1466],[-80.65666,25.14493],[-80.65228,25.14658],[-80.65593,25.14938],[-80.65641,25.15429],[-80.65533,25.15575],[-80.65094,25.15744],[-80.65178,25.16212],[-80.64752,25.1715],[-80.64507,25.1747],[-80.64028,25.17666],[-80.63363,25.17633],[-80.63552,25.1784],[-80.63807,25.17856],[-80.64306,25.1781],[-80.65165,25.17534],[-80.65579,25.17585],[-80.65795,25.1775],[-80.65919,25.17475],[-80.66244,25.17498],[-80.66426,25.17741],[-80.66398,25.17949],[-80.66086,25.18197],[-80.65937,25.18477],[-80.65428,25.1848],[-80.65433,25.18821],[-80.65274,25.18961],[-80.65163,25.19248],[-80.64828,25.19216],[-80.64712,25.18952],[-80.64419,25.19069],[-80.63885,25.19088],[-80.63651,25.19257],[-80.63424,25.19237],[-80.63368,25.19416],[-80.63111,25.19533],[-80.63076,25.19698],[-80.62945,25.19771],[-80.62531,25.195],[-80.6242,25.19546],[-80.624,25.19778],[-80.62254,25.19918],[-80.62125,25.1992],[-80.61959,25.19758],[-80.6149,25.20072],[-80.60993,25.20026],[-80.60852,25.20273],[-80.60492,25.20273],[-80.60394,25.20093],[-80.60572,25.19672],[-80.60572,25.1948],[-80.60411,25.19314],[-80.60326,25.19058],[-80.60409,25.18888],[-80.60746,25.18782],[-80.60973,25.18592],[-80.60908,25.18424],[-80.60958,25.18285],[-80.61296,25.18202],[-80.62146,25.1836],[-80.62269,25.18269],[-80.62519,25.18255],[-80.62184,25.18031],[-80.61962,25.182],[-80.6178,25.18046],[-80.61901,25.17736],[-80.61445,25.17578],[-80.61022,25.1803],[-80.6064,25.18638],[-80.59462,25.19037],[-80.59417,25.19516],[-80.59158,25.19925],[-80.58762,25.20069],[-80.58384,25.20056],[-80.58328,25.20523],[-80.58414,25.20745],[-80.58245,25.20812],[-80.58298,25.20961],[-80.58237,25.21055],[-80.5771,25.21208],[-80.57456,25.21007],[-80.57229,25.21078],[-80.57072,25.21029],[-80.5684,25.21155],[-80.56548,25.20958],[-80.56354,25.20717],[-80.56382,25.20508],[-80.56508,25.20414],[-80.56901,25.20417],[-80.56957,25.2007],[-80.57126,25.19853],[-80.57461,25.19867],[-80.57642,25.20358],[-80.57723,25.20222],[-80.57721,25.20075],[-80.57497,25.19798],[-80.57275,25.19715],[-80.56879,25.19316],[-80.56539,25.19265],[-80.56552,25.19511],[-80.56392,25.19702],[-80.55855,25.1993],[-80.55931,25.20444],[-80.56225,25.2105],[-80.56195,25.21219],[-80.55796,25.21164],[-80.55534,25.21254],[-80.55383,25.21398],[-80.54919,25.21405],[-80.54821,25.2121],[-80.5496,25.20863],[-80.54793,25.20618],[-80.54564,25.20498],[-80.5435,25.20619],[-80.54116,25.2057],[-80.53657,25.20072],[-80.53584,25.19892],[-80.53571,25.20103],[-80.53865,25.2041],[-80.53805,25.2058],[-80.54067,25.20865],[-80.54062,25.21145],[-80.53963,25.21351],[-80.5383,25.21429],[-80.53262,25.2139],[-80.53091,25.21484],[-80.52907,25.21351],[-80.52859,25.21694],[-80.52483,25.21958],[-80.5243,25.22116],[-80.51918,25.22238],[-80.51464,25.21955],[-80.5154,25.21739],[-80.51401,25.21794],[-80.51063,25.21606],[-80.50953,25.21227],[-80.50719,25.21012],[-80.50689,25.20855],[-80.50813,25.20651],[-80.50487,25.20658],[-80.50379,25.20564],[-80.50311,25.20314],[-80.50026,25.20481],[-80.50049,25.20224],[-80.49929,25.2008],[-80.49533,25.1995],[-80.49607,25.20285],[-80.49557,25.20532],[-80.49869,25.20813],[-80.50053,25.20839],[-80.50134,25.20961],[-80.5006,25.21119],[-80.49888,25.2111],[-80.49782,25.20892],[-80.49585,25.20854],[-80.4957,25.20663],[-80.49491,25.20645],[-80.49426,25.2076],[-80.49355,25.20705],[-80.49385,25.20606],[-80.49277,25.20558],[-80.49218,25.2075],[-80.48722,25.20713],[-80.48818,25.20957],[-80.48703,25.21231],[-80.48874,25.21249],[-80.4892,25.21343],[-80.49182,25.21347],[-80.495,25.21629],[-80.49445,25.22131],[-80.49604,25.22273],[-80.49604,25.224],[-80.49418,25.22712],[-80.4907,25.22728],[-80.48916,25.22882],[-80.48732,25.22873],[-80.485,25.22552],[-80.48247,25.22488],[-80.48041,25.22823],[-80.47587,25.2308],[-80.47448,25.23062],[-80.47267,25.22856],[-80.47085,25.23041],[-80.46863,25.23005],[-80.46821,25.2336],[-80.46715,25.23473],[-80.46468,25.23489],[-80.46382,25.2359],[-80.46079,25.23682],[-80.45633,25.23519],[-80.45744,25.23684],[-80.45653,25.23882],[-80.45341,25.23836],[-80.44897,25.24075],[-80.44445,25.2399],[-80.44551,25.24116],[-80.4456,25.24273],[-80.44421,25.2442],[-80.44143,25.24394],[-80.43931,25.24251],[-80.43899,25.24122],[-80.44001,25.23943],[-80.43523,25.24063],[-80.43473,25.23837],[-80.43564,25.23819],[-80.43627,25.23576],[-80.43285,25.23676],[-80.42931,25.23566],[-80.42688,25.23641],[-80.41887,25.23631],[-80.41865,25.24475],[-80.41095,25.25347],[-80.39493,25.25354],[-80.39508,25.27294],[-80.37915,25.28786],[-80.37902,25.30589],[-80.37198,25.30593],[-80.37212,25.31022],[-80.26547,25.3543],[-80.26237,25.35399],[-80.25648,25.35069],[-80.2537,25.34461],[-80.25158,25.34233],[-80.25022,25.33937],[-80.18387,25.34818],[-80.17656,25.36687],[-80.16241,25.37994],[-80.15291,25.39466],[-80.14977,25.40287],[-80.14812,25.41345],[-80.14081,25.42781],[-80.1391,25.4331],[-80.13161,25.43489],[-80.12437,25.43776],[-80.11709,25.44182],[-80.11143,25.44605],[-80.10541,25.45211],[-80.10065,25.45881],[-80.09552,25.47103],[-80.09414,25.47925],[-80.09401,25.48569],[-80.09506,25.49339],[-80.09693,25.49961],[-80.10081,25.50756],[-80.1055,25.51407],[-80.11515,25.52287],[-80.11557,25.52666],[-80.11167,25.5403],[-80.10602,25.55361],[-80.104,25.56187],[-80.10354,25.57074],[-80.10527,25.58119],[-80.10451,25.58798],[-80.10476,25.59461],[-80.10777,25.60663],[-80.10373,25.64885],[-80.10045,25.65621],[-80.09787,25.66842],[-80.09779,25.67611],[-80.09886,25.68422],[-80.09557,25.69211],[-80.09389,25.69856],[-80.09178,25.72111]]]},"properties":{"name":"Miami-Dade","key":"miami_dade","geoid":"12086"}},{"type":"Feature","geometry":{"type":"MultiPolygon","coordinates":[[[[-81.84821,25.80078],[-81.84202,25.79451],[-81.8291,25.77209],[-81.81885,25.75236],[-81.80567,25.73411],[-81.79606,25.72362],[-81.78547,25.71392],[-81.774,25.7051],[-81.76172,25.69721],[-81.74064,25.68669],[-81.72103,25.67974],[-81.70062,25.67501],[-81.67974,25.67256],[-81.63755,25.67238],[-81.62016,25.67364],[-81.59828,25.67805],[-81.57623,25.68604],[-81.56274,25.6774],[-81.54863,25.66964],[-81.53395,25.66277],[-81.51902,25.65694],[-81.51471,25.63885],[-81.50869,25.62361],[-81.49935,25.60716],[-81.4876,25.59205],[-81.47549,25.58014],[-81.45983,25.5683],[-81.44249,25.55854],[-81.42541,25.5516],[-81.41785,25.53826],[-81.40697,25.52231],[-81.3972,25.51021],[-81.38477,25.49701],[-81.38128,25.48493],[-81.36887,25.44965],[-81.36396,25.43839],[-81.358,25.42755],[-81.35102,25.41722],[-81.34315,25.40758],[-81.33422,25.39842],[-81.3252,25.39062],[-81.32064,25.36974],[-81.31491,25.35155],[-81.3309,25.29228],[-81.33638,25.27839],[-81.34024,25.26405],[-81.34278,25.24451],[-81.3423,25.22483],[-81.33849,25.20561],[-81.32854,25.17641],[-81.31904,25.15518],[-81.3048,25.13242],[-81.30109,25.11491],[-81.29506,25.09793],[-81.28812,25.08401],[-81.28114,25.07297],[-81.27313,25.06252],[-81.26225,25.05088],[-81.25009,25.04033],[-81.23908,25.03247],[-81.22735,25.02551],[-81.21427,25.01918],[-81.20312,25.00598],[-81.18858,24.9948],[-81.18343,24.98616],[-81.1738,24.97488],[-81.17129,24.96921],[-81.17035,24.96214],[-81.19164,24.97317],[-81.21196,24.98033],[-81.23316,24.98481],[-81.25486,24.98659],[-81.27118,24.98608],[-81.28737,24.98402],[-81.30583,24.97969],[-81.32347,24.97338],[-81.33534,24.97271],[-81.35038,24.97048],[-81.36315,24.97405],[-81.37621,24.9766],[-81.38946,24.9781],[-81.40548,24.9785],[-81.42673,24.97666],[-81.44304,24.97334],[-81.45874,24.97162],[-81.48849,24.96635],[-81.51559,24.95629],[-81.53551,24.94595],[-81.5556,24.93711],[-81.58131,24.92376],[-81.6083,24.90697],[-81.62159,24.89722],[-81.63383,24.89426],[-81.64807,24.88957],[-81.66013,24.88329],[-81.6651,24.88067],[-81.69158,24.86293],[-81.70079,24.85783],[-81.71472,24.85162],[-81.72754,24.84704],[-81.76188,24.82875],[-81.77824,24.81538],[-81.79099,24.81371],[-81.81421,24.80639],[-81.87436,24.77613],[-81.88622,24.76914],[-81.8862,24.76772],[-81.89429,24.76365],[-81.90853,24.76314],[-81.92267,24.7615],[-81.95029,24.75689],[-81.96754,24.75278],[-81.98764,24.74603],[-82.00055,24.7405],[-82.01301,24.73415],[-82.02695,24.72572],[-82.0458,24.73332],[-82.0653,24.73938],[-82.09749,24.74578],[-82.1221,24.74785],[-82.13857,24.74792],[-82.15502,24.74694],[-82.17537,24.74447],[-82.18566,24.74243],[-82.20073,24.73817],[-82.21286,24.73353],[-82.22676,24.72672],[-82.24395,24.71564],[-82.25376,24.70765],[-82.26277,24.6989],[-82.28734,24.67006],[-82.29639,24.65726],[-82.30445,24.6439],[-82.31146,24.63007],[-82.31871,24.6122],[-82.32328,24.59753],[-82.3265,24.58373],[-82.21545,24.58376],[-82.21832,24.57826],[-82.22089,24.57088],[-82.22221,24.56304],[-82.22229,24.557],[-82.21955,24.54043],[-82.21417,24.52742],[-82.20617,24.51626],[-82.19491,24.507],[-82.18363,24.50143],[-82.16949,24.4977],[-82.1541,24.4961],[-82.14042,24.49805],[-82.13185,24.49716],[-82.12027,24.49731],[-82.11184,24.49847],[-82.10492,24.50037],[-82.10033,24.5],[-82.08759,24.50612],[-82.07932,24.51159],[-82.07233,24.51767],[-82.06717,24.52372],[-82.05818,24.51436],[-82.05413,24.50358],[-82.0518,24.5],[-82.05326,24.5],[-82.05107,24.49684],[-82.04464,24.48978],[-82.03427,24.4825],[-82.02348,24.47786],[-82.0138,24.47614],[-82.00103,24.47553],[-81.99923,24.47658],[-81.9937,24.4746],[-81.98243,24.4732],[-81.97441,24.47121],[-81.97671,24.46799],[-81.98093,24.45697],[-81.98205,24.44545],[-81.97977,24.43166],[-81.97447,24.42082],[-81.96732,24.41196],[-81.95844,24.40523],[-81.94644,24.39935],[-81.93481,24.39692],[-81.92056,24.39631],[-81.91113,24.39779],[-81.90297,24.40087],[-81.89426,24.40574],[-81.8827,24.40369],[-81.87481,24.40314],[-81.8669,24.40359],[-81.86215,24.40511],[-81.85931,24.40472],[-81.84976,24.40588],[-81.83311,24.40999],[-81.81352,24.41764],[-81.8007,24.42714],[-81.78899,24.43948],[-81.78181,24.46093],[-81.78331,24.4787],[-81.78832,24.4913],[-81.79236,24.49561],[-81.77928,24.49482],[-81.77081,24.49687],[-81.7737,24.48664],[-81.77439,24.4793],[-81.77369,24.47273],[-81.77021,24.46324],[-81.76287,24.44964],[-81.7556,24.44278],[-81.74869,24.43778],[-81.74075,24.43403],[-81.73011,24.4307],[-81.71183,24.42973],[-81.6972,24.43231],[-81.6819,24.437],[-81.67742,24.43911],[-81.66628,24.44007],[-81.66008,24.44135],[-81.65571,24.4434],[-81.64395,24.44577],[-81.63724,24.44812],[-81.63242,24.45115],[-81.62526,24.45125],[-81.61026,24.45431],[-81.59684,24.46106],[-81.58934,24.46681],[-81.58583,24.47109],[-81.57535,24.471],[-81.56496,24.47278],[-81.55145,24.47803],[-81.53992,24.48603],[-81.53056,24.49657],[-81.52856,24.50043],[-81.52567,24.50043],[-81.52179,24.50738],[-81.51988,24.51256],[-81.51886,24.52653],[-81.52047,24.53579],[-81.52392,24.54542],[-81.52785,24.55328],[-81.51641,24.56241],[-81.51461,24.56476],[-81.49981,24.5616],[-81.49465,24.56253],[-81.48886,24.55784],[-81.48336,24.55555],[-81.47473,24.55346],[-81.46509,24.55285],[-81.45161,24.55553],[-81.43717,24.56093],[-81.42064,24.57057],[-81.41154,24.56959],[-81.39167,24.56967],[-81.3748,24.57149],[-81.36446,24.57448],[-81.35584,24.57965],[-81.34616,24.58066],[-81.33991,24.58285],[-81.33761,24.58476],[-81.30437,24.59261],[-81.29345,24.59672],[-81.28743,24.59589],[-81.27794,24.59639],[-81.27169,24.5971],[-81.26463,24.59923],[-81.25448,24.60363],[-81.2498,24.60656],[-81.24529,24.61052],[-81.23991,24.61706],[-81.23413,24.61747],[-81.22065,24.62155],[-81.21257,24.62542],[-81.20426,24.63119],[-81.19379,24.63066],[-81.18404,24.63121],[-81.16939,24.63462],[-81.15829,24.64021],[-81.14769,24.64906],[-81.14085,24.64306],[-81.13407,24.63993],[-81.12062,24.63568],[-81.09722,24.633],[-81.08723,24.63292],[-81.07652,24.63338],[-81.05974,24.63586],[-81.04765,24.64024],[-81.03863,24.64653],[-81.03011,24.65457],[-81.02527,24.66035],[-81.02258,24.66527],[-81.01182,24.66687],[-80.99979,24.67036],[-80.99979,24.66891],[-80.98922,24.67382],[-80.97649,24.68237],[-80.96736,24.68592],[-80.95711,24.69284],[-80.94526,24.69623],[-80.93392,24.7022],[-80.91891,24.71307],[-80.90559,24.71347],[-80.8933,24.71645],[-80.88696,24.71968],[-80.87857,24.72517],[-80.86847,24.73591],[-80.86135,24.73966],[-80.85223,24.74893],[-80.84534,24.74846],[-80.83704,24.75],[-80.82024,24.75684],[-80.81247,24.76121],[-80.80137,24.75932],[-80.79297,24.7597],[-80.78338,24.76126],[-80.77109,24.76595],[-80.75648,24.77615],[-80.74787,24.78488],[-80.74511,24.78888],[-80.73965,24.79068],[-80.73116,24.79489],[-80.72812,24.79725],[-80.71945,24.79969],[-80.70881,24.80469],[-80.69638,24.81262],[-80.68895,24.81568],[-80.67481,24.82561],[-80.66954,24.826],[-80.65234,24.8314],[-80.64043,24.83843],[-80.6323,24.84574],[-80.6199,24.85459],[-80.61458,24.86008],[-80.6113,24.86515],[-80.60615,24.86826],[-80.5982,24.875],[-80.59676,24.875],[-80.58545,24.88933],[-80.58152,24.89029],[-80.57476,24.89389],[-80.56687,24.90058],[-80.55914,24.90227],[-80.54985,24.90623],[-80.53816,24.91273],[-80.52528,24.92353],[-80.51825,24.93338],[-80.51434,24.94063],[-80.5,24.94288],[-80.47808,24.94843],[-80.4695,24.95175],[-80.46289,24.95594],[-80.45336,24.9637],[-80.44552,24.97342],[-80.44018,24.98567],[-80.4391,24.99799],[-80.42415,25.00364],[-80.41255,25.01023],[-80.40603,25.01569],[-80.3965,25.02821],[-80.39162,25.0394],[-80.39043,25.05719],[-80.38409,25.05881],[-80.37629,25.06222],[-80.35778,25.0729],[-80.35274,25.07682],[-80.34186,25.0884],[-80.33332,25.0992],[-80.32028,25.11915],[-80.31521,25.1254],[-80.31636,25.1254],[-80.3029,25.14492],[-80.30006,25.15076],[-80.29725,25.16216],[-80.29531,25.16213],[-80.29483,25.17167],[-80.28592,25.18737],[-80.28,25.19564],[-80.2767,25.20256],[-80.26729,25.21441],[-80.25966,25.23055],[-80.2554,25.23687],[-80.24901,25.24283],[-80.24002,25.25386],[-80.2276,25.27732],[-80.22495,25.28432],[-80.21199,25.2994],[-80.20232,25.30918],[-80.19754,25.3169],[-80.19104,25.32529],[-80.18826,25.3304],[-80.18532,25.33851],[-80.18387,25.34818],[-80.25022,25.33937],[-80.25158,25.34233],[-80.2537,25.34461],[-80.25648,25.35069],[-80.26237,25.35399],[-80.26547,25.3543],[-80.36254,25.31421],[-80.37212,25.31022],[-80.37198,25.30593],[-80.37902,25.30589],[-80.37915,25.28786],[-80.39508,25.27294],[-80.39493,25.25354],[-80.41095,25.25347],[-80.41865,25.24475],[-80.41887,25.23631],[-80.42688,25.23641],[-80.42931,25.23566],[-80.43285,25.23676],[-80.43627,25.23576],[-80.43564,25.23819],[-80.43473,25.23837],[-80.43523,25.24063],[-80.44001,25.23943],[-80.43899,25.24122],[-80.43931,25.24251],[-80.44143,25.24394],[-80.44421,25.2442],[-80.4456,25.24273],[-80.44551,25.24116],[-80.44445,25.2399],[-80.44897,25.24075],[-80.45341,25.23836],[-80.45653,25.23882],[-80.45744,25.23684],[-80.45633,25.23519],[-80.46079,25.23682],[-80.46382,25.2359],[-80.46468,25.23489],[-80.46715,25.23473],[-80.46821,25.2336],[-80.46863,25.23005],[-80.47085,25.23041],[-80.47267,25.22856],[-80.47448,25.23062],[-80.47587,25.2308],[-80.48041,25.22823],[-80.48247,25.22488],[-80.485,25.22552],[-80.48732,25.22873],[-80.48916,25.22882],[-80.4907,25.22728],[-80.49418,25.22712],[-80.49604,25.224],[-80.49604,25.22273],[-80.49445,25.22131],[-80.495,25.21629],[-80.49182,25.21347],[-80.4892,25.21343],[-80.48874,25.21249],[-80.48703,25.21231],[-80.48818,25.20957],[-80.48722,25.20713],[-80.49218,25.2075],[-80.49277,25.20558],[-80.49385,25.20606],[-80.49355,25.20705],[-80.49426,25.2076],[-80.49491,25.20645],[-80.4957,25.20663],[-80.49585,25.20854],[-80.49782,25.20892],[-80.49888,25.2111],[-80.5006,25.21119],[-80.50134,25.20961],[-80.50053,25.20839],[-80.49869,25.20813],[-80.49557,25.20532],[-80.49607,25.20285],[-80.49533,25.1995],[-80.49929,25.2008],[-80.50049,25.20224],[-80.50026,25.20481],[-80.50311,25.20314],[-80.50379,25.20564],[-80.50487,25.20658],[-80.50813,25.20651],[-80.50689,25.20855],[-80.50719,25.21012],[-80.50953,25.21227],[-80.51063,25.21606],[-80.51401,25.21794],[-80.5154,25.21739],[-80.51464,25.21955],[-80.51918,25.22238],[-80.5243,25.22116],[-80.52483,25.21958],[-80.52859,25.21694],[-80.52907,25.21351],[-80.53091,25.21484],[-80.53262,25.2139],[-80.5383,25.21429],[-80.53963,25.21351],[-80.54062,25.21145],[-80.54067,25.20865],[-80.53805,25.2058],[-80.53865,25.2041],[-80.53571,25.20103],[-80.53584,25.19892],[-80.53657,25.20072],[-80.54116,25.2057],[-80.5435,25.20619],[-80.54564,25.20498],[-80.54793,25.20618],[-80.5496,25.20863],[-80.54821,25.2121],[-80.54919,25.21405],[-80.55383,25.21398],[-80.55534,25.21254],[-80.55796,25.21164],[-80.56195,25.21219],[-80.56225,25.2105],[-80.55931,25.20444],[-80.55855,25.1993],[-80.56392,25.19702],[-80.56552,25.19511],[-80.56539,25.19265],[-80.56879,25.19316],[-80.57275,25.19715],[-80.57497,25.19798],[-80.57721,25.20075],[-80.57723,25.20222],[-80.57642,25.20358],[-80.57461,25.19867],[-80.57126,25.19853],[-80.56957,25.2007],[-80.56901,25.20417],[-80.56508,25.20414],[-80.56382,25.20508],[-80.56354,25.20717],[-80.56548,25.20958],[-80.5684,25.21155],[-80.57072,25.21029],[-80.57229,25.21078],[-80.57456,25.21007],[-80.5771,25.21208],[-80.58237,25.21055],[-80.58298,25.20961],[-80.58245,25.20812],[-80.58414,25.20745],[-80.58328,25.20523],[-80.58384,25.20056],[-80.58762,25.20069],[-80.59158,25.19925],[-80.59417,25.19516],[-80.59462,25.19037],[-80.6064,25.18638],[-80.61022,25.1803],[-80.61445,25.17578],[-80.61901,25.17736],[-80.6178,25.18046],[-80.61962,25.182],[-80.62184,25.18031],[-80.62519,25.18255],[-80.62269,25.18269],[-80.62146,25.1836],[-80.61296,25.18202],[-80.60958,25.18285],[-80.60908,25.18424],[-80.60973,25.18592],[-80.60746,25.18782],[-80.60409,25.18888],[-80.60326,25.19058],[-80.60411,25.19314],[-80.60572,25.1948],[-80.60572,25.19672],[-80.60394,25.20093],[-80.60492,25.20273],[-80.60852,25.20273],[-80.60993,25.20026],[-80.6149,25.20072],[-80.61959,25.19758],[-80.62125,25.1992],[-80.62254,25.19918],[-80.624,25.19778],[-80.6242,25.19546],[-80.62531,25.195],[-80.62945,25.19771],[-80.63076,25.19698],[-80.63111,25.19533],[-80.63368,25.19416],[-80.63424,25.19237],[-80.63651,25.19257],[-80.63885,25.19088],[-80.64419,25.19069],[-80.64712,25.18952],[-80.64828,25.19216],[-80.65163,25.19248],[-80.65274,25.18961],[-80.65433,25.18821],[-80.65428,25.1848],[-80.65937,25.18477],[-80.66086,25.18197],[-80.66398,25.17949],[-80.66426,25.17741],[-80.66244,25.17498],[-80.65919,25.17475],[-80.65795,25.1775],[-80.65579,25.17585],[-80.65165,25.17534],[-80.64306,25.1781],[-80.63807,25.17856],[-80.63552,25.1784],[-80.63361,25.17647],[-80.63547,25.17594],[-80.64028,25.17666],[-80.64586,25.17395],[-80.65127,25.16397],[-80.65175,25.1605],[-80.65094,25.15744],[-80.65533,25.15575],[-80.65641,25.15429],[-80.65593,25.14938],[-80.65228,25.14658],[-80.65666,25.14493],[-80.65797,25.1466],[-80.65863,25.14523],[-80.65833,25.14341],[-80.65971,25.14243],[-80.66405,25.14144],[-80.66906,25.14213],[-80.6737,25.13848],[-80.67511,25.14027],[-80.67458,25.14224],[-80.67092,25.14415],[-80.66586,25.14965],[-80.66564,25.15087],[-80.6642,25.15137],[-80.66191,25.15401],[-80.65661,25.15628],[-80.65306,25.16287],[-80.65357,25.16465],[-80.6578,25.16913],[-80.66191,25.16738],[-80.6662,25.16667],[-80.66983,25.16704],[-80.66799,25.17082],[-80.67169,25.17458],[-80.67326,25.1739],[-80.67406,25.17002],[-80.67401,25.16885],[-80.67232,25.16749],[-80.67522,25.16678],[-80.67807,25.16394],[-80.68044,25.16479],[-80.67812,25.16896],[-80.67752,25.17286],[-80.67845,25.1746],[-80.68024,25.17456],[-80.6881,25.16887],[-80.69317,25.16728],[-80.69614,25.16384],[-80.69785,25.16294],[-80.69861,25.16184],[-80.6986,25.15904],[-80.69759,25.15443],[-80.70294,25.15308],[-80.70405,25.15204],[-80.70533,25.14833],[-80.70467,25.14512],[-80.70321,25.14383],[-80.70323,25.14145],[-80.70406,25.14042],[-80.70629,25.13981],[-80.70799,25.14131],[-80.70875,25.14683],[-80.71157,25.15195],[-80.7136,25.15172],[-80.71788,25.15566],[-80.7228,25.15444],[-80.72562,25.15272],[-80.72721,25.15288],[-80.72592,25.15667],[-80.723,25.15933],[-80.72308,25.16155],[-80.72553,25.16577],[-80.7317,25.16744],[-80.72926,25.16361],[-80.72991,25.15976],[-80.73419,25.16097],[-80.73727,25.15907],[-80.73883,25.16161],[-80.74592,25.16539],[-80.74728,25.16482],[-80.7472,25.15871],[-80.74452,25.15594],[-80.74374,25.1539],[-80.73943,25.15108],[-80.73099,25.15292],[-80.72857,25.15028],[-80.72236,25.14751],[-80.72125,25.14621],[-80.72155,25.1455],[-80.72773,25.1449],[-80.73062,25.14306],[-80.73491,25.14365],[-80.74293,25.14265],[-80.75145,25.15139],[-80.75271,25.1519],[-80.75456,25.15135],[-80.75631,25.15271],[-80.75495,25.15651],[-80.75538,25.15916],[-80.76102,25.16158],[-80.76596,25.16228],[-80.7711,25.16098],[-80.77229,25.15949],[-80.77237,25.1565],[-80.76879,25.15008],[-80.769,25.14682],[-80.77124,25.14077],[-80.77667,25.13749],[-80.77802,25.1377],[-80.77805,25.13919],[-80.77354,25.1443],[-80.77262,25.14983],[-80.77692,25.16073],[-80.78022,25.16472],[-80.78221,25.16527],[-80.79242,25.16445],[-80.7958,25.16211],[-80.7984,25.15636],[-80.79795,25.14672],[-80.80053,25.14299],[-80.80106,25.14356],[-80.8007,25.14865],[-80.80256,25.15287],[-80.80112,25.15661],[-80.80013,25.16319],[-80.79776,25.16659],[-80.7939,25.17624],[-80.79622,25.18042],[-80.80292,25.182],[-80.80819,25.18421],[-80.80837,25.18155],[-80.81147,25.1799],[-80.81205,25.18059],[-80.80958,25.18387],[-80.81442,25.18274],[-80.81333,25.18004],[-80.81303,25.17607],[-80.81044,25.17458],[-80.80926,25.17219],[-80.80956,25.16905],[-80.81416,25.16542],[-80.82574,25.16055],[-80.82716,25.16091],[-80.83002,25.16811],[-80.83421,25.17268],[-80.83822,25.17479],[-80.84641,25.17707],[-80.85817,25.17661],[-80.85799,25.243],[-80.86199,25.2429],[-80.86219,25.36419],[-80.87319,25.36399],[-80.8731,25.80538],[-81.10048,25.80332],[-81.25949,25.80422],[-81.35049,25.80324],[-81.45555,25.80368],[-81.84821,25.80078]]],[[[-83.10874,24.62949],[-83.10891,24.61109],[-83.10753,24.598],[-83.10353,24.57996],[-83.09819,24.56495],[-83.0937,24.55527],[-83.08256,24.53687],[-83.07421,24.52617],[-83.06488,24.51616],[-83.05248,24.50519],[-83.04355,24.49857],[-83.02926,24.48974],[-83.01405,24.48232],[-82.99988,24.47698],[-82.99974,24.58392],[-82.982,24.58377],[-82.97086,24.57585],[-82.96026,24.57146],[-82.94329,24.56893],[-82.93263,24.56984],[-82.9231,24.57232],[-82.91412,24.57597],[-82.89587,24.56667],[-82.88505,24.56338],[-82.87207,24.56222],[-82.8636,24.56299],[-82.8485,24.5676],[-82.83732,24.57446],[-82.82818,24.58377],[-82.65668,24.58371],[-82.64715,24.60566],[-82.64415,24.61581],[-82.64149,24.62871],[-82.64007,24.64178],[-82.63991,24.65491],[-82.64137,24.67062],[-82.64533,24.68863],[-82.65508,24.71332],[-82.66618,24.73171],[-82.67998,24.74851],[-82.69621,24.7634],[-82.70978,24.77312],[-82.7219,24.7802],[-82.73989,24.78843],[-82.7561,24.79385],[-82.77567,24.79817],[-82.80143,24.80047],[-82.83783,24.7982],[-82.85026,24.79875],[-82.86889,24.79809],[-82.89341,24.79445],[-82.92016,24.78767],[-82.94546,24.78496],[-82.96097,24.78165],[-82.97906,24.77605],[-82.99074,24.77138],[-83.00477,24.76451],[-83.02066,24.75482],[-83.03156,24.74679],[-83.04111,24.74091],[-83.05238,24.73273],[-83.06676,24.71983],[-83.07879,24.70608],[-83.08845,24.69205],[-83.09919,24.67053],[-83.10352,24.65799],[-83.10711,24.64255],[-83.10874,24.62949]]]]},"properties":{"name":"Monroe","key":"monroe","geoid":"12087"}},{"type":"Feature","geometry":{"type":"Polygon","coordinates":[[[-81.45895,30.5242],[-81.45081,30.51924],[-81.44211,30.50914],[-81.4337,30.50657],[-81.35879,30.5015],[-81.36426,30.51014],[-81.36965,30.52294],[-81.375,30.53276],[-81.37767,30.54446],[-81.38028,30.56322],[-81.38201,30.58358],[-81.38201,30.61591],[-81.38087,30.62735],[-81.3734,30.66278],[-81.36814,30.66642],[-81.35817,30.67598],[-81.35155,30.68567],[-81.3472,30.6968],[-81.34639,30.70144],[-81.34702,30.71244],[-81.40417,30.71244],[-81.4037,30.70981],[-81.43154,30.70874],[-81.44048,30.70998],[-81.45124,30.70948],[-81.46401,30.71098],[-81.47411,30.71391],[-81.47722,30.71629],[-81.48483,30.72511],[-81.48846,30.72631],[-81.50989,30.72261],[-81.52267,30.72288],[-81.53229,30.72409],[-81.53369,30.72306],[-81.53449,30.72007],[-81.53401,30.71145],[-81.53578,30.70915],[-81.53839,30.70866],[-81.54283,30.71113],[-81.54602,30.71694],[-81.54838,30.71828],[-81.55213,30.71739],[-81.55831,30.71231],[-81.56142,30.71167],[-81.56346,30.71342],[-81.56351,30.71751],[-81.56841,30.71898],[-81.5716,30.7215],[-81.57422,30.7225],[-81.58768,30.72364],[-81.58919,30.72294],[-81.59266,30.71891],[-81.59618,30.71867],[-81.59737,30.72023],[-81.59603,30.72508],[-81.59653,30.72747],[-81.5983,30.72883],[-81.60188,30.72959],[-81.60429,30.72894],[-81.60583,30.72726],[-81.60605,30.71868],[-81.60762,30.71637],[-81.60987,30.71593],[-81.61193,30.7172],[-81.61417,30.72235],[-81.62071,30.72247],[-81.62298,30.72347],[-81.62343,30.72555],[-81.62128,30.72849],[-81.62068,30.73096],[-81.6222,30.73449],[-81.62437,30.73634],[-81.62696,30.73631],[-81.62833,30.73539],[-81.6292,30.73347],[-81.62883,30.72931],[-81.63043,30.72809],[-81.63268,30.7286],[-81.6347,30.73297],[-81.63662,30.73394],[-81.63896,30.73256],[-81.64137,30.72931],[-81.64358,30.7282],[-81.64854,30.72742],[-81.65215,30.72887],[-81.6535,30.73034],[-81.65409,30.73309],[-81.6515,30.74068],[-81.65183,30.74221],[-81.6543,30.74436],[-81.66084,30.74234],[-81.66301,30.74349],[-81.66348,30.74585],[-81.65973,30.74972],[-81.66034,30.75247],[-81.66232,30.75418],[-81.66471,30.75404],[-81.66955,30.7517],[-81.67907,30.75091],[-81.6831,30.74849],[-81.68278,30.74597],[-81.67991,30.74469],[-81.67744,30.74557],[-81.67348,30.74855],[-81.67084,30.7474],[-81.66885,30.74451],[-81.66884,30.74251],[-81.66998,30.74037],[-81.67249,30.73879],[-81.67942,30.74152],[-81.68915,30.74163],[-81.69105,30.74328],[-81.69241,30.74764],[-81.69389,30.74847],[-81.70209,30.74547],[-81.70911,30.74798],[-81.72013,30.74472],[-81.72282,30.74655],[-81.72718,30.74703],[-81.73206,30.74982],[-81.73322,30.75128],[-81.73141,30.75381],[-81.73186,30.75499],[-81.74219,30.75925],[-81.74271,30.76085],[-81.74039,30.7636],[-81.74075,30.76501],[-81.74464,30.76656],[-81.75082,30.76732],[-81.75594,30.76934],[-81.75902,30.7716],[-81.76056,30.77498],[-81.76172,30.7757],[-81.77071,30.77682],[-81.77137,30.77602],[-81.77026,30.77367],[-81.77205,30.77205],[-81.77359,30.76771],[-81.77161,30.76527],[-81.77157,30.76414],[-81.78263,30.76145],[-81.78357,30.76269],[-81.78276,30.76661],[-81.7867,30.7698],[-81.78397,30.77185],[-81.78379,30.77333],[-81.79135,30.7828],[-81.79307,30.78725],[-81.79713,30.78503],[-81.79739,30.78382],[-81.79597,30.78213],[-81.79717,30.78147],[-81.79988,30.78353],[-81.80189,30.78688],[-81.80745,30.79012],[-81.81949,30.78989],[-81.8238,30.78681],[-81.82612,30.78876],[-81.83001,30.78936],[-81.83948,30.78659],[-81.84188,30.78757],[-81.83969,30.7912],[-81.84027,30.79259],[-81.84587,30.79075],[-81.85269,30.7949],[-81.85463,30.79403],[-81.86374,30.79427],[-81.86851,30.79291],[-81.8703,30.79456],[-81.87026,30.79725],[-81.87114,30.79804],[-81.87619,30.7998],[-81.88267,30.80028],[-81.88214,30.80483],[-81.88453,30.8076],[-81.88472,30.81142],[-81.8891,30.81356],[-81.89143,30.81659],[-81.89103,30.82261],[-81.89198,30.82488],[-81.89291,30.82551],[-81.89554,30.82529],[-81.90124,30.82988],[-81.90553,30.82802],[-81.90697,30.82649],[-81.90697,30.82392],[-81.90423,30.82078],[-81.90421,30.81859],[-81.90541,30.81677],[-81.9073,30.81753],[-81.90911,30.81568],[-81.91865,30.81782],[-81.92194,30.81684],[-81.9241,30.8179],[-81.92874,30.81751],[-81.92983,30.82007],[-81.93526,30.82107],[-81.93352,30.82338],[-81.93606,30.82448],[-81.93629,30.82777],[-81.93883,30.82985],[-81.93842,30.82801],[-81.93908,30.82721],[-81.94282,30.8285],[-81.94147,30.82635],[-81.94202,30.82555],[-81.94964,30.82784],[-81.9557,30.82275],[-81.95978,30.82119],[-81.96448,30.8173],[-81.96122,30.81404],[-81.96388,30.81295],[-81.96194,30.80871],[-81.96504,30.80681],[-81.96172,30.80099],[-81.96217,30.79698],[-81.96313,30.79566],[-81.96568,30.79476],[-81.96902,30.79128],[-81.97039,30.7872],[-81.97012,30.78436],[-81.97132,30.78356],[-81.9722,30.78035],[-81.97364,30.77872],[-81.97583,30.77837],[-81.97804,30.77655],[-81.98102,30.77698],[-81.98871,30.78036],[-81.99557,30.78684],[-81.99741,30.78639],[-81.99854,30.7882],[-82.00238,30.7898],[-82.00359,30.79167],[-82.00585,30.79039],[-82.00767,30.79304],[-82.00829,30.79106],[-82.0104,30.79131],[-82.01045,30.78998],[-82.01418,30.78921],[-82.01297,30.79093],[-82.01633,30.79158],[-82.01771,30.79058],[-82.01697,30.7878],[-82.02095,30.78838],[-82.02288,30.78771],[-82.02364,30.78308],[-82.02126,30.77929],[-82.01927,30.77829],[-82.01965,30.7772],[-82.01738,30.7758],[-82.01745,30.77507],[-82.01876,30.77459],[-82.01837,30.77261],[-82.01588,30.7727],[-82.01516,30.77197],[-82.01252,30.76695],[-82.01363,30.76538],[-82.01139,30.76425],[-82.0116,30.76188],[-82.01359,30.76159],[-82.01431,30.76029],[-82.01622,30.75973],[-82.01737,30.75833],[-82.02016,30.75784],[-82.02002,30.75708],[-82.01738,30.75586],[-82.01759,30.75499],[-82.01963,30.7545],[-82.02137,30.75519],[-82.02184,30.75363],[-82.02432,30.75334],[-82.02768,30.75094],[-82.02955,30.75135],[-82.03168,30.75039],[-82.03459,30.75429],[-82.03677,30.75443],[-82.0398,30.7473],[-82.03886,30.7437],[-82.03969,30.7426],[-82.03929,30.74109],[-82.04054,30.7402],[-82.04045,30.73797],[-82.03889,30.73615],[-82.04245,30.73359],[-82.04273,30.73188],[-82.04407,30.73126],[-82.04218,30.73079],[-82.04193,30.73001],[-82.04561,30.72755],[-82.04365,30.72562],[-82.04004,30.72459],[-82.03851,30.72264],[-82.03957,30.7193],[-82.03712,30.71854],[-82.03889,30.71765],[-82.03846,30.71618],[-82.03904,30.71495],[-82.0368,30.71303],[-82.03593,30.7062],[-82.03706,30.7057],[-82.0369,30.70452],[-82.03835,30.70365],[-82.03853,30.70243],[-82.03978,30.70219],[-82.03901,30.7013],[-82.03957,30.70068],[-82.04295,30.70089],[-82.04124,30.69938],[-82.04404,30.69737],[-82.04321,30.69607],[-82.04168,30.69615],[-82.04124,30.69103],[-82.04298,30.69007],[-82.04369,30.68395],[-82.04711,30.68339],[-82.04843,30.68243],[-82.0463,30.68112],[-82.05026,30.67612],[-82.04828,30.66891],[-82.04599,30.66637],[-82.04806,30.66503],[-82.04693,30.66401],[-82.04647,30.66081],[-82.04774,30.661],[-82.04834,30.66293],[-82.0494,30.66201],[-82.04937,30.65883],[-82.04865,30.6576],[-82.04902,30.6553],[-82.04708,30.65329],[-82.04435,30.65294],[-82.04431,30.65216],[-82.04572,30.65263],[-82.04608,30.65207],[-82.04164,30.64898],[-82.03861,30.64095],[-82.04025,30.63971],[-82.04026,30.63884],[-82.03877,30.63866],[-82.04049,30.63605],[-82.03895,30.636],[-82.03921,30.63397],[-82.03582,30.63185],[-82.03673,30.62997],[-82.03317,30.62949],[-82.03496,30.62684],[-82.03168,30.62502],[-82.03094,30.62245],[-82.03191,30.62085],[-82.03165,30.61953],[-82.02952,30.61916],[-82.02998,30.62191],[-82.02929,30.62247],[-82.02826,30.62201],[-82.02876,30.62068],[-82.02779,30.61953],[-82.02833,30.61856],[-82.02628,30.61339],[-82.02888,30.61168],[-82.02681,30.61087],[-82.02723,30.60666],[-82.0262,30.60604],[-82.02365,30.60678],[-82.02031,30.60375],[-82.01619,30.60231],[-82.01509,30.6006],[-82.01445,30.59629],[-82.01306,30.59606],[-82.01335,30.59478],[-82.01222,30.59391],[-82.01309,30.59242],[-82.01279,30.5903],[-82.0112,30.58899],[-82.01216,30.58626],[-82.01162,30.58604],[-82.01107,30.58716],[-82.01021,30.58642],[-82.01075,30.58372],[-82.00888,30.58294],[-82.00806,30.58097],[-82.009,30.58015],[-82.00698,30.57909],[-82.00613,30.57712],[-82.00803,30.57703],[-82.00618,30.57496],[-82.00788,30.57497],[-82.00799,30.5739],[-82.00653,30.57294],[-82.00806,30.57209],[-82.00823,30.56971],[-82.00582,30.56513],[-82.00841,30.56366],[-82.0054,30.56357],[-82.00651,30.56298],[-82.00644,30.56194],[-82.00803,30.56025],[-82.00992,30.56139],[-82.01071,30.56074],[-82.01085,30.55982],[-82.00967,30.55922],[-82.01002,30.55787],[-82.00847,30.55809],[-82.0096,30.55621],[-82.00842,30.55453],[-82.01114,30.55347],[-82.00969,30.55134],[-82.00995,30.55043],[-82.01204,30.55071],[-82.01317,30.54995],[-82.01307,30.54802],[-82.01407,30.54659],[-82.01341,30.54244],[-82.01575,30.53954],[-82.01626,30.53661],[-82.01743,30.53527],[-82.01661,30.53473],[-82.01905,30.53301],[-82.0176,30.53232],[-82.01839,30.53142],[-82.01735,30.53063],[-82.0183,30.52852],[-82.01543,30.5285],[-82.01644,30.5269],[-82.01818,30.52751],[-82.01774,30.52555],[-82.01863,30.52383],[-82.01722,30.52395],[-82.0163,30.5219],[-82.01859,30.51949],[-82.01785,30.51867],[-82.01554,30.5201],[-82.01581,30.5177],[-82.01456,30.51231],[-82.01559,30.50794],[-82.01702,30.50713],[-82.01647,30.50558],[-82.01709,30.50208],[-82.01515,30.49989],[-82.0161,30.49658],[-82.01775,30.49579],[-82.01572,30.49482],[-82.01802,30.49207],[-82.01706,30.49153],[-82.01774,30.48976],[-82.01641,30.48867],[-82.01725,30.48734],[-82.01714,30.48558],[-82.01555,30.48396],[-82.01737,30.48443],[-82.01922,30.48298],[-82.01743,30.47987],[-82.01907,30.47975],[-82.01935,30.47898],[-82.01783,30.47784],[-82.01691,30.47511],[-82.02359,30.46721],[-82.02416,30.46448],[-82.02227,30.46138],[-82.02464,30.4596],[-82.02556,30.45713],[-82.02832,30.45539],[-82.02687,30.45372],[-82.02728,30.45193],[-82.02882,30.45249],[-82.02871,30.4512],[-82.02963,30.45074],[-82.02846,30.44962],[-82.02814,30.44725],[-82.03145,30.44388],[-82.03247,30.4416],[-82.03387,30.44232],[-82.03447,30.44022],[-82.03606,30.43846],[-82.04,30.43666],[-82.03946,30.43437],[-82.03867,30.43569],[-82.03773,30.43547],[-82.03677,30.43212],[-82.03529,30.43091],[-82.03532,30.42799],[-82.03378,30.42765],[-82.03454,30.42576],[-82.036,30.42497],[-82.03513,30.42413],[-82.03525,30.42225],[-82.03406,30.42003],[-82.03682,30.41897],[-82.03755,30.41754],[-82.04054,30.41764],[-82.03914,30.41705],[-82.0395,30.4155],[-82.04099,30.4166],[-82.04376,30.41487],[-82.04297,30.41412],[-82.04085,30.41494],[-82.04105,30.41375],[-82.04336,30.41305],[-82.04187,30.41131],[-82.04363,30.41056],[-82.0439,30.40799],[-82.04129,30.40667],[-82.04399,30.40553],[-82.04469,30.40396],[-82.04223,30.39698],[-82.04018,30.39435],[-82.03947,30.39236],[-82.04006,30.39138],[-82.03701,30.38732],[-82.03723,30.38594],[-82.03581,30.38485],[-82.03704,30.38422],[-82.03816,30.38221],[-82.0368,30.38141],[-82.03766,30.37995],[-82.03663,30.3781],[-82.03815,30.37734],[-82.03881,30.37469],[-82.03676,30.37511],[-82.03814,30.37292],[-82.03722,30.37185],[-82.04075,30.37056],[-82.04053,30.36967],[-82.04218,30.36886],[-82.04176,30.36762],[-82.04449,30.36767],[-82.04214,30.36541],[-82.04385,30.3651],[-82.04512,30.36631],[-82.04537,30.3652],[-82.04707,30.3654],[-82.04767,30.36357],[-82.04996,30.36247],[-82.04923,30.27334],[-82.01203,30.30564],[-81.83123,30.46744],[-81.80953,30.48454],[-81.79492,30.50541],[-81.79111,30.50553],[-81.78162,30.50334],[-81.76532,30.51844],[-81.76375,30.53492],[-81.75614,30.53115],[-81.74962,30.53145],[-81.74714,30.53077],[-81.74608,30.53201],[-81.74334,30.53198],[-81.73998,30.53464],[-81.73827,30.53469],[-81.73842,30.53624],[-81.73706,30.53693],[-81.7367,30.53863],[-81.73742,30.5408],[-81.73519,30.54195],[-81.73795,30.54263],[-81.73565,30.54486],[-81.73763,30.54664],[-81.73679,30.54709],[-81.73452,30.54607],[-81.73363,30.54716],[-81.73731,30.5484],[-81.73778,30.54986],[-81.73615,30.55264],[-81.73297,30.55183],[-81.73439,30.55399],[-81.73458,30.5567],[-81.73633,30.55607],[-81.73631,30.55709],[-81.73461,30.55948],[-81.73067,30.55704],[-81.72983,30.55845],[-81.73197,30.56107],[-81.73055,30.56253],[-81.72784,30.56239],[-81.72748,30.55977],[-81.72659,30.55958],[-81.72525,30.56374],[-81.72794,30.56525],[-81.72908,30.56448],[-81.7291,30.56545],[-81.72653,30.56775],[-81.72594,30.56589],[-81.72284,30.56754],[-81.72188,30.57193],[-81.72024,30.57046],[-81.71594,30.57124],[-81.71311,30.56952],[-81.70995,30.56587],[-81.70374,30.56731],[-81.70512,30.56515],[-81.70438,30.5636],[-81.70109,30.56376],[-81.70155,30.56593],[-81.69795,30.56967],[-81.69524,30.5667],[-81.69615,30.56422],[-81.69552,30.56317],[-81.69315,30.56394],[-81.69315,30.56649],[-81.69239,30.56717],[-81.68827,30.56646],[-81.68847,30.56427],[-81.68748,30.5627],[-81.68655,30.56273],[-81.68554,30.56494],[-81.68375,30.56641],[-81.68131,30.56315],[-81.67806,30.5621],[-81.67394,30.56619],[-81.66934,30.56318],[-81.67213,30.56232],[-81.67281,30.55975],[-81.6677,30.56035],[-81.66786,30.55731],[-81.67301,30.5566],[-81.6685,30.55481],[-81.66667,30.5517],[-81.66373,30.55084],[-81.66011,30.55157],[-81.65863,30.55283],[-81.65933,30.55386],[-81.66228,30.55459],[-81.6624,30.55723],[-81.66374,30.55857],[-81.66095,30.55828],[-81.66156,30.56009],[-81.65941,30.56283],[-81.65943,30.56588],[-81.65618,30.57003],[-81.65064,30.57227],[-81.65081,30.57553],[-81.6499,30.57662],[-81.64579,30.5756],[-81.64268,30.58],[-81.64021,30.5796],[-81.63861,30.57827],[-81.63702,30.57832],[-81.63539,30.58126],[-81.62868,30.58355],[-81.62531,30.58613],[-81.62378,30.58573],[-81.62033,30.58224],[-81.61506,30.58014],[-81.61376,30.58052],[-81.60872,30.58518],[-81.60616,30.58557],[-81.60461,30.58486],[-81.60493,30.58261],[-81.60695,30.58017],[-81.6105,30.57782],[-81.611,30.57594],[-81.60332,30.57259],[-81.60186,30.57059],[-81.60146,30.56767],[-81.6097,30.56566],[-81.61418,30.56305],[-81.61065,30.555],[-81.60881,30.55372],[-81.60644,30.55386],[-81.60286,30.56005],[-81.59799,30.56137],[-81.59059,30.56596],[-81.58654,30.56669],[-81.58441,30.56599],[-81.58324,30.56449],[-81.58366,30.56169],[-81.58892,30.54905],[-81.58654,30.54523],[-81.57729,30.53802],[-81.56703,30.53678],[-81.56496,30.53752],[-81.55926,30.54254],[-81.55525,30.54453],[-81.55093,30.54303],[-81.55078,30.53156],[-81.54695,30.52594],[-81.54302,30.52389],[-81.54013,30.52391],[-81.53024,30.52629],[-81.52138,30.5388],[-81.51995,30.54364],[-81.51978,30.54668],[-81.52381,30.55634],[-81.51401,30.56734],[-81.49958,30.56379],[-81.49096,30.55462],[-81.488,30.54217],[-81.4844,30.53744],[-81.47994,30.53345],[-81.45895,30.5242]]]},"properties":{"name":"Nassau","key":"nassau","geoid":"12089"}},{"type":"Feature","geometry":{"type":"Polygon","coordinates":[[[-86.79358,30.63674],[-86.79386,30.62594],[-86.79518,30.62591],[-86.79561,30.61687],[-86.79562,30.58958],[-86.7985,30.46953],[-86.79916,30.39326],[-86.80337,30.23495],[-86.71348,30.24363],[-86.63841,30.24629],[-86.5913,30.24282],[-86.56735,30.23933],[-86.54662,30.23437],[-86.52805,30.23189],[-86.50635,30.23121],[-86.47815,30.23297],[-86.45924,30.233],[-86.41926,30.22982],[-86.39964,30.22696],[-86.39714,30.38826],[-86.39294,30.51273],[-86.39148,30.66254],[-86.39226,30.69402],[-86.3916,30.72189],[-86.39206,30.75019],[-86.39124,30.7666],[-86.39004,30.86633],[-86.38911,30.88344],[-86.38865,30.99418],[-86.5202,30.99326],[-86.56344,30.99522],[-86.70561,30.99449],[-86.72359,30.99657],[-86.78569,30.99698],[-86.78734,30.90038],[-86.79095,30.7823],[-86.79358,30.63674]]]},"properties":{"name":"Okaloosa","key":"okaloosa","geoid":"12091"}},{"type":"Feature","geometry":{"type":"Polygon","coordinates":[[[-81.21426,27.52888],[-81.21352,27.52815],[-81.21138,27.52851],[-81.21055,27.52788],[-81.21052,27.52526],[-81.21208,27.5246],[-81.20903,27.52079],[-81.20624,27.51953],[-81.20767,27.51784],[-81.2043,27.51491],[-81.20287,27.51559],[-81.20206,27.51327],[-81.20132,27.51343],[-81.20121,27.51579],[-81.19944,27.51505],[-81.20001,27.51223],[-81.19846,27.51038],[-81.20187,27.50874],[-81.20209,27.50731],[-81.20053,27.50768],[-81.20249,27.50374],[-81.20008,27.50064],[-81.20212,27.50053],[-81.202,27.49867],[-81.2042,27.499],[-81.2044,27.49359],[-81.20563,27.49182],[-81.20512,27.48973],[-81.20401,27.48903],[-81.20113,27.48927],[-81.1998,27.48801],[-81.19955,27.48633],[-81.19524,27.48583],[-81.19427,27.48505],[-81.19298,27.48631],[-81.18879,27.48231],[-81.18606,27.48184],[-81.18513,27.48269],[-81.18397,27.48239],[-81.18355,27.48379],[-81.18272,27.48387],[-81.18213,27.48264],[-81.18091,27.48238],[-81.18147,27.48096],[-81.17751,27.47809],[-81.17756,27.47502],[-81.17617,27.47289],[-81.17321,27.4713],[-81.17351,27.47034],[-81.1724,27.4695],[-81.17218,27.46782],[-81.17071,27.46752],[-81.17194,27.4662],[-81.17145,27.4639],[-81.17289,27.46307],[-81.1688,27.4595],[-81.1668,27.46013],[-81.16502,27.45692],[-81.16356,27.45736],[-81.16029,27.45583],[-81.15981,27.45633],[-81.16071,27.45732],[-81.15988,27.45728],[-81.15851,27.4553],[-81.15938,27.45393],[-81.15851,27.45365],[-81.15778,27.45489],[-81.15629,27.45399],[-81.15434,27.45401],[-81.15179,27.45217],[-81.15397,27.45155],[-81.15235,27.44856],[-81.15091,27.44925],[-81.15135,27.44723],[-81.15067,27.44617],[-81.15005,27.44576],[-81.14874,27.44729],[-81.14814,27.44606],[-81.14718,27.4472],[-81.14648,27.44582],[-81.14487,27.44501],[-81.14496,27.44359],[-81.14362,27.44334],[-81.14339,27.44123],[-81.14155,27.43965],[-81.14094,27.43593],[-81.13965,27.43512],[-81.14026,27.43431],[-81.13906,27.43404],[-81.14107,27.42867],[-81.13998,27.4281],[-81.14046,27.425],[-81.13919,27.42496],[-81.13862,27.42409],[-81.14048,27.42401],[-81.14135,27.42316],[-81.14088,27.42115],[-81.14187,27.41689],[-81.14378,27.41599],[-81.14187,27.41301],[-81.14227,27.41249],[-81.14372,27.41308],[-81.14408,27.41228],[-81.13861,27.41181],[-81.13821,27.411],[-81.13956,27.41015],[-81.13828,27.40846],[-81.13643,27.41052],[-81.13665,27.40836],[-81.13482,27.40776],[-81.13375,27.40898],[-81.133,27.40616],[-81.1322,27.40847],[-81.13089,27.40729],[-81.12902,27.40773],[-81.12873,27.40722],[-81.13036,27.4063],[-81.13011,27.40565],[-81.12727,27.40394],[-81.1254,27.40384],[-81.12425,27.40237],[-81.12335,27.40316],[-81.12431,27.402],[-81.12674,27.40112],[-81.12563,27.40004],[-81.12532,27.39749],[-81.12409,27.39644],[-81.12514,27.39541],[-81.12524,27.3936],[-81.12052,27.39108],[-81.12156,27.38997],[-81.11677,27.39004],[-81.11723,27.38842],[-81.11517,27.38767],[-81.11536,27.38665],[-81.11401,27.38608],[-81.11369,27.38487],[-81.10569,27.38305],[-81.10155,27.3832],[-81.10001,27.38031],[-81.09834,27.37908],[-81.09465,27.38144],[-81.09245,27.38182],[-81.0931,27.3834],[-81.09153,27.38274],[-81.09069,27.38384],[-81.08862,27.38219],[-81.08709,27.38381],[-81.08245,27.38464],[-81.08114,27.38576],[-81.08057,27.38392],[-81.07929,27.38429],[-81.07772,27.38329],[-81.07666,27.384],[-81.07379,27.38269],[-81.07236,27.38342],[-81.07049,27.38218],[-81.0684,27.38235],[-81.06544,27.38031],[-81.0633,27.3803],[-81.06355,27.37923],[-81.06153,27.37683],[-81.06093,27.37374],[-81.05967,27.37464],[-81.05876,27.37302],[-81.05567,27.3731],[-81.05536,27.3724],[-81.05288,27.37229],[-81.05002,27.37066],[-81.04982,27.36935],[-81.05162,27.36707],[-81.05112,27.36609],[-81.05291,27.36539],[-81.0513,27.36473],[-81.05114,27.36302],[-81.04166,27.36297],[-81.03969,27.36143],[-81.04059,27.35969],[-81.03892,27.36005],[-81.03718,27.35906],[-81.03676,27.35979],[-81.03443,27.35916],[-81.0353,27.35797],[-81.03352,27.35701],[-81.03328,27.35603],[-81.03499,27.35598],[-81.03516,27.3551],[-81.03406,27.35388],[-81.03157,27.35364],[-81.03057,27.35248],[-81.03075,27.3514],[-81.0346,27.34553],[-81.03654,27.3462],[-81.03357,27.34805],[-81.03339,27.34923],[-81.03444,27.35032],[-81.03518,27.35039],[-81.03607,27.34821],[-81.03943,27.34697],[-81.04259,27.34722],[-81.0415,27.34398],[-81.0454,27.34122],[-81.04612,27.33755],[-81.044,27.3322],[-81.04411,27.32967],[-81.04218,27.32824],[-81.04014,27.33054],[-81.03935,27.32809],[-81.03791,27.33001],[-81.03756,27.32809],[-81.03538,27.32794],[-81.03,27.32358],[-81.0297,27.32256],[-81.03057,27.32113],[-81.03178,27.3224],[-81.0329,27.32187],[-81.03292,27.31941],[-81.03026,27.31792],[-81.03029,27.31576],[-81.02883,27.31195],[-81.02802,27.31394],[-81.02703,27.31352],[-81.02664,27.30809],[-81.02819,27.30742],[-81.02807,27.30898],[-81.02889,27.30949],[-81.02923,27.30733],[-81.02879,27.30579],[-81.0256,27.30237],[-81.02127,27.30037],[-81.02065,27.30093],[-81.02093,27.30257],[-81.02013,27.30304],[-81.0163,27.30003],[-81.01568,27.30222],[-81.0129,27.29719],[-81.01291,27.29903],[-81.01108,27.29955],[-81.01352,27.29959],[-81.01229,27.30094],[-81.01159,27.3012],[-81.01058,27.30011],[-81.00977,27.30094],[-81.00737,27.30107],[-81.00705,27.30269],[-81.00503,27.30272],[-81.0041,27.30201],[-81.0041,27.29994],[-81.00308,27.29838],[-81.00007,27.298],[-80.99918,27.29538],[-80.9978,27.29513],[-80.99631,27.29703],[-80.9946,27.29733],[-80.99457,27.29594],[-80.99854,27.29144],[-80.99689,27.28811],[-80.99697,27.28636],[-80.99814,27.28562],[-80.99854,27.28405],[-80.99756,27.28382],[-80.99674,27.28156],[-80.99894,27.28092],[-80.99838,27.28003],[-80.99918,27.27823],[-80.99762,27.27849],[-80.99942,27.27629],[-80.99894,27.2757],[-80.99836,27.27644],[-80.99782,27.27606],[-80.99868,27.27438],[-80.99826,27.27182],[-80.99968,27.27067],[-81.00073,27.26776],[-80.99979,27.26733],[-80.99897,27.26828],[-80.99804,27.26664],[-80.99717,27.26422],[-80.99861,27.26324],[-80.99747,27.26126],[-80.99826,27.25903],[-80.9976,27.25847],[-80.99716,27.26022],[-80.99648,27.26035],[-80.99694,27.25618],[-80.99628,27.25577],[-80.99557,27.25695],[-80.99272,27.25424],[-80.99261,27.25353],[-80.99385,27.25347],[-80.99305,27.25055],[-80.98681,27.24896],[-80.98401,27.24681],[-80.98061,27.24641],[-80.98098,27.24352],[-80.98194,27.24505],[-80.98345,27.24482],[-80.98134,27.24211],[-80.98145,27.24138],[-80.98351,27.24187],[-80.98165,27.2373],[-80.98259,27.23384],[-80.98484,27.23293],[-80.98508,27.23133],[-80.98169,27.23147],[-80.976,27.22514],[-80.97114,27.21779],[-80.96185,27.21516],[-80.96067,27.2161],[-80.96357,27.21648],[-80.96392,27.21803],[-80.95699,27.21918],[-80.95577,27.22326],[-80.95351,27.22277],[-80.95212,27.22472],[-80.95119,27.22461],[-80.95246,27.22119],[-80.95135,27.22108],[-80.94943,27.22258],[-80.94793,27.222],[-80.94952,27.22059],[-80.94939,27.21987],[-80.94606,27.21725],[-80.94346,27.21233],[-80.94213,27.2116],[-80.94344,27.21065],[-80.94322,27.20777],[-80.94004,27.20507],[-80.93749,27.20431],[-80.938,27.20183],[-80.93742,27.19906],[-80.93438,27.19861],[-80.93496,27.19637],[-80.93345,27.19667],[-80.93079,27.20023],[-80.92651,27.19851],[-80.92933,27.19718],[-80.92934,27.19633],[-80.92515,27.19742],[-80.92509,27.195],[-80.92235,27.19269],[-80.91986,27.19361],[-80.91944,27.19164],[-80.91795,27.19011],[-80.91611,27.19044],[-80.91343,27.18927],[-80.91283,27.18977],[-80.91318,27.19114],[-80.91101,27.19141],[-80.91079,27.18864],[-80.90965,27.18869],[-80.90845,27.18747],[-80.90787,27.18909],[-80.9064,27.18905],[-80.90728,27.18591],[-80.90863,27.18592],[-80.90885,27.18462],[-80.90751,27.18363],[-80.90861,27.18226],[-80.90779,27.17963],[-80.90641,27.18038],[-80.90628,27.17929],[-80.90837,27.17788],[-80.90841,27.17591],[-80.91003,27.17622],[-80.91019,27.17498],[-80.90843,27.17435],[-80.90823,27.17293],[-80.90432,27.17159],[-80.90384,27.17048],[-80.90166,27.1706],[-80.90341,27.16904],[-80.8973,27.17046],[-80.897,27.16886],[-80.89808,27.1661],[-80.89483,27.16661],[-80.8946,27.16539],[-80.8918,27.16642],[-80.89052,27.16423],[-80.87867,27.16922],[-80.87856,27.16787],[-80.88104,27.16578],[-80.87662,27.1585],[-80.87117,27.15495],[-80.87024,27.15227],[-80.87331,27.15005],[-80.87116,27.14706],[-80.88564,26.95892],[-80.83273,27.00037],[-80.74978,27.06331],[-80.67743,27.12162],[-80.67869,27.29405],[-80.67772,27.29407],[-80.67801,27.37543],[-80.67997,27.52598],[-80.67966,27.55874],[-80.77717,27.55873],[-80.77805,27.64319],[-80.86378,27.64214],[-81.02292,27.64199],[-81.14216,27.64324],[-81.14286,27.6422],[-81.14095,27.6425],[-81.14274,27.64088],[-81.14179,27.63943],[-81.14435,27.63887],[-81.14387,27.6365],[-81.14226,27.63633],[-81.14153,27.63327],[-81.14293,27.63083],[-81.14286,27.62915],[-81.14099,27.62805],[-81.14187,27.62714],[-81.14132,27.62601],[-81.14215,27.625],[-81.14262,27.62077],[-81.14384,27.62009],[-81.14318,27.61811],[-81.14499,27.61604],[-81.14278,27.61416],[-81.14307,27.61265],[-81.14066,27.60837],[-81.14184,27.60706],[-81.14005,27.60467],[-81.14131,27.60394],[-81.14048,27.60083],[-81.14289,27.5998],[-81.14212,27.59918],[-81.14341,27.59836],[-81.14254,27.59773],[-81.14919,27.59698],[-81.14998,27.59458],[-81.15392,27.59316],[-81.15375,27.59213],[-81.15529,27.59161],[-81.15484,27.58715],[-81.15775,27.58352],[-81.15852,27.57901],[-81.15841,27.57718],[-81.15658,27.57449],[-81.15907,27.57356],[-81.16098,27.57076],[-81.16159,27.57167],[-81.16104,27.57351],[-81.1596,27.57352],[-81.15931,27.57417],[-81.1622,27.57465],[-81.16448,27.57277],[-81.16602,27.57496],[-81.16838,27.57284],[-81.16835,27.57047],[-81.17117,27.56781],[-81.17078,27.56543],[-81.17175,27.56586],[-81.17216,27.56462],[-81.1731,27.56519],[-81.17487,27.56432],[-81.17564,27.56277],[-81.17405,27.56293],[-81.17547,27.56217],[-81.17585,27.55939],[-81.17805,27.55903],[-81.17698,27.55801],[-81.18238,27.55749],[-81.18588,27.55868],[-81.19063,27.55666],[-81.19011,27.55533],[-81.19179,27.55495],[-81.19003,27.55452],[-81.1901,27.55353],[-81.19226,27.55244],[-81.19327,27.55324],[-81.19416,27.55276],[-81.19495,27.55079],[-81.1979,27.54864],[-81.19923,27.54638],[-81.20199,27.5463],[-81.20568,27.54768],[-81.20613,27.54665],[-81.20457,27.54455],[-81.20541,27.54287],[-81.20381,27.54071],[-81.20259,27.54048],[-81.20247,27.5394],[-81.20949,27.53523],[-81.2079,27.53396],[-81.20888,27.53234],[-81.20808,27.52998],[-81.20999,27.53],[-81.21036,27.53087],[-81.21233,27.53142],[-81.21238,27.5299],[-81.21426,27.52888]]]},"properties":{"name":"Okeechobee","key":"okeechobee","geoid":"12093"}},{"type":"Feature","geometry":{"type":"Polygon","coordinates":[[[-81.15781,28.61223],[-81.32789,28.6105],[-81.32848,28.63963],[-81.36163,28.63933],[-81.36187,28.64041],[-81.45973,28.6402],[-81.45952,28.71326],[-81.45795,28.71432],[-81.45066,28.71433],[-81.4486,28.71533],[-81.44561,28.71362],[-81.44142,28.7151],[-81.4382,28.72058],[-81.43623,28.7218],[-81.43164,28.72705],[-81.43123,28.72859],[-81.42688,28.73375],[-81.42376,28.73534],[-81.42277,28.73691],[-81.42116,28.74054],[-81.42154,28.74455],[-81.41847,28.75463],[-81.4165,28.75532],[-81.41567,28.75975],[-81.41521,28.76367],[-81.41637,28.76952],[-81.41583,28.77338],[-81.41485,28.77487],[-81.41558,28.78248],[-81.41457,28.78556],[-81.47737,28.78619],[-81.64651,28.78587],[-81.64781,28.78413],[-81.646,28.78181],[-81.64474,28.77598],[-81.64517,28.77268],[-81.64651,28.76987],[-81.64896,28.76695],[-81.65119,28.76593],[-81.65372,28.7663],[-81.65396,28.76754],[-81.65639,28.76983],[-81.6586,28.76644],[-81.6585,28.67955],[-81.65693,28.6078],[-81.6572,28.59257],[-81.65346,28.59045],[-81.6481,28.58448],[-81.64886,28.58265],[-81.65188,28.58051],[-81.6514,28.57512],[-81.65266,28.57114],[-81.6572,28.56983],[-81.65727,28.3471],[-81.48749,28.34709],[-81.44388,28.34798],[-81.31953,28.34813],[-81.02318,28.34769],[-80.99978,28.34858],[-80.86291,28.34749],[-80.86865,28.35247],[-80.87358,28.36058],[-80.87382,28.36411],[-80.87239,28.36765],[-80.8731,28.37026],[-80.87558,28.37342],[-80.87783,28.37222],[-80.87929,28.3724],[-80.8803,28.37369],[-80.88014,28.37513],[-80.88193,28.37485],[-80.87952,28.37715],[-80.8796,28.38042],[-80.88144,28.38062],[-80.8859,28.38502],[-80.88848,28.38559],[-80.88785,28.38801],[-80.88962,28.39301],[-80.88749,28.39396],[-80.88679,28.39654],[-80.88451,28.39613],[-80.88451,28.39827],[-80.88665,28.39961],[-80.8855,28.4024],[-80.88649,28.40413],[-80.8849,28.40643],[-80.8832,28.40645],[-80.88299,28.40816],[-80.88475,28.40867],[-80.8849,28.41075],[-80.88807,28.413],[-80.88802,28.41569],[-80.89107,28.41619],[-80.89219,28.41837],[-80.89416,28.41914],[-80.89507,28.418],[-80.89637,28.4185],[-80.89589,28.4196],[-80.89642,28.4206],[-80.89555,28.42069],[-80.89576,28.42312],[-80.89687,28.42327],[-80.89638,28.42496],[-80.8987,28.42614],[-80.89706,28.42641],[-80.89677,28.42781],[-80.89845,28.43192],[-80.89899,28.43093],[-80.89926,28.43219],[-80.90034,28.43159],[-80.90127,28.43354],[-80.89957,28.43337],[-80.89893,28.43468],[-80.8969,28.43551],[-80.89823,28.4364],[-80.89699,28.43649],[-80.89671,28.43734],[-80.89515,28.43645],[-80.89426,28.43786],[-80.89405,28.44096],[-80.89308,28.44175],[-80.89389,28.44386],[-80.89012,28.44541],[-80.89203,28.4492],[-80.89586,28.45126],[-80.89732,28.453],[-80.89697,28.45466],[-80.89835,28.45508],[-80.89757,28.45776],[-80.89663,28.4566],[-80.89581,28.45796],[-80.8941,28.45802],[-80.89336,28.45904],[-80.89332,28.46002],[-80.89496,28.46038],[-80.89481,28.46195],[-80.89585,28.4632],[-80.89382,28.46319],[-80.89286,28.46403],[-80.89287,28.46497],[-80.89414,28.4646],[-80.89461,28.46532],[-80.89452,28.46704],[-80.89081,28.46838],[-80.89095,28.46688],[-80.88977,28.46649],[-80.88666,28.46961],[-80.88475,28.46872],[-80.88168,28.47037],[-80.88083,28.46833],[-80.87967,28.46832],[-80.87937,28.46968],[-80.87605,28.47088],[-80.8755,28.46993],[-80.87638,28.46941],[-80.87514,28.46884],[-80.87284,28.47107],[-80.87129,28.47076],[-80.8708,28.47136],[-80.87419,28.47634],[-80.87407,28.47792],[-80.87315,28.47855],[-80.87394,28.48022],[-80.87332,28.48206],[-80.87529,28.48355],[-80.87558,28.48585],[-80.87811,28.48673],[-80.87733,28.48797],[-80.87527,28.4887],[-80.87524,28.48949],[-80.87587,28.49007],[-80.87905,28.48981],[-80.88033,28.49112],[-80.88259,28.49149],[-80.88416,28.49554],[-80.88027,28.49699],[-80.87987,28.50001],[-80.88103,28.50378],[-80.88331,28.50429],[-80.88574,28.51031],[-80.89192,28.51209],[-80.89339,28.51184],[-80.89591,28.50944],[-80.89885,28.50978],[-80.90009,28.51155],[-80.90152,28.51042],[-80.90337,28.5111],[-80.90446,28.51044],[-80.90663,28.51161],[-80.90561,28.51276],[-80.90713,28.51378],[-80.90555,28.51603],[-80.90572,28.51781],[-80.90796,28.51799],[-80.90684,28.51996],[-80.90726,28.52054],[-80.91008,28.52191],[-80.91199,28.52162],[-80.91251,28.52317],[-80.91056,28.5233],[-80.91141,28.52457],[-80.91631,28.52277],[-80.91752,28.52298],[-80.92064,28.5252],[-80.92107,28.52881],[-80.92338,28.53273],[-80.92824,28.53271],[-80.93218,28.5355],[-80.93287,28.53382],[-80.93407,28.5334],[-80.93524,28.5341],[-80.93626,28.53678],[-80.93722,28.53642],[-80.9378,28.53469],[-80.93939,28.53512],[-80.93921,28.5418],[-80.93583,28.54176],[-80.93425,28.54047],[-80.93213,28.54236],[-80.9343,28.5452],[-80.93263,28.5516],[-80.93367,28.55192],[-80.93325,28.55263],[-80.93419,28.5544],[-80.93174,28.55588],[-80.93168,28.55697],[-80.93427,28.55897],[-80.93165,28.55982],[-80.93218,28.5618],[-80.93004,28.56322],[-80.93194,28.56456],[-80.93188,28.56639],[-80.9331,28.56631],[-80.93282,28.56732],[-80.93407,28.56792],[-80.93588,28.57133],[-80.93746,28.57094],[-80.93935,28.57254],[-80.94034,28.5745],[-80.93906,28.57518],[-80.94027,28.57593],[-80.94044,28.57809],[-80.9415,28.57814],[-80.9426,28.5799],[-80.94425,28.58011],[-80.94395,28.58195],[-80.94586,28.58272],[-80.94476,28.58401],[-80.94716,28.58489],[-80.94632,28.58608],[-80.94709,28.58742],[-80.94544,28.5865],[-80.94556,28.58794],[-80.94426,28.58896],[-80.94473,28.58987],[-80.9438,28.591],[-80.94506,28.59241],[-80.94459,28.59303],[-80.94384,28.59264],[-80.94334,28.59367],[-80.94642,28.59574],[-80.94793,28.59564],[-80.94637,28.59694],[-80.94882,28.59794],[-80.94853,28.59881],[-80.94952,28.59848],[-80.9493,28.60037],[-80.95072,28.59963],[-80.95123,28.60047],[-80.95233,28.60006],[-80.95305,28.60066],[-80.95195,28.60223],[-80.95248,28.60274],[-80.95195,28.60415],[-80.95409,28.60495],[-80.95522,28.60356],[-80.9565,28.60382],[-80.95636,28.60214],[-80.95711,28.6019],[-80.95996,28.60292],[-80.96039,28.60495],[-80.96129,28.60545],[-80.96519,28.60438],[-80.9676,28.6052],[-80.96835,28.6042],[-80.96953,28.60519],[-80.96918,28.60788],[-80.97065,28.60858],[-80.97099,28.61115],[-80.97306,28.61137],[-80.97592,28.60782],[-80.97796,28.60913],[-80.9806,28.60958],[-80.98103,28.61115],[-80.98333,28.6097],[-80.98422,28.61268],[-80.98503,28.61274],[-80.98534,28.61136],[-80.98725,28.613],[-81.15781,28.61223]]]},"properties":{"name":"Orange","key":"orange","geoid":"12095"}},{"type":"Feature","geometry":{"type":"Polygon","coordinates":[[[-81.65727,28.3471],[-81.65719,28.25922],[-81.55746,28.25936],[-81.52408,28.20101],[-81.52423,28.1428],[-81.45621,28.14316],[-81.45576,28.08489],[-81.34642,28.0847],[-81.34778,28.08406],[-81.34879,28.08182],[-81.34821,28.08009],[-81.34723,28.08016],[-81.34648,28.06933],[-81.34696,28.06969],[-81.34858,28.06779],[-81.35048,28.06857],[-81.35519,28.0669],[-81.35838,28.06837],[-81.36042,28.06839],[-81.36244,28.07001],[-81.3655,28.06789],[-81.36508,28.06457],[-81.36627,28.06363],[-81.36681,28.06167],[-81.36547,28.06068],[-81.36427,28.05805],[-81.36406,28.05691],[-81.36513,28.05519],[-81.36379,28.04971],[-81.36451,28.04713],[-81.36187,28.04372],[-81.36293,28.04246],[-81.36255,28.04059],[-81.36336,28.03997],[-81.36372,28.03776],[-81.36737,28.03633],[-81.3674,28.0346],[-81.37581,28.02949],[-81.37509,28.02733],[-81.37588,28.02492],[-81.37922,28.02116],[-81.37826,28.01804],[-81.37648,28.01585],[-81.3774,28.01369],[-81.37851,28.01336],[-81.37885,28.01167],[-81.38155,28.01305],[-81.38248,28.01236],[-81.38569,28.01723],[-81.39223,28.01977],[-81.39261,28.02416],[-81.39346,28.0247],[-81.39385,28.02782],[-81.3946,28.02843],[-81.39724,28.02935],[-81.40652,28.02914],[-81.40994,28.03186],[-81.41112,28.03394],[-81.41576,28.03715],[-81.42316,28.03859],[-81.42407,28.0405],[-81.42548,28.03937],[-81.42804,28.03935],[-81.42833,28.0406],[-81.42766,28.04137],[-81.4297,28.04253],[-81.43133,28.04222],[-81.43374,28.04535],[-81.43607,28.05417],[-81.4411,28.05874],[-81.4459,28.059],[-81.4463,28.05812],[-81.45037,28.05664],[-81.45376,28.05759],[-81.45745,28.05508],[-81.45861,28.05299],[-81.45825,28.05168],[-81.45969,28.05181],[-81.45842,28.05094],[-81.46017,28.05015],[-81.45932,28.04972],[-81.45997,28.04717],[-81.45849,28.04183],[-81.45882,28.03978],[-81.45572,28.03883],[-81.4516,28.03422],[-81.44856,28.03231],[-81.44065,28.03393],[-81.43898,28.03282],[-81.4386,28.03322],[-81.43495,28.02562],[-81.43251,28.02244],[-81.42927,28.02104],[-81.42856,28.01878],[-81.42812,28.0208],[-81.42915,28.02166],[-81.42778,28.02106],[-81.42106,28.00335],[-81.41589,27.99825],[-81.41391,27.99914],[-81.41472,28.00004],[-81.41435,28.00065],[-81.4086,28.00107],[-81.4037,28.00278],[-81.39817,28.00301],[-81.39251,28.00456],[-81.38686,28.00354],[-81.38725,28.00298],[-81.38606,28.00163],[-81.38577,27.99938],[-81.38453,27.99936],[-81.38362,27.99718],[-81.38264,27.99772],[-81.3785,27.98898],[-81.38091,27.988],[-81.38191,27.98498],[-81.3801,27.98302],[-81.37713,27.98407],[-81.3765,27.97825],[-81.37321,27.97703],[-81.3706,27.97793],[-81.36876,27.97543],[-81.36869,27.97381],[-81.36515,27.9729],[-81.34983,27.96376],[-81.34796,27.96067],[-81.34846,27.95547],[-81.34905,27.95426],[-81.34995,27.95506],[-81.34984,27.95392],[-81.34513,27.95229],[-81.34363,27.95226],[-81.34402,27.95279],[-81.34296,27.95308],[-81.3409,27.95103],[-81.3382,27.95099],[-81.33682,27.94991],[-81.33665,27.94534],[-81.33823,27.9392],[-81.34062,27.94066],[-81.34587,27.94145],[-81.34614,27.94024],[-81.34752,27.93925],[-81.34674,27.93675],[-81.34546,27.93568],[-81.34399,27.9362],[-81.34165,27.93273],[-81.33866,27.93134],[-81.33827,27.93341],[-81.33336,27.9304],[-81.32133,27.92637],[-81.31782,27.92426],[-81.31711,27.92488],[-81.31884,27.92813],[-81.31599,27.92851],[-81.31438,27.92579],[-81.31208,27.92512],[-81.30887,27.92208],[-81.3084,27.92083],[-81.30917,27.9153],[-81.31207,27.91064],[-81.31481,27.90384],[-81.31483,27.9006],[-81.31285,27.89562],[-81.30611,27.88618],[-81.30447,27.88047],[-81.30592,27.87683],[-81.30438,27.8704],[-81.303,27.87005],[-81.2973,27.86274],[-81.29891,27.86249],[-81.30147,27.8652],[-81.30229,27.86358],[-81.30186,27.86208],[-81.29881,27.86139],[-81.29711,27.85958],[-81.29205,27.85763],[-81.28132,27.85747],[-81.28152,27.85579],[-81.2791,27.852],[-81.27728,27.85075],[-81.27294,27.85024],[-81.26319,27.84712],[-81.26081,27.84695],[-81.25778,27.84814],[-81.2599,27.84648],[-81.25911,27.84599],[-81.25417,27.84883],[-81.25048,27.84885],[-81.25147,27.84498],[-81.25035,27.84361],[-81.24861,27.84526],[-81.24798,27.84759],[-81.24627,27.84786],[-81.24647,27.84879],[-81.24171,27.84566],[-81.24099,27.84649],[-81.24143,27.84721],[-81.23479,27.84365],[-81.23112,27.84284],[-81.21529,27.82973],[-81.21441,27.82855],[-81.21554,27.82657],[-81.21396,27.82409],[-81.20798,27.82098],[-81.21004,27.81923],[-81.20924,27.8176],[-81.20993,27.81724],[-81.20652,27.81245],[-81.20857,27.81223],[-81.20613,27.81171],[-81.20476,27.81005],[-81.20405,27.8106],[-81.20382,27.80884],[-81.20069,27.80365],[-81.2005,27.7974],[-81.19865,27.79732],[-81.19631,27.79077],[-81.19431,27.78982],[-81.19198,27.78687],[-81.18956,27.78532],[-81.18944,27.78228],[-81.18598,27.77904],[-81.18571,27.77818],[-81.18739,27.77648],[-81.18747,27.77498],[-81.18467,27.77293],[-81.18252,27.77448],[-81.18107,27.77421],[-81.18097,27.76999],[-81.1782,27.77053],[-81.17915,27.76584],[-81.17504,27.76441],[-81.17301,27.76091],[-81.17361,27.75867],[-81.17435,27.75941],[-81.17801,27.75893],[-81.17905,27.7555],[-81.17866,27.7521],[-81.17546,27.74975],[-81.17592,27.74798],[-81.17449,27.74556],[-81.17287,27.74744],[-81.17116,27.7465],[-81.17065,27.74384],[-81.17178,27.74315],[-81.16805,27.74221],[-81.16644,27.74303],[-81.16501,27.74233],[-81.16454,27.73536],[-81.16499,27.73449],[-81.1659,27.7349],[-81.16682,27.73419],[-81.1655,27.73213],[-81.16757,27.73291],[-81.1687,27.73198],[-81.1683,27.72968],[-81.16688,27.72874],[-81.1685,27.7282],[-81.16884,27.72631],[-81.16712,27.7246],[-81.16738,27.72339],[-81.16532,27.72427],[-81.16135,27.72417],[-81.15997,27.71926],[-81.15904,27.71845],[-81.15308,27.71855],[-81.15178,27.71618],[-81.15071,27.71763],[-81.15063,27.71552],[-81.149,27.71288],[-81.14581,27.71031],[-81.14679,27.70904],[-81.14599,27.70627],[-81.14746,27.70571],[-81.14737,27.70435],[-81.14932,27.70298],[-81.148,27.69916],[-81.15023,27.69981],[-81.14734,27.69638],[-81.149,27.69203],[-81.14661,27.69092],[-81.14767,27.68899],[-81.14491,27.6822],[-81.14689,27.68194],[-81.14465,27.67947],[-81.14545,27.67763],[-81.14412,27.67609],[-81.14521,27.67383],[-81.14434,27.66972],[-81.14363,27.66913],[-81.14328,27.67074],[-81.14223,27.67063],[-81.14183,27.66848],[-81.13845,27.665],[-81.13409,27.66206],[-81.13184,27.66151],[-81.13104,27.65931],[-81.13246,27.65408],[-81.13123,27.65052],[-81.13247,27.64747],[-81.1339,27.64912],[-81.13465,27.64757],[-81.13395,27.64669],[-81.13761,27.64418],[-81.1382,27.64439],[-81.13726,27.6453],[-81.13731,27.64704],[-81.14005,27.64667],[-81.14216,27.64324],[-81.02701,27.642],[-80.87315,27.64229],[-80.87379,27.73385],[-80.88007,27.7337],[-80.88157,27.82251],[-80.86888,27.82252],[-80.86997,27.98257],[-80.86953,28.04849],[-80.87014,28.05708],[-80.86928,28.0651],[-80.86931,28.08473],[-80.86288,28.08474],[-80.86139,28.25228],[-80.86289,28.34748],[-80.99978,28.34858],[-81.02318,28.34769],[-81.31953,28.34813],[-81.44388,28.34798],[-81.48749,28.34709],[-81.65727,28.3471]]]},"properties":{"name":"Osceola","key":"osceola","geoid":"12097"}},{"type":"Feature","geometry":{"type":"Polygon","coordinates":[[[-79.9966,26.88223],[-80.02275,26.97039],[-80.14176,26.97094],[-80.14201,26.95664],[-80.37452,26.95839],[-80.4437,26.95767],[-80.62966,26.95778],[-80.74978,26.95903],[-80.88564,26.95892],[-80.88577,26.60924],[-80.88311,26.44752],[-80.88002,26.34606],[-80.88192,26.34612],[-80.88183,26.3338],[-80.5399,26.3347],[-80.29699,26.33436],[-80.29705,26.35555],[-80.20408,26.32782],[-80.09999,26.32778],[-80.09836,26.3265],[-80.09913,26.3238],[-80.09862,26.32269],[-80.09643,26.3224],[-80.09488,26.32499],[-80.09197,26.32636],[-80.08913,26.32469],[-80.0879,26.32076],[-80.01528,26.32096],[-80.01436,26.36224],[-80.00615,26.43281],[-79.99976,26.47114],[-79.99693,26.48371],[-79.99652,26.49295],[-79.9942,26.50035],[-79.99127,26.52303],[-79.98854,26.52726],[-79.98631,26.53703],[-79.98526,26.54471],[-79.98588,26.55089],[-79.98248,26.56925],[-79.98065,26.59545],[-79.9813,26.62535],[-79.98088,26.66363],[-79.97974,26.67746],[-79.97654,26.68748],[-79.97489,26.6975],[-79.97473,26.70823],[-79.97758,26.71608],[-79.97915,26.72671],[-79.97868,26.73277],[-79.97965,26.75034],[-79.97713,26.75629],[-79.97556,26.76499],[-79.97488,26.77481],[-79.97546,26.78168],[-79.97431,26.79241],[-79.97543,26.80025],[-79.9908,26.85655],[-79.99085,26.86063],[-79.99391,26.87534],[-79.9966,26.88223]]]},"properties":{"name":"Palm Beach","key":"palm_beach","geoid":"12099"}},{"type":"Feature","geometry":{"type":"Polygon","coordinates":[[[-82.25996,28.17142],[-82.10585,28.1718],[-82.10621,28.25924],[-82.05553,28.25893],[-82.05469,28.4784],[-82.25329,28.47849],[-82.25344,28.43482],[-82.31943,28.43497],[-82.45918,28.43369],[-82.63997,28.43384],[-82.87494,28.43079],[-82.87761,28.41268],[-82.88476,28.39064],[-82.89228,28.37337],[-82.89736,28.35701],[-82.91279,28.3525],[-82.91281,28.35191],[-82.93381,28.34312],[-82.94676,28.33612],[-82.95926,28.3279],[-82.96895,28.32034],[-82.98381,28.30609],[-82.99258,28.29559],[-82.99971,28.28541],[-83.00519,28.27605],[-83.01094,28.264],[-83.01529,28.25226],[-83.01856,28.24019],[-83.02224,28.21482],[-83.02205,28.19891],[-83.01875,28.17098],[-82.87502,28.17227],[-82.84458,28.17171],[-82.81512,28.17302],[-82.78549,28.17257],[-82.65129,28.17344],[-82.49798,28.1725],[-82.43243,28.17109],[-82.25996,28.17142]]]},"properties":{"name":"Pasco","key":"pasco","geoid":"12101"}},{"type":"Feature","geometry":{"type":"Polygon","coordinates":[[[-83.01875,28.17098],[-83.01251,28.13374],[-83.01293,28.11146],[-83.00961,28.08878],[-83.00941,28.07515],[-83.00819,28.06194],[-83.00562,28.04873],[-82.99924,28.02687],[-82.99929,28.0162],[-82.99746,28.01275],[-82.99845,27.99026],[-83.00419,27.97447],[-83.01017,27.95206],[-83.0144,27.93165],[-83.01935,27.90039],[-83.02046,27.87579],[-83.0173,27.84442],[-83.01044,27.81564],[-83.00329,27.79681],[-82.99227,27.77474],[-82.97529,27.74726],[-82.9655,27.73391],[-82.95847,27.72594],[-82.94821,27.7154],[-82.92424,27.6954],[-82.91522,27.68413],[-82.91739,27.66282],[-82.92401,27.64772],[-82.74576,27.64879],[-82.74263,27.6388],[-82.73851,27.61948],[-82.73858,27.61333],[-82.73779,27.61168],[-82.73521,27.6105],[-82.70257,27.62579],[-82.70067,27.62818],[-82.69939,27.63372],[-82.6967,27.63877],[-82.69675,27.64905],[-82.62694,27.64938],[-82.58841,27.69017],[-82.5811,27.69992],[-82.57457,27.71127],[-82.56792,27.72834],[-82.56406,27.74526],[-82.56191,27.76236],[-82.56151,27.78695],[-82.56351,27.81024],[-82.57256,27.88226],[-82.57742,27.90565],[-82.58361,27.92285],[-82.58699,27.92844],[-82.59175,27.93321],[-82.59914,27.93888],[-82.60918,27.94479],[-82.62618,27.95052],[-82.64772,27.95435],[-82.64876,28.08599],[-82.65128,28.17327],[-82.73549,28.17335],[-82.78549,28.17257],[-82.80015,28.17312],[-82.84458,28.17171],[-82.87502,28.17227],[-83.01875,28.17098]]]},"properties":{"name":"Pinellas","key":"pinellas","geoid":"12103"}},{"type":"Feature","geometry":{"type":"Polygon","coordinates":[[[-81.42455,28.01248],[-81.42809,28.02154],[-81.42915,28.02166],[-81.42812,28.0208],[-81.42856,28.01878],[-81.4292,28.02098],[-81.43245,28.02238],[-81.43472,28.02528],[-81.4386,28.03322],[-81.43898,28.03282],[-81.44065,28.03393],[-81.44856,28.03231],[-81.4516,28.03422],[-81.45572,28.03883],[-81.45879,28.03972],[-81.45849,28.04183],[-81.45997,28.04717],[-81.45932,28.04972],[-81.46017,28.05015],[-81.45842,28.05094],[-81.45969,28.05181],[-81.45825,28.05168],[-81.45861,28.05299],[-81.45745,28.05508],[-81.45389,28.05755],[-81.45037,28.05664],[-81.4463,28.05812],[-81.4459,28.059],[-81.44498,28.05854],[-81.44336,28.05918],[-81.4399,28.05814],[-81.43548,28.05315],[-81.43407,28.04609],[-81.43253,28.04326],[-81.43093,28.04201],[-81.4297,28.04253],[-81.42766,28.04137],[-81.42833,28.0406],[-81.42804,28.03935],[-81.42548,28.03937],[-81.42407,28.0405],[-81.42316,28.03859],[-81.41576,28.03715],[-81.41112,28.03394],[-81.40994,28.03186],[-81.40652,28.02914],[-81.39724,28.02935],[-81.3946,28.02843],[-81.39385,28.02782],[-81.39346,28.0247],[-81.39261,28.02416],[-81.39223,28.01977],[-81.38569,28.01723],[-81.38304,28.01279],[-81.38217,28.01233],[-81.38155,28.01305],[-81.379,28.01161],[-81.37648,28.01585],[-81.37826,28.01804],[-81.37922,28.02116],[-81.37588,28.02492],[-81.37509,28.02733],[-81.37581,28.02949],[-81.3674,28.0346],[-81.36737,28.03633],[-81.36372,28.03776],[-81.36336,28.03997],[-81.36255,28.04059],[-81.36293,28.04246],[-81.36187,28.04372],[-81.36451,28.04713],[-81.36379,28.04971],[-81.36513,28.05519],[-81.36406,28.05691],[-81.36427,28.05805],[-81.36547,28.06068],[-81.36681,28.06167],[-81.36627,28.06363],[-81.36508,28.06457],[-81.3655,28.06789],[-81.36244,28.07001],[-81.36042,28.06839],[-81.35838,28.06837],[-81.35519,28.0669],[-81.35048,28.06857],[-81.34858,28.06779],[-81.34696,28.06969],[-81.34648,28.06933],[-81.34723,28.08016],[-81.34821,28.08009],[-81.34879,28.08182],[-81.34778,28.08406],[-81.34642,28.0847],[-81.45576,28.08489],[-81.45621,28.14316],[-81.52423,28.1428],[-81.52408,28.20101],[-81.55746,28.25936],[-81.65719,28.25922],[-81.65727,28.3471],[-81.79073,28.34641],[-81.79089,28.36184],[-81.85762,28.36187],[-81.85751,28.34596],[-81.95764,28.34518],[-81.9578,28.30889],[-81.96027,28.30923],[-81.96585,28.30792],[-81.97328,28.30847],[-81.97476,28.31048],[-81.97659,28.30929],[-81.97806,28.306],[-81.9857,28.3053],[-81.98926,28.3081],[-81.99285,28.31508],[-81.9957,28.31883],[-81.9992,28.32031],[-82.00238,28.32029],[-82.00422,28.32208],[-82.00618,28.32275],[-82.0064,28.32223],[-82.00705,28.32312],[-82.0103,28.3221],[-82.01562,28.32365],[-82.01687,28.32265],[-82.01769,28.32358],[-82.01982,28.32318],[-82.02037,28.32384],[-82.0217,28.32248],[-82.02241,28.32332],[-82.02436,28.32267],[-82.02724,28.32339],[-82.02831,28.32204],[-82.03216,28.32086],[-82.03331,28.32131],[-82.03904,28.31912],[-82.04004,28.32034],[-82.04191,28.31891],[-82.0451,28.31853],[-82.04832,28.31633],[-82.05461,28.31408],[-82.05582,28.31279],[-82.05553,28.25893],[-82.10621,28.25924],[-82.10624,28.25024],[-82.10585,28.1718],[-82.05624,28.17171],[-82.05435,27.64638],[-81.37479,27.64658],[-81.2498,27.6456],[-81.14216,27.64324],[-81.14005,27.64667],[-81.13731,27.64704],[-81.13726,27.6453],[-81.1382,27.64439],[-81.13761,27.64418],[-81.13395,27.64669],[-81.13465,27.64757],[-81.1339,27.64912],[-81.13253,27.64741],[-81.1312,27.65097],[-81.13246,27.65408],[-81.13104,27.65931],[-81.13184,27.66151],[-81.13772,27.66432],[-81.14183,27.66848],[-81.14238,27.67074],[-81.14323,27.67079],[-81.14345,27.66933],[-81.14409,27.66928],[-81.14513,27.67326],[-81.14412,27.67609],[-81.14544,27.67755],[-81.14487,27.68018],[-81.14689,27.68194],[-81.14491,27.6822],[-81.14767,27.68899],[-81.14661,27.69092],[-81.149,27.69203],[-81.14734,27.69638],[-81.15023,27.69981],[-81.148,27.69916],[-81.14932,27.70298],[-81.14737,27.70435],[-81.14746,27.70571],[-81.14599,27.70627],[-81.14679,27.70904],[-81.14581,27.71031],[-81.149,27.71288],[-81.15063,27.71552],[-81.15071,27.71763],[-81.15178,27.71618],[-81.15308,27.71855],[-81.15904,27.71845],[-81.15997,27.71926],[-81.16135,27.72417],[-81.16532,27.72427],[-81.16738,27.72339],[-81.16712,27.7246],[-81.16884,27.72631],[-81.1685,27.7282],[-81.16688,27.72874],[-81.1683,27.72968],[-81.1687,27.73198],[-81.16757,27.73291],[-81.1655,27.73213],[-81.16682,27.73419],[-81.1659,27.7349],[-81.16499,27.73449],[-81.16454,27.73536],[-81.16501,27.74233],[-81.16644,27.74303],[-81.16805,27.74221],[-81.17178,27.74315],[-81.17065,27.74384],[-81.17116,27.7465],[-81.17287,27.74744],[-81.17449,27.74556],[-81.17592,27.74798],[-81.17546,27.74975],[-81.17866,27.7521],[-81.17905,27.7555],[-81.17801,27.75893],[-81.17435,27.75941],[-81.17361,27.75867],[-81.17301,27.76091],[-81.17504,27.76441],[-81.17915,27.76584],[-81.1782,27.77053],[-81.18097,27.76999],[-81.18107,27.77421],[-81.18252,27.77448],[-81.18467,27.77293],[-81.18747,27.77498],[-81.18739,27.77648],[-81.18571,27.77818],[-81.18598,27.77904],[-81.18944,27.78228],[-81.18956,27.78532],[-81.19198,27.78687],[-81.19431,27.78982],[-81.19631,27.79077],[-81.19865,27.79732],[-81.2005,27.7974],[-81.20069,27.80365],[-81.20382,27.80884],[-81.20405,27.8106],[-81.20476,27.81005],[-81.20613,27.81171],[-81.20857,27.81223],[-81.20652,27.81245],[-81.20993,27.81724],[-81.20924,27.8176],[-81.21004,27.81923],[-81.20798,27.82098],[-81.21396,27.82409],[-81.21554,27.82657],[-81.21441,27.82855],[-81.21529,27.82973],[-81.23112,27.84284],[-81.23479,27.84365],[-81.24143,27.84721],[-81.24099,27.84649],[-81.24171,27.84566],[-81.24647,27.84879],[-81.24627,27.84786],[-81.24798,27.84759],[-81.24861,27.84526],[-81.25035,27.84361],[-81.25147,27.84498],[-81.25048,27.84885],[-81.25417,27.84883],[-81.25911,27.84599],[-81.2599,27.84648],[-81.25778,27.84814],[-81.26081,27.84695],[-81.26319,27.84712],[-81.27294,27.85024],[-81.27728,27.85075],[-81.2791,27.852],[-81.28152,27.85579],[-81.28132,27.85747],[-81.29205,27.85763],[-81.29711,27.85958],[-81.29881,27.86139],[-81.30186,27.86208],[-81.30229,27.86358],[-81.30147,27.8652],[-81.29891,27.86249],[-81.2973,27.86274],[-81.303,27.87005],[-81.30438,27.8704],[-81.30592,27.87683],[-81.30447,27.88047],[-81.30611,27.88618],[-81.31285,27.89562],[-81.31491,27.90124],[-81.31481,27.90384],[-81.31226,27.91024],[-81.30917,27.9153],[-81.3087,27.92188],[-81.31208,27.92512],[-81.31438,27.92579],[-81.31599,27.92851],[-81.31884,27.92813],[-81.31711,27.92488],[-81.31782,27.92426],[-81.32133,27.92637],[-81.33336,27.9304],[-81.33827,27.93341],[-81.33866,27.93134],[-81.34165,27.93273],[-81.34399,27.9362],[-81.34546,27.93568],[-81.34674,27.93675],[-81.34752,27.93925],[-81.34614,27.94024],[-81.34587,27.94145],[-81.34062,27.94066],[-81.33823,27.9392],[-81.33665,27.94534],[-81.33682,27.94991],[-81.3382,27.95099],[-81.3409,27.95103],[-81.34296,27.95308],[-81.34402,27.95279],[-81.34363,27.95226],[-81.34513,27.95229],[-81.34984,27.95392],[-81.34995,27.95506],[-81.34905,27.95426],[-81.34846,27.95547],[-81.34796,27.96067],[-81.34983,27.96376],[-81.36515,27.9729],[-81.36869,27.97381],[-81.36876,27.97543],[-81.3706,27.97793],[-81.37321,27.97703],[-81.3765,27.97825],[-81.37713,27.98407],[-81.3801,27.98302],[-81.38191,27.98498],[-81.38091,27.988],[-81.3785,27.98898],[-81.38264,27.99772],[-81.38362,27.99718],[-81.38453,27.99936],[-81.38577,27.99938],[-81.38606,28.00163],[-81.38725,28.00298],[-81.38686,28.00354],[-81.39251,28.00456],[-81.39817,28.00301],[-81.4037,28.00278],[-81.4086,28.00107],[-81.41435,28.00065],[-81.41472,28.00004],[-81.41391,27.99914],[-81.4156,27.99817],[-81.42106,28.00335],[-81.42455,28.01248]]]},"properties":{"name":"Polk","key":"polk","geoid":"12105"}},{"type":"Feature","geometry":{"type":"Polygon","coordinates":[[[-81.54173,29.77104],[-81.54341,29.77742],[-81.5463,29.78183],[-81.56177,29.79528],[-81.56452,29.79911],[-81.57177,29.81528],[-81.58121,29.84018],[-81.81243,29.83649],[-81.81914,29.83024],[-81.82187,29.82634],[-81.82789,29.82442],[-81.837,29.81614],[-81.84766,29.80924],[-81.85334,29.80697],[-81.85999,29.80268],[-81.86199,29.80019],[-81.87033,29.80087],[-81.89045,29.79828],[-81.90019,29.79413],[-81.90474,29.79307],[-81.90951,29.79352],[-81.91419,29.7914],[-81.92022,29.78616],[-81.9235,29.78092],[-81.92504,29.77407],[-81.92754,29.76879],[-81.92909,29.75936],[-81.93111,29.75613],[-81.93943,29.7475],[-81.97623,29.74711],[-81.98591,29.74498],[-81.98586,29.74365],[-81.99107,29.74395],[-82.00707,29.73949],[-82.02491,29.72524],[-82.02892,29.71868],[-82.05562,29.71823],[-82.05547,29.71721],[-82.05083,29.7161],[-82.04905,29.71337],[-82.04998,29.71347],[-82.05607,29.65685],[-82.05534,29.59482],[-82.0559,29.47123],[-82.04327,29.47867],[-82.03788,29.4859],[-82.03203,29.49137],[-82.03197,29.49226],[-82.03041,29.49172],[-82.02665,29.49459],[-82.01984,29.49621],[-82.01424,29.49891],[-82.00659,29.49956],[-82.00438,29.50172],[-81.99862,29.50214],[-81.99086,29.50126],[-81.98917,29.50223],[-81.98683,29.50159],[-81.984,29.50323],[-81.98079,29.50218],[-81.97766,29.50244],[-81.97672,29.50346],[-81.97109,29.50385],[-81.96837,29.50305],[-81.96396,29.50385],[-81.95801,29.50666],[-81.9535,29.50708],[-81.94661,29.50929],[-81.94453,29.51189],[-81.94273,29.51134],[-81.94182,29.51256],[-81.93971,29.51234],[-81.93864,29.51344],[-81.93722,29.51251],[-81.93602,29.51414],[-81.93126,29.51647],[-81.92958,29.51583],[-81.9295,29.51449],[-81.92775,29.51451],[-81.92476,29.51285],[-81.92214,29.51274],[-81.92143,29.51111],[-81.91935,29.5116],[-81.9177,29.50912],[-81.91304,29.50619],[-81.91334,29.50458],[-81.91205,29.50391],[-81.91085,29.50569],[-81.90957,29.5051],[-81.90701,29.50925],[-81.90781,29.51132],[-81.90647,29.51215],[-81.90669,29.51423],[-81.90413,29.51282],[-81.90464,29.51483],[-81.90295,29.51474],[-81.90169,29.51595],[-81.89657,29.51508],[-81.89606,29.5145],[-81.89655,29.51297],[-81.89444,29.51339],[-81.8923,29.51116],[-81.88762,29.50921],[-81.88752,29.51077],[-81.88577,29.51152],[-81.88602,29.51267],[-81.88436,29.51319],[-81.88288,29.51191],[-81.88201,29.51292],[-81.87687,29.51328],[-81.87343,29.51504],[-81.87051,29.51408],[-81.86672,29.51519],[-81.86115,29.51489],[-81.85936,29.51683],[-81.85444,29.51669],[-81.85356,29.51712],[-81.85358,29.51803],[-81.85072,29.51806],[-81.84946,29.51924],[-81.85087,29.52049],[-81.84961,29.52134],[-81.84493,29.52168],[-81.84301,29.521],[-81.84278,29.48653],[-81.7762,29.48745],[-81.77491,29.42925],[-81.74183,29.42994],[-81.74142,29.37105],[-81.71247,29.37074],[-81.66852,29.3717],[-81.66793,29.36981],[-81.66288,29.36388],[-81.66114,29.36006],[-81.66241,29.3576],[-81.66191,29.35475],[-81.65772,29.34803],[-81.65896,29.34609],[-81.66025,29.34565],[-81.66072,29.34327],[-81.65656,29.34028],[-81.65633,29.33797],[-81.65878,29.33709],[-81.66431,29.34151],[-81.6754,29.33865],[-81.67978,29.3321],[-81.6809,29.32443],[-81.54893,29.35448],[-81.52176,29.36219],[-81.51805,29.36187],[-81.45519,29.37725],[-81.44695,29.38029],[-81.4457,29.38006],[-81.44154,29.38508],[-81.44013,29.3855],[-81.44083,29.38737],[-81.43985,29.39144],[-81.43521,29.39534],[-81.43358,29.39817],[-81.43729,29.39785],[-81.44829,29.39165],[-81.455,29.38965],[-81.46809,29.39225],[-81.47749,29.39715],[-81.47969,29.40165],[-81.48089,29.41645],[-81.48599,29.42415],[-81.48659,29.44455],[-81.48759,29.44825],[-81.49069,29.45415],[-81.50111,29.46882],[-81.51765,29.49016],[-81.52047,29.49651],[-81.5238,29.62728],[-81.52523,29.7595],[-81.53342,29.76392],[-81.54173,29.77104]]]},"properties":{"name":"Putnam","key":"putnam","geoid":"12107"}},{"type":"Feature","geometry":{"type":"Polygon","coordinates":[[[-87.11393,30.35196],[-87.10141,30.35315],[-87.09155,30.35501],[-86.9727,30.38111],[-86.91894,30.38651],[-86.91833,30.21764],[-86.8556,30.22792],[-86.80337,30.23495],[-86.79916,30.39326],[-86.7985,30.46953],[-86.79562,30.58958],[-86.79561,30.61687],[-86.79518,30.62591],[-86.79386,30.62594],[-86.79272,30.66486],[-86.79095,30.7823],[-86.78734,30.90038],[-86.78569,30.99698],[-86.92558,30.99768],[-87.04023,30.99955],[-87.16365,30.99903],[-87.16292,30.99798],[-87.16352,30.9964],[-87.16594,30.99584],[-87.16913,30.9932],[-87.17091,30.99341],[-87.17367,30.99587],[-87.176,30.99659],[-87.17622,30.99464],[-87.17415,30.99118],[-87.17496,30.98862],[-87.18716,30.98144],[-87.18925,30.97656],[-87.19045,30.97581],[-87.19713,30.9765],[-87.20351,30.97067],[-87.21299,30.96694],[-87.21255,30.96354],[-87.2132,30.96203],[-87.21838,30.96375],[-87.22763,30.96111],[-87.23123,30.96378],[-87.23133,30.96517],[-87.22997,30.96723],[-87.23143,30.96832],[-87.23754,30.9629],[-87.24132,30.96186],[-87.24204,30.961],[-87.24123,30.95946],[-87.2383,30.95819],[-87.23999,30.9533],[-87.24222,30.95143],[-87.24146,30.94858],[-87.24543,30.94679],[-87.24606,30.94272],[-87.24743,30.9419],[-87.24853,30.94202],[-87.25077,30.94428],[-87.25183,30.94392],[-87.2522,30.94257],[-87.25059,30.93874],[-87.25303,30.937],[-87.256,30.93119],[-87.25937,30.93165],[-87.25978,30.93462],[-87.26084,30.93554],[-87.26176,30.93515],[-87.26375,30.93075],[-87.26487,30.93073],[-87.26527,30.93445],[-87.26721,30.93498],[-87.27078,30.93228],[-87.27563,30.93099],[-87.27576,30.92636],[-87.28229,30.92483],[-87.28688,30.92544],[-87.28701,30.92468],[-87.28347,30.92109],[-87.28321,30.91884],[-87.28897,30.91657],[-87.28766,30.91526],[-87.2835,30.91563],[-87.28349,30.913],[-87.28218,30.9104],[-87.2856,30.90805],[-87.28647,30.90793],[-87.28878,30.90974],[-87.29037,30.90918],[-87.29051,30.90823],[-87.28545,30.90362],[-87.28601,30.89503],[-87.28311,30.89276],[-87.28329,30.89134],[-87.28449,30.88799],[-87.29348,30.88475],[-87.29844,30.88125],[-87.29664,30.87854],[-87.29872,30.87778],[-87.29862,30.876],[-87.29971,30.87398],[-87.29766,30.87283],[-87.29763,30.87118],[-87.30113,30.86759],[-87.30153,30.86343],[-87.30522,30.863],[-87.30812,30.86444],[-87.30914,30.86378],[-87.31062,30.85495],[-87.31391,30.84871],[-87.31361,30.84727],[-87.3115,30.84684],[-87.30628,30.84799],[-87.3059,30.84637],[-87.30792,30.84389],[-87.30713,30.84186],[-87.30253,30.84224],[-87.30137,30.84152],[-87.30136,30.8407],[-87.30364,30.83911],[-87.30065,30.83715],[-87.3,30.83561],[-87.30032,30.8344],[-87.30253,30.83394],[-87.30178,30.82844],[-87.29836,30.82735],[-87.29752,30.8259],[-87.29688,30.81512],[-87.29308,30.81235],[-87.29277,30.81128],[-87.29646,30.80868],[-87.29865,30.80206],[-87.29933,30.80139],[-87.30273,30.80167],[-87.30335,30.7998],[-87.30546,30.79857],[-87.30571,30.79263],[-87.30315,30.79216],[-87.30195,30.78977],[-87.3044,30.7891],[-87.30543,30.7909],[-87.30691,30.79116],[-87.30954,30.78933],[-87.3082,30.78838],[-87.30571,30.78862],[-87.30556,30.78727],[-87.31261,30.78599],[-87.3115,30.78329],[-87.30921,30.78215],[-87.30997,30.77848],[-87.30924,30.77648],[-87.30825,30.77592],[-87.30637,30.77761],[-87.30518,30.77724],[-87.30553,30.77598],[-87.30978,30.77346],[-87.31059,30.77171],[-87.30921,30.77052],[-87.30577,30.77014],[-87.30419,30.76553],[-87.303,30.76551],[-87.30127,30.7675],[-87.29943,30.76675],[-87.29994,30.76344],[-87.30142,30.76438],[-87.30259,30.76349],[-87.30492,30.76353],[-87.30493,30.76033],[-87.30262,30.76092],[-87.30213,30.7603],[-87.30417,30.7579],[-87.30532,30.75949],[-87.30714,30.75913],[-87.30726,30.7566],[-87.30571,30.75505],[-87.30736,30.75362],[-87.30919,30.75365],[-87.31033,30.75166],[-87.30965,30.74804],[-87.31026,30.74655],[-87.30798,30.74555],[-87.3112,30.74349],[-87.30954,30.74171],[-87.30961,30.74074],[-87.3106,30.74042],[-87.31155,30.74137],[-87.31233,30.74087],[-87.31134,30.73809],[-87.31282,30.73709],[-87.31198,30.73649],[-87.31241,30.73477],[-87.3085,30.72691],[-87.30419,30.72286],[-87.30166,30.72194],[-87.30266,30.71937],[-87.29845,30.71989],[-87.29741,30.71749],[-87.29434,30.7181],[-87.29459,30.71936],[-87.29642,30.72039],[-87.29405,30.72109],[-87.29254,30.72056],[-87.29247,30.71841],[-87.28956,30.72082],[-87.28867,30.72083],[-87.28753,30.71935],[-87.28145,30.71962],[-87.27886,30.71647],[-87.27657,30.71607],[-87.2771,30.71345],[-87.27471,30.71401],[-87.27509,30.71643],[-87.27264,30.71733],[-87.27223,30.71618],[-87.27313,30.71425],[-87.2702,30.71298],[-87.26941,30.71169],[-87.26844,30.70626],[-87.2706,30.70354],[-87.26809,30.70233],[-87.26784,30.70107],[-87.26918,30.69965],[-87.27278,30.70027],[-87.27302,30.69779],[-87.27179,30.69557],[-87.27336,30.69352],[-87.27066,30.69384],[-87.27037,30.69141],[-87.26549,30.68837],[-87.26746,30.68657],[-87.26586,30.68512],[-87.26899,30.67897],[-87.26664,30.67814],[-87.26627,30.67714],[-87.2682,30.67378],[-87.26661,30.67229],[-87.26623,30.66779],[-87.26706,30.6655],[-87.2646,30.66398],[-87.26412,30.66288],[-87.26644,30.65849],[-87.26411,30.65575],[-87.26384,30.65254],[-87.26478,30.64964],[-87.26356,30.64689],[-87.26147,30.64563],[-87.26101,30.64191],[-87.25914,30.638],[-87.25682,30.63531],[-87.25676,30.63424],[-87.25837,30.63343],[-87.25852,30.63127],[-87.25952,30.62993],[-87.25695,30.62856],[-87.25584,30.62579],[-87.25305,30.62562],[-87.25194,30.62422],[-87.25226,30.62336],[-87.25621,30.62349],[-87.25762,30.62154],[-87.26089,30.62103],[-87.25911,30.61942],[-87.25861,30.61685],[-87.25716,30.61469],[-87.25924,30.61278],[-87.2592,30.61151],[-87.25626,30.61115],[-87.2537,30.60867],[-87.25109,30.60778],[-87.24967,30.60589],[-87.24867,30.60687],[-87.24533,30.60571],[-87.2436,30.60277],[-87.24669,30.59984],[-87.24658,30.59818],[-87.24544,30.59728],[-87.2425,30.59703],[-87.24039,30.59566],[-87.23658,30.59661],[-87.23477,30.59581],[-87.23405,30.59448],[-87.23428,30.59155],[-87.23047,30.58996],[-87.23074,30.58889],[-87.23228,30.58818],[-87.2324,30.5869],[-87.22522,30.58139],[-87.22234,30.57159],[-87.20971,30.55527],[-87.20042,30.55232],[-87.19583,30.54895],[-87.18957,30.54879],[-87.18007,30.54481],[-87.15933,30.53926],[-87.15729,30.53795],[-87.15204,30.53282],[-87.14272,30.51889],[-87.13681,30.51164],[-87.12145,30.49742],[-87.12571,30.4855],[-87.13331,30.46864],[-87.13581,30.45684],[-87.14472,30.42746],[-87.14801,30.41933],[-87.15191,30.4126],[-87.16117,30.40561],[-87.18511,30.39333],[-87.21621,30.37738],[-87.23266,30.37118],[-87.23328,30.37033],[-87.23143,30.34331],[-87.20742,30.34182],[-87.19642,30.33837],[-87.17902,30.33593],[-87.17087,30.33912],[-87.16882,30.34085],[-87.15312,30.34837],[-87.11393,30.35196]]]},"properties":{"name":"Santa Rosa","key":"santa_rosa","geoid":"12113"}},{"type":"Feature","geometry":{"type":"Polygon","coordinates":[[[-82.85074,27.39139],[-82.84661,27.38091],[-82.84056,27.3688],[-82.8345,27.35892],[-82.82627,27.34776],[-82.81016,27.33072],[-82.78629,27.31066],[-82.77308,27.29108],[-82.76014,27.27419],[-82.73465,27.24682],[-82.73087,27.23344],[-82.72512,27.2188],[-82.71779,27.20491],[-82.7109,27.19485],[-82.69357,27.17483],[-82.67054,27.15444],[-82.66158,27.13941],[-82.64858,27.10997],[-82.63531,27.08773],[-82.63194,27.07398],[-82.62721,27.0607],[-82.62118,27.04777],[-82.6147,27.03673],[-82.60032,27.0014],[-82.59015,26.9832],[-82.5724,26.95802],[-82.56586,26.94731],[-82.25552,26.94526],[-82.25517,27.03302],[-82.05751,27.03212],[-82.05763,27.12533],[-82.0565,27.20777],[-82.2536,27.20892],[-82.25226,27.38624],[-82.39252,27.38683],[-82.44709,27.38612],[-82.44717,27.3886],[-82.45145,27.38866],[-82.5002,27.38841],[-82.85074,27.39139]]]},"properties":{"name":"Sarasota","key":"sarasota","geoid":"12115"}},{"type":"Feature","geometry":{"type":"Polygon","coordinates":[[[-81.27783,28.61121],[-80.98725,28.613],[-80.98898,28.61336],[-80.9905,28.61492],[-80.99001,28.61712],[-80.98827,28.61682],[-80.98687,28.61791],[-80.98842,28.62133],[-80.98876,28.62452],[-80.98964,28.62477],[-80.99454,28.6217],[-80.99957,28.62741],[-80.99818,28.63058],[-81.0,28.63027],[-81.00244,28.6314],[-81.0071,28.63633],[-81.00511,28.63889],[-81.00106,28.64001],[-81.00329,28.64496],[-81.00309,28.64813],[-81.00582,28.65181],[-81.00827,28.65875],[-81.00723,28.66345],[-81.01104,28.66808],[-81.02129,28.67425],[-81.0213,28.68524],[-81.01995,28.68726],[-81.01997,28.68855],[-81.01655,28.69077],[-81.01665,28.69304],[-81.02045,28.69781],[-81.0204,28.69958],[-81.02145,28.70114],[-81.03474,28.70939],[-81.03553,28.7126],[-81.03494,28.7154],[-81.03385,28.71671],[-81.034,28.71857],[-81.03883,28.72159],[-81.03816,28.72268],[-81.03639,28.72253],[-81.03645,28.72494],[-81.04144,28.72666],[-81.04095,28.72974],[-81.05768,28.74512],[-81.06111,28.75],[-81.06056,28.76199],[-81.05309,28.77356],[-81.05767,28.79216],[-81.06016,28.79611],[-81.06781,28.80371],[-81.06613,28.80916],[-81.06741,28.81299],[-81.07004,28.8147],[-81.07392,28.81528],[-81.07535,28.81851],[-81.07666,28.81952],[-81.07817,28.81924],[-81.0805,28.81654],[-81.08487,28.81576],[-81.08932,28.82054],[-81.09194,28.82465],[-81.09364,28.82467],[-81.09601,28.82209],[-81.09831,28.82164],[-81.09994,28.8235],[-81.10349,28.82481],[-81.10423,28.82785],[-81.10529,28.82848],[-81.11109,28.82843],[-81.11418,28.82637],[-81.11906,28.82637],[-81.12659,28.8209],[-81.12314,28.81413],[-81.12484,28.81065],[-81.13108,28.8063],[-81.12918,28.80225],[-81.12929,28.79945],[-81.13026,28.79854],[-81.13649,28.79785],[-81.14033,28.79624],[-81.13978,28.79523],[-81.13607,28.79435],[-81.13617,28.79222],[-81.13802,28.79126],[-81.14892,28.79221],[-81.16038,28.79086],[-81.16534,28.78875],[-81.17073,28.78304],[-81.17159,28.78603],[-81.17758,28.78587],[-81.17746,28.78292],[-81.17894,28.78189],[-81.18143,28.78328],[-81.17949,28.79097],[-81.181,28.79661],[-81.1832,28.79747],[-81.18817,28.79377],[-81.19044,28.79454],[-81.19134,28.79567],[-81.19502,28.7923],[-81.19737,28.79192],[-81.19871,28.79448],[-81.20393,28.79693],[-81.20738,28.80127],[-81.21372,28.80421],[-81.21449,28.80788],[-81.21643,28.80808],[-81.21674,28.8104],[-81.2159,28.81442],[-81.22134,28.82034],[-81.22463,28.82159],[-81.22287,28.82686],[-81.226,28.83263],[-81.32047,28.83453],[-81.32339,28.83731],[-81.33348,28.8404],[-81.34155,28.84705],[-81.34763,28.84622],[-81.35803,28.8478],[-81.35963,28.8503],[-81.35531,28.85376],[-81.35478,28.85835],[-81.35348,28.8592],[-81.35112,28.85811],[-81.35212,28.86232],[-81.36348,28.86473],[-81.36465,28.86569],[-81.36384,28.8691],[-81.36048,28.87052],[-81.36017,28.8714],[-81.36529,28.87652],[-81.36694,28.87923],[-81.3663,28.8736],[-81.36913,28.87251],[-81.36969,28.87054],[-81.37155,28.87015],[-81.37201,28.86904],[-81.3739,28.87005],[-81.37519,28.8682],[-81.37491,28.86668],[-81.37601,28.8659],[-81.37493,28.86238],[-81.37981,28.85834],[-81.38001,28.85648],[-81.38296,28.85199],[-81.38687,28.84921],[-81.38767,28.84995],[-81.39012,28.84901],[-81.38993,28.84834],[-81.39259,28.8458],[-81.39413,28.8426],[-81.39556,28.84179],[-81.3984,28.84189],[-81.39857,28.84048],[-81.40305,28.83718],[-81.40386,28.83483],[-81.40729,28.83477],[-81.40828,28.83406],[-81.40926,28.8323],[-81.412,28.83058],[-81.41575,28.82637],[-81.41756,28.82273],[-81.41965,28.81551],[-81.41819,28.80647],[-81.41571,28.80258],[-81.41364,28.79184],[-81.41571,28.78614],[-81.41441,28.7851],[-81.41558,28.78248],[-81.41485,28.77487],[-81.41583,28.77338],[-81.41637,28.76952],[-81.41521,28.76367],[-81.41567,28.75975],[-81.4165,28.75532],[-81.41847,28.75463],[-81.42154,28.74455],[-81.42116,28.74054],[-81.42376,28.73534],[-81.42688,28.73375],[-81.43123,28.72859],[-81.43164,28.72705],[-81.43944,28.71909],[-81.44142,28.7151],[-81.44561,28.71362],[-81.4486,28.71533],[-81.45066,28.71433],[-81.45795,28.71432],[-81.45952,28.71326],[-81.45973,28.6402],[-81.36187,28.64041],[-81.36163,28.63933],[-81.32848,28.63963],[-81.32789,28.6105],[-81.27783,28.61121]]]},"properties":{"name":"Seminole","key":"seminole","geoid":"12117"}},{"type":"Feature","geometry":{"type":"Polygon","coordinates":[[[-81.27692,29.65244],[-81.27447,29.65268],[-81.27616,29.65382],[-81.27595,29.65452],[-81.2727,29.65519],[-81.27439,29.65686],[-81.27396,29.65778],[-81.27279,29.65776],[-81.2714,29.65627],[-81.26991,29.65657],[-81.27032,29.65758],[-81.2718,29.6581],[-81.27221,29.66079],[-81.26928,29.65992],[-81.26918,29.66122],[-81.26803,29.66187],[-81.26839,29.66313],[-81.26742,29.66397],[-81.26585,29.66384],[-81.2653,29.66527],[-81.26302,29.66589],[-81.26102,29.66908],[-81.25766,29.66743],[-81.25752,29.66428],[-81.25492,29.66346],[-81.25338,29.66159],[-81.25022,29.6623],[-81.24726,29.65909],[-81.23859,29.66244],[-81.23171,29.66341],[-81.22842,29.66776],[-81.22731,29.67054],[-81.15082,29.67109],[-81.16161,29.70044],[-81.1674,29.7231],[-81.1864,29.76008],[-81.19277,29.77833],[-81.1992,29.80116],[-81.20043,29.81151],[-81.20518,29.82243],[-81.20651,29.85557],[-81.20927,29.87525],[-81.21493,29.89096],[-81.22385,29.92156],[-81.22684,29.92912],[-81.23517,29.94227],[-81.23909,29.9556],[-81.24979,29.98289],[-81.25513,30.00024],[-81.28531,30.12524],[-81.32018,30.25292],[-81.43693,30.25233],[-81.43378,30.10554],[-81.53871,30.10375],[-81.53901,30.11994],[-81.55819,30.11706],[-81.56779,30.11779],[-81.57578,30.12175],[-81.58088,30.1261],[-81.59051,30.12584],[-81.60121,30.13054],[-81.61231,30.13294],[-81.62381,30.13364],[-81.65051,30.12154],[-81.68022,30.12124],[-81.68178,30.10303],[-81.68024,30.08988],[-81.68056,30.08265],[-81.68332,30.07545],[-81.68821,30.0666],[-81.68958,30.06088],[-81.69047,30.04321],[-81.68888,30.02857],[-81.68494,30.01977],[-81.67824,30.01223],[-81.66653,30.00462],[-81.62481,29.98157],[-81.6177,29.9766],[-81.60681,29.96649],[-81.60099,29.95602],[-81.59956,29.95046],[-81.59877,29.94056],[-81.59986,29.93655],[-81.60774,29.91863],[-81.60835,29.91171],[-81.60552,29.89649],[-81.59901,29.87542],[-81.58071,29.83921],[-81.57177,29.81528],[-81.56389,29.79806],[-81.56177,29.79528],[-81.5463,29.78183],[-81.54341,29.77742],[-81.54124,29.77],[-81.53271,29.76345],[-81.52523,29.7595],[-81.52366,29.62243],[-81.32406,29.62561],[-81.32452,29.65354],[-81.31852,29.65129],[-81.3128,29.64401],[-81.31117,29.64269],[-81.30865,29.64206],[-81.30591,29.64265],[-81.30278,29.64919],[-81.30018,29.65098],[-81.29032,29.64957],[-81.28864,29.65016],[-81.2877,29.65191],[-81.28686,29.65132],[-81.28462,29.65163],[-81.28395,29.65071],[-81.28277,29.65138],[-81.28212,29.65042],[-81.27692,29.65244]]]},"properties":{"name":"St. Johns","key":"st_johns","geoid":"12109"}},{"type":"Feature","geometry":{"type":"Polygon","coordinates":[[[-80.22403,27.26302],[-80.13805,27.26288],[-80.16946,27.33059],[-80.189,27.37532],[-80.21335,27.42472],[-80.22239,27.44696],[-80.22796,27.463],[-80.22797,27.47291],[-80.2293,27.48563],[-80.23313,27.49472],[-80.23725,27.5014],[-80.24579,27.51017],[-80.24586,27.51335],[-80.24977,27.51898],[-80.26354,27.55678],[-80.5257,27.55871],[-80.67966,27.55874],[-80.67997,27.52598],[-80.67801,27.37543],[-80.67772,27.29407],[-80.67869,27.29405],[-80.67786,27.20599],[-80.28551,27.20602],[-80.28507,27.231],[-80.29205,27.23714],[-80.29299,27.24198],[-80.28808,27.24196],[-80.28795,27.24388],[-80.28531,27.24392],[-80.28477,27.26372],[-80.22403,27.26302]]]},"properties":{"name":"St. Lucie","key":"st_lucie","geoid":"12111"}},{"type":"Feature","geometry":{"type":"Polygon","coordinates":[[[-82.3117,28.96039],[-82.31127,28.95843],[-82.30979,28.95761],[-82.30848,28.95529],[-82.30511,28.95254],[-82.30239,28.95226],[-82.29709,28.94835],[-82.29486,28.94269],[-82.29594,28.9384],[-82.29225,28.93724],[-82.28999,28.93559],[-82.28834,28.92807],[-82.2844,28.92318],[-82.28413,28.9213],[-82.28193,28.91783],[-82.28218,28.91469],[-82.27732,28.91055],[-82.27617,28.90474],[-82.27473,28.90335],[-82.27625,28.90167],[-82.27358,28.89722],[-82.27007,28.89522],[-82.26566,28.89034],[-82.2613,28.88882],[-82.25103,28.88115],[-82.24625,28.87941],[-82.24442,28.87711],[-82.24253,28.87681],[-82.24144,28.8733],[-82.23924,28.87027],[-82.24014,28.86679],[-82.23696,28.86516],[-82.23616,28.8636],[-82.23674,28.86128],[-82.23195,28.85658],[-82.22716,28.8551],[-82.21922,28.85076],[-82.21223,28.84273],[-82.20693,28.84055],[-82.20657,28.83782],[-82.20498,28.83475],[-82.19896,28.8308],[-82.19607,28.83021],[-82.19121,28.82683],[-82.18633,28.82609],[-82.18364,28.82363],[-82.1826,28.82179],[-82.18276,28.817],[-82.18146,28.81322],[-82.18121,28.80917],[-82.17948,28.80636],[-82.17931,28.80332],[-82.16951,28.79615],[-82.16947,28.79156],[-82.17598,28.78745],[-82.178,28.78732],[-82.17971,28.78488],[-82.18445,28.78311],[-82.18793,28.77776],[-82.18824,28.77166],[-82.18224,28.76888],[-82.18323,28.76385],[-82.18481,28.76177],[-82.18871,28.75907],[-82.19506,28.76016],[-82.19902,28.75731],[-82.20166,28.75776],[-82.20385,28.75664],[-82.20617,28.75716],[-82.20775,28.75662],[-82.20848,28.75524],[-82.21089,28.75381],[-82.21322,28.74767],[-82.21688,28.74812],[-82.21859,28.74402],[-82.22441,28.74106],[-82.22787,28.73793],[-82.23136,28.73608],[-82.23268,28.73071],[-82.2365,28.72815],[-82.23845,28.72511],[-82.24278,28.72311],[-82.24627,28.71889],[-82.24908,28.71777],[-82.24934,28.71349],[-82.25114,28.71093],[-82.25091,28.70944],[-82.24893,28.7074],[-82.25117,28.70541],[-82.24912,28.70365],[-82.2486,28.70149],[-82.24998,28.69968],[-82.25076,28.69644],[-82.25347,28.69257],[-82.25374,28.68994],[-82.25706,28.68722],[-82.25997,28.68272],[-82.26004,28.67425],[-82.26177,28.66899],[-82.26777,28.66281],[-82.26682,28.66052],[-82.26902,28.66014],[-82.27201,28.66142],[-82.27401,28.66068],[-82.27487,28.6567],[-82.2741,28.6546],[-82.2705,28.65016],[-82.2673,28.64822],[-82.26086,28.64698],[-82.25871,28.64737],[-82.25846,28.64868],[-82.25684,28.64887],[-82.25688,28.64523],[-82.25989,28.64179],[-82.25968,28.63917],[-82.26079,28.63729],[-82.26016,28.63504],[-82.25838,28.63348],[-82.25545,28.63269],[-82.25324,28.62962],[-82.25193,28.6291],[-82.25045,28.6301],[-82.24841,28.62987],[-82.24706,28.62718],[-82.24595,28.62677],[-82.2458,28.6247],[-82.2472,28.62378],[-82.24736,28.62253],[-82.24612,28.61986],[-82.24269,28.61896],[-82.24247,28.61779],[-82.24341,28.61638],[-82.24156,28.6146],[-82.24224,28.61332],[-82.23881,28.6129],[-82.2342,28.60866],[-82.23463,28.60585],[-82.23279,28.60285],[-82.23301,28.60051],[-82.22826,28.60052],[-82.22811,28.59917],[-82.22696,28.59909],[-82.22756,28.59843],[-82.22493,28.59694],[-82.22177,28.59363],[-82.2223,28.59178],[-82.21928,28.58265],[-82.2153,28.57691],[-82.21195,28.57405],[-82.20698,28.57191],[-82.19889,28.57302],[-82.19661,28.57568],[-82.19374,28.57498],[-82.19287,28.5738],[-82.19167,28.57493],[-82.19034,28.57288],[-82.18938,28.57366],[-82.18703,28.5727],[-82.18726,28.57004],[-82.18805,28.56946],[-82.1866,28.56858],[-82.18484,28.57027],[-82.18317,28.5682],[-82.17896,28.56881],[-82.17457,28.56679],[-82.17304,28.56709],[-82.17314,28.56622],[-82.17212,28.56579],[-82.16829,28.56703],[-82.16627,28.56366],[-82.16311,28.56657],[-82.16238,28.5687],[-82.15774,28.56967],[-82.15813,28.5718],[-82.15616,28.57335],[-82.15174,28.57055],[-82.14952,28.57098],[-82.14619,28.56892],[-82.14391,28.56599],[-82.13763,28.56525],[-82.13816,28.56353],[-82.13563,28.56075],[-82.13533,28.55631],[-82.13199,28.55132],[-82.13077,28.54642],[-82.12864,28.54494],[-82.1263,28.54459],[-82.11866,28.54061],[-82.11659,28.54079],[-82.11219,28.54406],[-82.10919,28.54366],[-82.10695,28.54045],[-82.10467,28.53469],[-82.09921,28.52989],[-82.09714,28.52536],[-82.09545,28.52384],[-82.09192,28.52325],[-82.0871,28.52451],[-82.085,28.52775],[-82.08056,28.52808],[-82.07034,28.53192],[-82.0659,28.53048],[-82.05624,28.52339],[-82.05447,28.52137],[-82.05582,28.31279],[-82.05461,28.31408],[-82.04832,28.31633],[-82.0451,28.31853],[-82.04191,28.31891],[-82.04004,28.32034],[-82.03904,28.31912],[-82.03331,28.32131],[-82.03216,28.32086],[-82.02831,28.32204],[-82.02724,28.32339],[-82.02436,28.32267],[-82.02241,28.32332],[-82.02151,28.32248],[-82.02037,28.32384],[-82.01982,28.32318],[-82.01769,28.32358],[-82.01687,28.32265],[-82.01554,28.32364],[-82.0103,28.3221],[-82.00707,28.32313],[-82.0064,28.32223],[-82.00618,28.32275],[-82.00422,28.32208],[-82.00238,28.32029],[-81.9992,28.32031],[-81.9957,28.31883],[-81.99285,28.31508],[-81.98926,28.3081],[-81.9857,28.3053],[-81.97806,28.306],[-81.97659,28.30929],[-81.97476,28.31048],[-81.97328,28.30847],[-81.96585,28.30792],[-81.96027,28.30923],[-81.9578,28.30889],[-81.9575,28.37528],[-81.95607,28.41416],[-81.95418,28.55612],[-81.95493,28.64243],[-81.95329,28.87526],[-81.95419,28.96005],[-82.3117,28.96039]]]},"properties":{"name":"Sumter","key":"sumter","geoid":"12119"}},{"type":"Feature","geometry":{"type":"Polygon","coordinates":[[[-82.79479,30.32017],[-82.79459,30.33702],[-82.79585,30.34077],[-82.7996,30.34422],[-82.80452,30.34545],[-82.80672,30.34431],[-82.80686,30.34097],[-82.81058,30.33701],[-82.81198,30.34035],[-82.81586,30.34187],[-82.81995,30.34099],[-82.82276,30.34142],[-82.82389,30.34258],[-82.82606,30.34195],[-82.82711,30.34306],[-82.82721,30.34578],[-82.83212,30.34677],[-82.83605,30.34237],[-82.84151,30.3433],[-82.8421,30.34135],[-82.84432,30.34094],[-82.8526,30.34897],[-82.85159,30.3553],[-82.85216,30.35714],[-82.85351,30.35667],[-82.85319,30.3531],[-82.85451,30.35278],[-82.85708,30.35832],[-82.85913,30.35898],[-82.8632,30.35724],[-82.86581,30.35803],[-82.86848,30.36245],[-82.87097,30.36247],[-82.87213,30.36638],[-82.87686,30.36559],[-82.87958,30.36726],[-82.88149,30.36689],[-82.88206,30.36507],[-82.88513,30.36532],[-82.88454,30.36705],[-82.88784,30.36818],[-82.89035,30.37208],[-82.89345,30.3741],[-82.89056,30.37812],[-82.89167,30.38121],[-82.88916,30.38456],[-82.88905,30.38616],[-82.89201,30.38757],[-82.89668,30.3868],[-82.90588,30.38808],[-82.90659,30.38747],[-82.90612,30.38633],[-82.9031,30.38629],[-82.90267,30.38422],[-82.90361,30.38315],[-82.90582,30.38444],[-82.90764,30.38437],[-82.90856,30.38007],[-82.90936,30.38225],[-82.91067,30.38324],[-82.913,30.38381],[-82.91512,30.38318],[-82.91594,30.38553],[-82.92114,30.3863],[-82.9244,30.38796],[-82.92787,30.3911],[-82.9291,30.39037],[-82.92938,30.38906],[-82.93073,30.38961],[-82.93287,30.39294],[-82.93283,30.39506],[-82.93561,30.39505],[-82.93878,30.39989],[-82.94877,30.401],[-82.94833,30.4046],[-82.9468,30.40607],[-82.94991,30.40634],[-82.95161,30.40913],[-82.95526,30.40998],[-82.95445,30.41177],[-82.95597,30.41353],[-82.96443,30.41527],[-82.96617,30.4175],[-82.96838,30.41682],[-82.96988,30.41756],[-82.97179,30.4173],[-82.97238,30.41905],[-82.97409,30.41749],[-82.97764,30.41849],[-82.97765,30.41985],[-82.98286,30.41904],[-82.98488,30.42554],[-82.98846,30.42575],[-82.9911,30.42756],[-82.99536,30.42819],[-82.99776,30.43067],[-82.99985,30.4305],[-83.00461,30.43182],[-83.00461,30.43105],[-83.00241,30.43005],[-83.00212,30.42905],[-83.00496,30.42774],[-83.00793,30.42247],[-83.01222,30.42346],[-83.01568,30.42292],[-83.01777,30.42467],[-83.02999,30.42848],[-83.03455,30.43088],[-83.03533,30.43062],[-83.0357,30.42891],[-83.03856,30.43079],[-83.04158,30.42972],[-83.04853,30.4304],[-83.0519,30.42788],[-83.05371,30.42937],[-83.05921,30.42933],[-83.06056,30.43014],[-83.06151,30.4288],[-83.05947,30.42748],[-83.06786,30.42876],[-83.06861,30.42494],[-83.07057,30.42447],[-83.0726,30.42573],[-83.07586,30.42567],[-83.07817,30.43228],[-83.07861,30.43788],[-83.08239,30.44287],[-83.08342,30.44182],[-83.08271,30.43934],[-83.08408,30.43808],[-83.09587,30.43675],[-83.10157,30.43533],[-83.105,30.43363],[-83.11119,30.43404],[-83.11737,30.43154],[-83.1221,30.43261],[-83.12423,30.43029],[-83.12863,30.42855],[-83.13429,30.42141],[-83.13522,30.41864],[-83.13706,30.42146],[-83.14164,30.42266],[-83.14272,30.42016],[-83.14798,30.41749],[-83.14972,30.41893],[-83.15227,30.41728],[-83.15521,30.41722],[-83.1584,30.41367],[-83.15957,30.41055],[-83.15917,30.4092],[-83.1554,30.4088],[-83.15846,30.40293],[-83.15841,30.40052],[-83.16286,30.40022],[-83.16541,30.39858],[-83.1655,30.39606],[-83.16443,30.39277],[-83.16903,30.39099],[-83.16962,30.38618],[-83.17181,30.38492],[-83.17795,30.38414],[-83.18927,30.37734],[-83.19287,30.37403],[-83.19208,30.3637],[-83.19359,30.35762],[-83.19014,30.35287],[-83.19025,30.35188],[-83.1983,30.34828],[-83.20005,30.34837],[-83.20326,30.35109],[-83.20871,30.35053],[-83.21255,30.34585],[-83.21082,30.33657],[-83.2079,30.33109],[-83.21356,30.32341],[-83.21436,30.31983],[-83.21033,30.31393],[-83.20992,30.31188],[-83.21251,30.30727],[-83.22579,30.30127],[-83.22878,30.29844],[-83.23301,30.29202],[-83.2332,30.2904],[-83.23152,30.28645],[-83.23167,30.28382],[-83.2403,30.26702],[-83.2369,30.2629],[-83.23695,30.26163],[-83.23936,30.26041],[-83.24714,30.26071],[-83.25056,30.25958],[-83.25171,30.25874],[-83.25307,30.2551],[-83.25309,30.2511],[-83.25079,30.24757],[-83.24502,30.24965],[-83.24294,30.24956],[-83.24252,30.24823],[-83.2445,30.24589],[-83.24809,30.24564],[-83.25102,30.24314],[-83.25305,30.23872],[-83.25203,30.2341],[-83.24828,30.23063],[-83.24186,30.22848],[-83.23968,30.22674],[-83.24367,30.21912],[-83.24483,30.21123],[-83.25008,30.20064],[-83.25006,30.19658],[-83.24915,30.19346],[-83.25,30.19049],[-83.24936,30.18647],[-83.24711,30.17975],[-83.24491,30.17696],[-83.23298,30.16873],[-83.2316,30.16684],[-83.23136,30.16402],[-83.23224,30.16066],[-83.2387,30.15276],[-83.22718,30.14113],[-83.22513,30.13799],[-83.22496,30.12522],[-83.22636,30.11462],[-83.22506,30.11272],[-83.21916,30.10962],[-83.21556,30.10462],[-83.21356,30.10332],[-83.20106,30.10582],[-83.19856,30.10582],[-83.19526,30.10462],[-83.19196,30.10242],[-83.18756,30.09672],[-83.18436,30.09412],[-83.18206,30.09452],[-83.18056,30.09852],[-83.17926,30.09942],[-83.17606,30.10002],[-83.17116,30.09922],[-83.16766,30.10082],[-83.16586,30.10322],[-83.16386,30.10872],[-83.16246,30.11002],[-83.15926,30.10932],[-83.14996,30.10412],[-83.14286,30.10432],[-83.14056,30.10352],[-83.13816,30.10182],[-83.13516,30.09772],[-83.13356,30.09692],[-83.12926,30.09882],[-83.12215,30.10495],[-83.1192,30.10497],[-83.11424,30.10242],[-83.11406,30.09363],[-83.11191,30.09116],[-83.09976,30.09131],[-83.09675,30.09016],[-83.09382,30.08689],[-83.08741,30.08294],[-83.07294,30.08241],[-83.06955,30.08125],[-83.06902,30.07815],[-83.07042,30.07256],[-83.06949,30.06874],[-83.06768,30.06633],[-83.0636,30.06395],[-83.05407,30.06077],[-83.04742,30.05653],[-83.0415,30.05457],[-83.03896,30.05233],[-83.03472,30.04578],[-83.0302,30.04501],[-83.0269,30.04339],[-83.02344,30.04084],[-83.01988,30.03662],[-83.01329,30.03212],[-83.0082,30.02415],[-83.00319,30.0108],[-83.00131,30.00879],[-82.99461,30.00603],[-82.98365,30.00758],[-82.97942,30.00739],[-82.97761,30.00612],[-82.97511,29.99764],[-82.97415,29.99664],[-82.96613,29.99575],[-82.96385,29.99454],[-82.96038,29.97515],[-82.95732,29.96912],[-82.95424,29.96638],[-82.95383,29.96136],[-82.9524,29.95936],[-82.95057,29.95832],[-82.93581,29.95684],[-82.93181,29.95781],[-82.93078,29.9574],[-82.92617,29.94989],[-82.92347,29.94318],[-82.92396,29.93652],[-82.92055,29.93007],[-82.9207,29.92894],[-82.92535,29.92468],[-82.92588,29.92133],[-82.92163,29.91934],[-82.91859,29.91507],[-82.91901,29.90826],[-82.91529,29.90716],[-82.9121,29.90484],[-82.91274,29.90243],[-82.91703,29.90078],[-82.91847,29.89817],[-82.91861,29.89639],[-82.91555,29.89179],[-82.913,29.88978],[-82.909,29.88949],[-82.90738,29.89316],[-82.90763,29.89814],[-82.90375,29.90095],[-82.89787,29.90144],[-82.89503,29.90026],[-82.89204,29.89673],[-82.88826,29.89463],[-82.88516,29.89158],[-82.8848,29.88922],[-82.8859,29.888],[-82.88732,29.88812],[-82.88895,29.89021],[-82.89085,29.89091],[-82.89309,29.88957],[-82.89133,29.88591],[-82.8842,29.88233],[-82.88272,29.88311],[-82.87875,29.88919],[-82.87451,29.89073],[-82.87365,29.89471],[-82.87173,29.89845],[-82.86677,29.89876],[-82.86658,29.9004],[-82.86756,29.90278],[-82.86514,29.90477],[-82.86416,29.90797],[-82.86459,29.90918],[-82.86327,29.91105],[-82.85807,29.91166],[-82.85534,29.91326],[-82.85161,29.91388],[-82.84779,29.91367],[-82.84192,29.91189],[-82.83942,29.91456],[-82.83147,29.91281],[-82.82951,29.91641],[-82.8251,29.9198],[-82.82328,29.92311],[-82.81757,29.92588],[-82.81442,29.92983],[-82.81116,29.93082],[-82.80851,29.93308],[-82.80336,29.93102],[-82.80048,29.93213],[-82.7989,29.93364],[-82.79873,29.93612],[-82.79685,29.93754],[-82.79555,29.93991],[-82.79145,29.9421],[-82.79191,29.94401],[-82.78955,29.94637],[-82.78975,29.94793],[-82.78849,29.94883],[-82.78808,29.95114],[-82.78597,29.95282],[-82.78576,29.95488],[-82.78325,29.95459],[-82.77916,29.95801],[-82.77388,29.95958],[-82.7732,29.95904],[-82.77221,29.9603],[-82.76963,29.96102],[-82.76698,29.96314],[-82.76221,29.96438],[-82.75858,29.97571],[-82.7593,29.97735],[-82.75878,29.98009],[-82.76039,29.98207],[-82.76041,29.98621],[-82.79398,29.9862],[-82.79496,30.11639],[-82.7944,30.15438],[-82.79479,30.32017]]]},"properties":{"name":"Suwannee","key":"suwannee","geoid":"12121"}},{"type":"Feature","geometry":{"type":"Polygon","coordinates":[[[-83.99996,29.89895],[-83.97264,29.88642],[-83.96021,29.87233],[-83.94586,29.85946],[-83.92924,29.8478],[-83.91451,29.83966],[-83.89431,29.83116],[-83.87524,29.82536],[-83.85398,29.82147],[-83.83029,29.81972],[-83.81329,29.81019],[-83.79534,29.80193],[-83.78495,29.79382],[-83.7809,29.79004],[-83.76994,29.77038],[-83.75747,29.75321],[-83.75233,29.72546],[-83.74515,29.70537],[-83.73864,29.6926],[-83.72147,29.66488],[-83.71007,29.64919],[-83.70322,29.64119],[-83.6925,29.63056],[-83.67539,29.61708],[-83.66038,29.60782],[-83.64798,29.60163],[-83.62054,29.5915],[-83.6144,29.58842],[-83.59952,29.57529],[-83.58207,29.56332],[-83.57996,29.54598],[-83.57541,29.527],[-83.41544,29.66554],[-83.39963,29.67397],[-83.39496,29.67151],[-83.39037,29.67138],[-83.38681,29.66899],[-83.38184,29.66959],[-83.37486,29.66718],[-83.37335,29.66595],[-83.36935,29.66667],[-83.3664,29.6657],[-83.36321,29.66824],[-83.36273,29.66938],[-83.36439,29.67123],[-83.36397,29.67357],[-83.36519,29.67486],[-83.36522,29.67634],[-83.36189,29.67895],[-83.35929,29.68384],[-83.35784,29.68457],[-83.35283,29.69309],[-83.35074,29.6953],[-83.35061,29.6979],[-83.35182,29.70098],[-83.35137,29.70669],[-83.35014,29.7124],[-83.34879,29.71403],[-83.34711,29.7146],[-83.34728,29.71749],[-83.34606,29.71951],[-83.3474,29.72134],[-83.34703,29.72351],[-83.3449,29.72681],[-83.34776,29.73209],[-83.34764,29.73386],[-83.34375,29.7354],[-83.34327,29.73713],[-83.34568,29.74349],[-83.34222,29.74641],[-83.34171,29.75095],[-83.33923,29.75441],[-83.33891,29.75676],[-83.33689,29.7604],[-83.33457,29.76168],[-83.33144,29.76208],[-83.33068,29.76488],[-83.32846,29.76576],[-83.32857,29.7677],[-83.32781,29.76887],[-83.32597,29.76952],[-83.32612,29.77064],[-83.32547,29.77092],[-83.32676,29.77212],[-83.32662,29.77363],[-83.3237,29.77476],[-83.3214,29.77831],[-83.31946,29.77833],[-83.31886,29.82262],[-83.35286,29.82222],[-83.35299,29.88786],[-83.37089,29.88793],[-83.37066,30.01232],[-83.36956,30.04102],[-83.36836,30.13038],[-83.36856,30.18722],[-83.36678,30.20109],[-83.36726,30.26044],[-83.46927,30.26035],[-83.46877,30.30421],[-83.82024,30.30354],[-83.82005,30.29979],[-83.82238,30.29924],[-83.82412,30.29733],[-83.82567,30.29731],[-83.82619,30.29536],[-83.82841,30.29292],[-83.82726,30.29179],[-83.82932,30.29179],[-83.82886,30.29064],[-83.82763,30.29037],[-83.8284,30.28891],[-83.83024,30.28745],[-83.83176,30.2871],[-83.83235,30.2877],[-83.8326,30.28687],[-83.83365,30.28679],[-83.83485,30.28531],[-83.83449,30.28445],[-83.83676,30.28351],[-83.83636,30.28206],[-83.83734,30.28078],[-83.83841,30.28202],[-83.83866,30.2802],[-83.8403,30.28057],[-83.84487,30.27743],[-83.8475,30.27854],[-83.84923,30.27689],[-83.85069,30.27802],[-83.85349,30.27735],[-83.85433,30.27397],[-83.85616,30.27474],[-83.85742,30.2731],[-83.86029,30.27302],[-83.86006,30.27213],[-83.8615,30.27083],[-83.86309,30.27155],[-83.86615,30.27035],[-83.86805,30.27135],[-83.86943,30.27091],[-83.86955,30.26989],[-83.87246,30.26963],[-83.87334,30.26884],[-83.87742,30.26943],[-83.87843,30.26847],[-83.87951,30.26913],[-83.8821,30.26723],[-83.88294,30.26499],[-83.88441,30.26566],[-83.8863,30.26347],[-83.88806,30.26331],[-83.89233,30.26083],[-83.89188,30.25997],[-83.89315,30.25939],[-83.89333,30.25812],[-83.89573,30.25769],[-83.89687,30.25647],[-83.89614,30.25513],[-83.89701,30.25488],[-83.89698,30.25253],[-83.89962,30.24995],[-83.90276,30.24943],[-83.90196,30.24864],[-83.90258,30.24746],[-83.90637,30.24804],[-83.90635,30.24703],[-83.90756,30.24756],[-83.90813,30.2466],[-83.90819,30.24774],[-83.90997,30.24773],[-83.91196,30.24593],[-83.91392,30.24616],[-83.91576,30.24531],[-83.91527,30.24234],[-83.91647,30.24061],[-83.91591,30.23964],[-83.91488,30.2398],[-83.91665,30.23703],[-83.916,30.23442],[-83.91759,30.23165],[-83.92053,30.23022],[-83.92162,30.22871],[-83.9189,30.22788],[-83.91835,30.22508],[-83.91655,30.22546],[-83.91656,30.22339],[-83.9178,30.22212],[-83.91745,30.22094],[-83.91842,30.22107],[-83.91894,30.22014],[-83.9174,30.21756],[-83.91822,30.21619],[-83.91795,30.21492],[-83.91929,30.21351],[-83.92071,30.21324],[-83.92078,30.21099],[-83.92349,30.20896],[-83.92387,30.20676],[-83.92575,30.20472],[-83.92334,30.20247],[-83.92476,30.20129],[-83.92439,30.19835],[-83.92701,30.1944],[-83.92545,30.19286],[-83.92726,30.19089],[-83.92789,30.19117],[-83.93101,30.18912],[-83.93265,30.19111],[-83.94083,30.19209],[-83.9513,30.18628],[-83.95175,30.18515],[-83.95063,30.18236],[-83.95301,30.17765],[-83.9527,30.17579],[-83.95676,30.17464],[-83.95813,30.1719],[-83.95689,30.1685],[-83.95767,30.16227],[-83.96308,30.15751],[-83.96036,30.15215],[-83.9618,30.15082],[-83.96656,30.14938],[-83.97333,30.14562],[-83.97272,30.14049],[-83.96899,30.13747],[-83.96866,30.13603],[-83.9711,30.13135],[-83.97357,30.1287],[-83.97401,30.12666],[-83.97772,30.12309],[-83.978,30.12058],[-83.98,30.11829],[-83.98118,30.11091],[-83.98448,30.10501],[-83.98798,30.10361],[-83.98948,30.10161],[-83.98978,30.09861],[-83.99218,30.09621],[-83.99238,30.08971],[-83.99134,30.08428],[-83.99996,29.89895]]]},"properties":{"name":"Taylor","key":"taylor","geoid":"12123"}},{"type":"Feature","geometry":{"type":"Polygon","coordinates":[[[-82.274,29.99832],[-82.272,30.00396],[-82.27258,30.0056],[-82.26607,30.01274],[-82.26716,30.01347],[-82.26569,30.01569],[-82.26564,30.0207],[-82.26455,30.02157],[-82.26315,30.02133],[-82.2624,30.02405],[-82.2614,30.02457],[-82.25964,30.02843],[-82.25697,30.02862],[-82.25629,30.02789],[-82.25412,30.02876],[-82.25149,30.02803],[-82.25046,30.02907],[-82.24545,30.02925],[-82.24405,30.03039],[-82.2416,30.02936],[-82.23978,30.02971],[-82.23915,30.03062],[-82.23753,30.03034],[-82.23749,30.03148],[-82.23478,30.03109],[-82.23081,30.03294],[-82.22604,30.03398],[-82.22059,30.03807],[-82.21778,30.04177],[-82.21804,30.0433],[-82.21666,30.04533],[-82.21344,30.04419],[-82.21263,30.04632],[-82.20864,30.04973],[-82.20816,30.05239],[-82.18644,30.06485],[-82.18022,30.07059],[-82.17763,30.07503],[-82.17655,30.08076],[-82.17515,30.08236],[-82.17549,30.08431],[-82.17415,30.09124],[-82.17285,30.09442],[-82.17021,30.09734],[-82.16992,30.0992],[-82.14734,30.10998],[-82.14607,30.11257],[-82.14237,30.1163],[-82.13866,30.12444],[-82.13786,30.12808],[-82.1407,30.13284],[-82.14447,30.13159],[-82.14579,30.13221],[-82.14557,30.13719],[-82.14288,30.1414],[-82.14258,30.14312],[-82.35939,30.14104],[-82.35938,30.13929],[-82.44367,30.13809],[-82.45836,30.13645],[-82.45826,30.12899],[-82.45252,30.12389],[-82.45454,30.11605],[-82.45599,30.10558],[-82.45768,30.10279],[-82.46767,30.09711],[-82.47054,30.09679],[-82.47383,30.09507],[-82.48106,30.09408],[-82.48514,30.09134],[-82.48962,30.08977],[-82.49904,30.08882],[-82.50342,30.08454],[-82.51173,30.08121],[-82.51891,30.07613],[-82.52837,30.06384],[-82.53186,30.06125],[-82.53153,30.05962],[-82.53569,30.05452],[-82.53528,30.0519],[-82.53709,30.05044],[-82.53656,30.04965],[-82.53726,30.04903],[-82.53731,30.04675],[-82.53916,30.04417],[-82.53906,30.04138],[-82.53794,30.04066],[-82.53883,30.04016],[-82.53968,30.0352],[-82.53718,30.03272],[-82.53473,30.03192],[-82.53469,30.02778],[-82.53649,30.02654],[-82.53644,30.0254],[-82.54038,30.02392],[-82.54037,30.02199],[-82.54496,30.01999],[-82.54868,30.02023],[-82.55269,30.01911],[-82.55827,30.01567],[-82.56261,30.01613],[-82.56566,30.01343],[-82.56824,30.01325],[-82.57083,30.0113],[-82.57047,30.01083],[-82.5729,30.01091],[-82.57364,30.00786],[-82.57224,30.00595],[-82.57176,30.00058],[-82.57215,29.99871],[-82.57365,29.99746],[-82.57355,29.99321],[-82.57451,29.99175],[-82.57614,29.99116],[-82.5753,29.98868],[-82.57432,29.98889],[-82.57382,29.98685],[-82.57297,29.98691],[-82.57375,29.98387],[-82.5728,29.98324],[-82.5725,29.98171],[-82.57101,29.981],[-82.57095,29.97916],[-82.57001,29.9794],[-82.56928,29.97498],[-82.56591,29.97396],[-82.56299,29.97148],[-82.55671,29.96876],[-82.55575,29.96735],[-82.55531,29.96397],[-82.55058,29.96273],[-82.54398,29.96344],[-82.54053,29.96294],[-82.53876,29.96111],[-82.5333,29.95836],[-82.53102,29.95575],[-82.53004,29.95175],[-82.53013,29.9496],[-82.53111,29.94841],[-82.5297,29.94088],[-82.52668,29.94217],[-82.52534,29.94505],[-82.52235,29.94482],[-82.52189,29.94331],[-82.51975,29.94399],[-82.51661,29.94331],[-82.51082,29.94523],[-82.50391,29.9419],[-82.50133,29.94194],[-82.49925,29.94019],[-82.49899,29.93888],[-82.4939,29.94],[-82.49113,29.9381],[-82.49073,29.93902],[-82.48904,29.93952],[-82.48622,29.93987],[-82.48564,29.93909],[-82.48438,29.93972],[-82.48428,29.93673],[-82.48177,29.93592],[-82.48069,29.93702],[-82.47757,29.93489],[-82.47667,29.93317],[-82.47717,29.93199],[-82.47568,29.93238],[-82.47544,29.93043],[-82.47267,29.92691],[-82.46981,29.92573],[-82.46914,29.92843],[-82.46467,29.92961],[-82.46375,29.92848],[-82.46128,29.93162],[-82.45989,29.93021],[-82.45898,29.9307],[-82.45668,29.92757],[-82.45255,29.9256],[-82.45148,29.92622],[-82.44849,29.93182],[-82.44463,29.93118],[-82.44171,29.92911],[-82.43977,29.92934],[-82.43924,29.93113],[-82.43806,29.93027],[-82.43659,29.93085],[-82.43532,29.92843],[-82.43367,29.92836],[-82.43374,29.92955],[-82.42848,29.92485],[-82.42657,29.92198],[-82.4224,29.91992],[-82.42045,29.92085],[-82.41565,29.92633],[-82.41239,29.926],[-82.40889,29.92711],[-82.40394,29.92529],[-82.40117,29.92696],[-82.40073,29.92615],[-82.39838,29.92695],[-82.39086,29.9255],[-82.3848,29.92783],[-82.37751,29.93327],[-82.37109,29.93531],[-82.36257,29.9342],[-82.36059,29.93331],[-82.35802,29.93357],[-82.35624,29.93572],[-82.3519,29.93727],[-82.35199,29.93961],[-82.34954,29.94066],[-82.34935,29.94207],[-82.34769,29.94173],[-82.34696,29.94259],[-82.34811,29.94346],[-82.3469,29.94539],[-82.34528,29.94629],[-82.34567,29.94917],[-82.34408,29.95165],[-82.34467,29.95196],[-82.34522,29.95679],[-82.34207,29.96142],[-82.33751,29.9605],[-82.33554,29.9591],[-82.33273,29.95981],[-82.3287,29.95766],[-82.32841,29.95827],[-82.32697,29.95805],[-82.3252,29.95607],[-82.32646,29.95492],[-82.3234,29.95492],[-82.32226,29.95399],[-82.32239,29.95561],[-82.31896,29.95451],[-82.31562,29.95451],[-82.30741,29.95616],[-82.30443,29.95882],[-82.30303,29.96423],[-82.30131,29.96551],[-82.30086,29.9675],[-82.29731,29.96901],[-82.29582,29.97224],[-82.2941,29.97354],[-82.29211,29.97365],[-82.29226,29.97442],[-82.2906,29.97582],[-82.29038,29.97916],[-82.28861,29.97907],[-82.28031,29.98844],[-82.27927,29.98865],[-82.27871,29.99167],[-82.27646,29.99571],[-82.27415,29.997],[-82.27461,29.99742],[-82.274,29.99832]]]},"properties":{"name":"Union","key":"union","geoid":"12125"}},{"type":"Feature","geometry":{"type":"Polygon","coordinates":[[[-80.8993,28.79097],[-80.80764,28.7914],[-80.66346,28.79059],[-80.72183,28.875],[-80.76362,28.9373],[-80.84544,29.06272],[-80.87481,29.10597],[-80.90684,29.14471],[-80.92102,29.17125],[-80.94017,29.21173],[-80.95579,29.25026],[-80.99978,29.33682],[-81.04571,29.43246],[-81.09235,29.42715],[-81.11102,29.4269],[-81.14873,29.41679],[-81.14815,29.41185],[-81.15588,29.41095],[-81.15453,29.39485],[-81.15267,29.35041],[-81.15008,29.26596],[-81.21654,29.26386],[-81.41729,29.26116],[-81.42074,29.39965],[-81.42272,29.40056],[-81.42469,29.39732],[-81.4269,29.39685],[-81.42993,29.3973],[-81.43169,29.39966],[-81.43454,29.39929],[-81.43358,29.39817],[-81.43462,29.39616],[-81.43985,29.39144],[-81.44083,29.38737],[-81.44013,29.3855],[-81.44154,29.38508],[-81.4457,29.38006],[-81.44695,29.38029],[-81.45069,29.37852],[-81.51805,29.36187],[-81.52176,29.36219],[-81.54893,29.35448],[-81.6809,29.32443],[-81.67616,29.31202],[-81.67213,29.30527],[-81.6664,29.30057],[-81.66006,29.29916],[-81.65568,29.29994],[-81.65218,29.29657],[-81.65009,29.29314],[-81.64844,29.29017],[-81.64777,29.28601],[-81.64152,29.27618],[-81.63864,29.269],[-81.63389,29.25434],[-81.63372,29.25014],[-81.63481,29.24727],[-81.63399,29.24478],[-81.62181,29.23031],[-81.61921,29.22849],[-81.61574,29.22105],[-81.61499,29.21729],[-81.61584,29.21784],[-81.61526,29.21616],[-81.61736,29.2127],[-81.61683,29.21051],[-81.6146,29.20764],[-81.61485,29.20634],[-81.61232,29.2045],[-81.61226,29.20283],[-81.60633,29.20089],[-81.59393,29.19903],[-81.58258,29.20026],[-81.57628,29.20275],[-81.57206,29.20335],[-81.57058,29.20196],[-81.5609,29.20019],[-81.55807,29.1974],[-81.55715,29.19391],[-81.55359,29.18843],[-81.55447,29.18614],[-81.55396,29.18465],[-81.54741,29.18497],[-81.54346,29.18058],[-81.53175,29.1772],[-81.53106,29.17592],[-81.53163,29.17303],[-81.53069,29.17123],[-81.52568,29.17015],[-81.52258,29.1677],[-81.52184,29.16535],[-81.5236,29.161],[-81.52307,29.15694],[-81.51689,29.14756],[-81.51459,29.14226],[-81.51309,29.13566],[-81.50999,29.13276],[-81.50453,29.12371],[-81.50633,29.11782],[-81.50674,29.11218],[-81.5006,29.10345],[-81.50049,29.10134],[-81.50205,29.0978],[-81.49748,29.09567],[-81.492,29.09554],[-81.48884,29.09319],[-81.48697,29.09291],[-81.47411,29.09469],[-81.46875,29.09702],[-81.45846,29.09383],[-81.45438,29.08198],[-81.4553,29.08077],[-81.45972,29.0792],[-81.46085,29.07575],[-81.46035,29.07395],[-81.45576,29.07155],[-81.4553,29.06858],[-81.45595,29.06594],[-81.45529,29.06307],[-81.45226,29.06165],[-81.44607,29.06211],[-81.43632,29.04803],[-81.43221,29.04442],[-81.43056,29.04419],[-81.42825,29.04558],[-81.42579,29.04481],[-81.41961,29.03842],[-81.41807,29.0379],[-81.41538,29.03836],[-81.41319,29.0372],[-81.4099,29.03127],[-81.4088,29.03101],[-81.40602,29.03271],[-81.40285,29.03247],[-81.39476,29.02414],[-81.39581,29.01912],[-81.39523,29.01867],[-81.3922,29.02002],[-81.38994,29.01885],[-81.38754,29.01556],[-81.38867,29.01195],[-81.38819,29.01069],[-81.38077,29.0074],[-81.37815,28.99894],[-81.37351,28.99941],[-81.3722,28.9985],[-81.3723,28.99714],[-81.37592,28.99505],[-81.37567,28.994],[-81.37295,28.9931],[-81.36441,28.99273],[-81.35839,28.98937],[-81.3559,28.98705],[-81.35455,28.98437],[-81.35523,28.98253],[-81.35687,28.97991],[-81.36185,28.97584],[-81.36417,28.96873],[-81.36703,28.96797],[-81.36959,28.9689],[-81.36581,28.96085],[-81.36725,28.95854],[-81.36692,28.9598],[-81.3709,28.95854],[-81.36787,28.95534],[-81.36362,28.9558],[-81.36167,28.9571],[-81.35892,28.95594],[-81.35881,28.95438],[-81.36034,28.95361],[-81.36037,28.95174],[-81.35959,28.95111],[-81.35502,28.95095],[-81.35396,28.94957],[-81.35462,28.94839],[-81.35917,28.94581],[-81.35944,28.9448],[-81.35826,28.94436],[-81.35514,28.9471],[-81.3537,28.94709],[-81.35318,28.94532],[-81.35523,28.9425],[-81.35534,28.94034],[-81.35321,28.93913],[-81.34964,28.93929],[-81.35337,28.93719],[-81.35143,28.93284],[-81.35438,28.93148],[-81.35537,28.92993],[-81.35515,28.92843],[-81.35332,28.92644],[-81.35193,28.92075],[-81.35412,28.9209],[-81.3592,28.91465],[-81.35945,28.91318],[-81.35667,28.91054],[-81.35903,28.90867],[-81.36017,28.90665],[-81.35753,28.90372],[-81.35756,28.89964],[-81.35406,28.89846],[-81.35264,28.8971],[-81.35339,28.89647],[-81.35556,28.89703],[-81.35484,28.89261],[-81.35717,28.88715],[-81.35891,28.88727],[-81.36261,28.89036],[-81.36514,28.88965],[-81.36612,28.88775],[-81.36596,28.88475],[-81.36305,28.87919],[-81.36577,28.88008],[-81.36694,28.87923],[-81.36529,28.87652],[-81.36017,28.8714],[-81.36048,28.87052],[-81.36384,28.8691],[-81.36465,28.86569],[-81.36348,28.86473],[-81.35212,28.86232],[-81.35112,28.85811],[-81.35348,28.8592],[-81.35478,28.85835],[-81.35531,28.85376],[-81.35963,28.8503],[-81.35803,28.8478],[-81.34763,28.84622],[-81.34155,28.84705],[-81.33348,28.8404],[-81.32339,28.83731],[-81.32047,28.83453],[-81.226,28.83263],[-81.22287,28.82686],[-81.22463,28.82159],[-81.22134,28.82034],[-81.2159,28.81442],[-81.21674,28.8104],[-81.21643,28.80808],[-81.21449,28.80788],[-81.21372,28.80421],[-81.20738,28.80127],[-81.20393,28.79693],[-81.19871,28.79448],[-81.19737,28.79192],[-81.19502,28.7923],[-81.19134,28.79567],[-81.19044,28.79454],[-81.18817,28.79377],[-81.1832,28.79747],[-81.181,28.79661],[-81.17949,28.79097],[-81.18143,28.78328],[-81.17894,28.78189],[-81.17746,28.78292],[-81.17758,28.78587],[-81.17159,28.78603],[-81.17073,28.78304],[-81.16534,28.78875],[-81.16038,28.79086],[-81.14892,28.79221],[-81.13802,28.79126],[-81.13617,28.79222],[-81.13607,28.79435],[-81.13978,28.79523],[-81.14033,28.79624],[-81.13649,28.79785],[-81.13026,28.79854],[-81.12929,28.79945],[-81.12918,28.80225],[-81.13108,28.8063],[-81.12484,28.81065],[-81.12314,28.81413],[-81.12659,28.8209],[-81.1226,28.82329],[-81.11978,28.82616],[-81.11418,28.82637],[-81.11109,28.82843],[-81.10529,28.82848],[-81.10423,28.82785],[-81.10349,28.82481],[-81.09994,28.8235],[-81.09773,28.82152],[-81.09601,28.82209],[-81.09364,28.82467],[-81.09194,28.82465],[-81.08932,28.82054],[-81.08477,28.81574],[-81.0805,28.81654],[-81.07817,28.81924],[-81.07608,28.81932],[-81.07392,28.81528],[-81.07004,28.8147],[-81.06671,28.81173],[-81.06624,28.80806],[-81.06781,28.80371],[-81.05866,28.79416],[-81.05706,28.79045],[-81.05395,28.77754],[-81.05309,28.77356],[-81.06056,28.76199],[-81.06111,28.75],[-81.05768,28.74512],[-81.04095,28.72974],[-81.04144,28.72666],[-81.03645,28.72494],[-81.03639,28.72253],[-81.03816,28.72268],[-81.03883,28.72159],[-81.034,28.71857],[-81.03385,28.71671],[-81.03494,28.7154],[-81.03553,28.7126],[-81.03474,28.70939],[-81.02145,28.70114],[-81.0204,28.69958],[-81.02045,28.69781],[-81.01665,28.69304],[-81.01655,28.69077],[-81.01997,28.68855],[-81.01995,28.68726],[-81.0213,28.68524],[-81.02129,28.67425],[-81.01104,28.66808],[-81.00723,28.66345],[-81.00827,28.65875],[-81.00582,28.65181],[-81.00309,28.64813],[-81.00329,28.64496],[-81.00106,28.64001],[-81.00511,28.63889],[-81.0071,28.63633],[-81.00244,28.6314],[-81.0,28.63027],[-80.99818,28.63058],[-80.99957,28.62741],[-80.99454,28.6217],[-80.98964,28.62477],[-80.98876,28.62452],[-80.98842,28.62133],[-80.98687,28.61791],[-80.98827,28.61682],[-80.99001,28.61712],[-80.9905,28.61492],[-80.98898,28.61336],[-80.98725,28.613],[-80.96445,28.61304],[-80.96789,28.7902],[-80.8993,28.79097]]]},"properties":{"name":"Volusia","key":"volusia","geoid":"12127"}},{"type":"Feature","geometry":{"type":"Polygon","coordinates":[[[-84.1608,29.92127],[-84.14594,29.92223],[-84.1205,29.9255],[-84.10142,29.93005],[-84.08382,29.93616],[-84.07633,29.93749],[-84.07554,30.27362],[-84.24122,30.27424],[-84.24767,30.30349],[-84.37853,30.30343],[-84.37853,30.30271],[-84.71335,30.30017],[-84.72921,30.28744],[-84.73099,30.28334],[-84.73084,30.28044],[-84.72971,30.27905],[-84.72726,30.27844],[-84.72766,30.27585],[-84.73094,30.27516],[-84.7305,30.27005],[-84.73217,30.26794],[-84.73508,30.26729],[-84.73656,30.26812],[-84.73785,30.26565],[-84.72661,30.25672],[-84.71612,30.25297],[-84.71572,30.25165],[-84.71222,30.25044],[-84.70928,30.25167],[-84.70993,30.25309],[-84.70831,30.25344],[-84.70696,30.25096],[-84.70554,30.2518],[-84.70419,30.24952],[-84.70145,30.24846],[-84.6999,30.24612],[-84.69827,30.24569],[-84.69825,30.24478],[-84.70009,30.24444],[-84.70065,30.24341],[-84.6975,30.23934],[-84.69747,30.2386],[-84.69906,30.23891],[-84.69941,30.23812],[-84.69712,30.23687],[-84.6991,30.23637],[-84.69859,30.23358],[-84.70058,30.23533],[-84.70151,30.23511],[-84.70103,30.23197],[-84.6973,30.22914],[-84.69967,30.2278],[-84.69549,30.22733],[-84.69595,30.22546],[-84.69361,30.22411],[-84.69485,30.22258],[-84.69196,30.22209],[-84.6904,30.22295],[-84.68883,30.22169],[-84.68765,30.22226],[-84.68518,30.22003],[-84.68317,30.21984],[-84.68374,30.21841],[-84.68193,30.21807],[-84.68213,30.2121],[-84.6801,30.20704],[-84.68162,30.20547],[-84.68186,30.20305],[-84.68121,30.20208],[-84.67782,30.20212],[-84.67664,30.20095],[-84.67597,30.20116],[-84.67809,30.19544],[-84.67826,30.18809],[-84.67657,30.1857],[-84.67471,30.18557],[-84.67475,30.18379],[-84.67368,30.18405],[-84.67287,30.18712],[-84.67218,30.18604],[-84.67256,30.18409],[-84.67155,30.18374],[-84.67044,30.18497],[-84.6696,30.18333],[-84.66849,30.18289],[-84.66808,30.17482],[-84.67015,30.17336],[-84.66836,30.17271],[-84.66838,30.17092],[-84.66658,30.17146],[-84.66602,30.17248],[-84.66492,30.17],[-84.66565,30.16881],[-84.6674,30.16837],[-84.66514,30.1661],[-84.66783,30.16704],[-84.66962,30.16548],[-84.66699,30.16398],[-84.66741,30.16338],[-84.66911,30.16356],[-84.66764,30.16144],[-84.66886,30.16084],[-84.66878,30.15858],[-84.67061,30.15775],[-84.66946,30.15498],[-84.67079,30.15371],[-84.66876,30.15264],[-84.67088,30.15214],[-84.67254,30.15041],[-84.67037,30.14984],[-84.67168,30.14721],[-84.67063,30.14615],[-84.66926,30.14666],[-84.66962,30.14446],[-84.66832,30.14331],[-84.67223,30.14124],[-84.67017,30.13914],[-84.67161,30.13768],[-84.66871,30.13683],[-84.667,30.13725],[-84.66806,30.13513],[-84.66545,30.13449],[-84.66833,30.13271],[-84.66604,30.1322],[-84.66785,30.13154],[-84.66809,30.12915],[-84.66943,30.12896],[-84.67036,30.12763],[-84.66878,30.12481],[-84.66582,30.12449],[-84.66754,30.12299],[-84.66467,30.12037],[-84.66081,30.1202],[-84.66119,30.11718],[-84.6599,30.11653],[-84.65962,30.11508],[-84.65659,30.11426],[-84.65641,30.11721],[-84.65398,30.11828],[-84.65287,30.11799],[-84.65278,30.11613],[-84.65169,30.11476],[-84.65171,30.11229],[-84.65028,30.11016],[-84.64809,30.10883],[-84.64844,30.10808],[-84.65192,30.10698],[-84.65137,30.10586],[-84.65204,30.10431],[-84.64902,30.10594],[-84.64814,30.10536],[-84.65095,30.10316],[-84.65259,30.10319],[-84.65052,30.10124],[-84.65425,30.10054],[-84.65455,30.09992],[-84.65276,30.09823],[-84.65425,30.09706],[-84.65305,30.09657],[-84.65221,30.09753],[-84.6509,30.09736],[-84.65115,30.09576],[-84.64973,30.09539],[-84.64819,30.0936],[-84.6497,30.09296],[-84.64477,30.09128],[-84.64427,30.08916],[-84.64257,30.08736],[-84.64273,30.08451],[-84.64179,30.0827],[-84.63789,30.08374],[-84.63917,30.07918],[-84.63559,30.0774],[-84.63636,30.0763],[-84.63588,30.07509],[-84.63276,30.07339],[-84.63301,30.07267],[-84.63527,30.07216],[-84.63314,30.06847],[-84.62792,30.069],[-84.63108,30.0672],[-84.63148,30.06617],[-84.63079,30.06513],[-84.6258,30.0653],[-84.62608,30.06239],[-84.62199,30.06359],[-84.62038,30.06694],[-84.61756,30.06443],[-84.61604,30.06536],[-84.60895,30.05851],[-84.60761,30.05483],[-84.60555,30.05227],[-84.60392,30.04633],[-84.60094,30.04542],[-84.59798,30.04729],[-84.59666,30.04696],[-84.59684,30.04558],[-84.60014,30.04406],[-84.60001,30.04318],[-84.59419,30.04231],[-84.59332,30.04176],[-84.59324,30.04018],[-84.59717,30.04131],[-84.59932,30.04013],[-84.59932,30.03889],[-84.59881,30.03787],[-84.59596,30.03638],[-84.59511,30.03329],[-84.59105,30.02964],[-84.57626,30.02215],[-84.56948,30.01662],[-84.56924,30.01963],[-84.56833,30.0204],[-84.56687,30.01985],[-84.56618,30.01739],[-84.56554,30.01733],[-84.56372,30.01933],[-84.5612,30.0202],[-84.56287,30.02265],[-84.55745,30.02175],[-84.55546,30.01893],[-84.55569,30.01478],[-84.55057,30.01461],[-84.549,30.01373],[-84.54872,30.01169],[-84.54806,30.01141],[-84.5472,30.01206],[-84.54781,30.01493],[-84.54718,30.01556],[-84.54302,30.01284],[-84.54333,30.01146],[-84.54841,30.00898],[-84.54887,30.00709],[-84.54242,30.00244],[-84.54124,30.00239],[-84.53813,30.00455],[-84.53122,30.00737],[-84.52888,30.00765],[-84.52659,30.00645],[-84.52032,29.99877],[-84.51896,29.99513],[-84.51981,29.99294],[-84.52469,29.98665],[-84.52539,29.98371],[-84.52399,29.98173],[-84.5204,29.98048],[-84.51409,29.98048],[-84.5121,29.98204],[-84.51195,29.98338],[-84.51443,29.98674],[-84.51413,29.98908],[-84.50829,29.98913],[-84.50202,29.98732],[-84.49422,29.987],[-84.48709,29.98846],[-84.48115,29.99386],[-84.47719,29.99936],[-84.47324,30.0019],[-84.4702,30.0025],[-84.46771,30.00185],[-84.46421,29.99899],[-84.45968,29.99338],[-84.4584,29.9752],[-84.45689,29.97268],[-84.45455,29.97133],[-84.45249,29.97125],[-84.44948,29.97334],[-84.44419,29.9818],[-84.44215,29.98173],[-84.43956,29.97803],[-84.43816,29.97721],[-84.42686,29.98591],[-84.41852,29.98336],[-84.41557,29.98325],[-84.41271,29.98446],[-84.40802,29.98492],[-84.39417,29.98255],[-84.39205,29.98064],[-84.38405,29.97684],[-84.37295,29.9762],[-84.36961,29.97446],[-84.36303,29.97304],[-84.35895,29.97068],[-84.35476,29.96983],[-84.35123,29.97016],[-84.34884,29.96908],[-84.34175,29.97026],[-84.34117,29.97124],[-84.29688,29.97256],[-84.30462,29.95556],[-84.41155,29.74564],[-84.39127,29.74323],[-84.36598,29.74338],[-84.32883,29.74738],[-84.309,29.75065],[-84.28671,29.75674],[-84.27,29.76305],[-84.25287,29.77158],[-84.23669,29.78177],[-84.22085,29.79401],[-84.20615,29.80862],[-84.19412,29.82419],[-84.18344,29.84155],[-84.17278,29.8645],[-84.16771,29.87969],[-84.16245,29.903],[-84.1608,29.92127]]]},"properties":{"name":"Wakulla","key":"wakulla","geoid":"12129"}},{"type":"Feature","geometry":{"type":"Polygon","coordinates":[[[-86.39203,30.75066],[-86.3916,30.72189],[-86.39226,30.69402],[-86.39148,30.66254],[-86.39296,30.51162],[-86.39714,30.38826],[-86.39964,30.22696],[-86.38501,30.22522],[-86.34466,30.21841],[-86.30638,30.2094],[-86.19048,30.17556],[-86.1498,30.16291],[-86.07407,30.13519],[-86.03131,30.11751],[-86.00077,30.1036],[-85.99337,30.35567],[-85.99266,30.3899],[-85.99346,30.39612],[-85.9934,30.4059],[-85.98989,30.40858],[-85.98768,30.41187],[-85.98643,30.41567],[-85.98418,30.4175],[-85.98363,30.42136],[-85.98608,30.42166],[-85.98659,30.42352],[-85.98281,30.42737],[-85.98188,30.42952],[-85.97957,30.43081],[-85.97922,30.43258],[-85.97814,30.43087],[-85.97564,30.43198],[-85.97437,30.43143],[-85.97436,30.43423],[-85.9701,30.43594],[-85.96865,30.43526],[-85.97082,30.43167],[-85.96911,30.43111],[-85.96694,30.43267],[-85.96538,30.43753],[-85.96242,30.44059],[-85.95882,30.44057],[-85.95282,30.44417],[-85.94959,30.44476],[-85.94346,30.44364],[-85.93594,30.44525],[-85.93319,30.44489],[-85.93317,30.44243],[-85.93243,30.44164],[-85.92848,30.44144],[-85.91615,30.4385],[-85.91174,30.44004],[-85.90888,30.44271],[-85.90494,30.442],[-85.90272,30.44244],[-85.90122,30.44385],[-85.89962,30.44745],[-85.89744,30.45351],[-85.89762,30.45612],[-85.89386,30.45517],[-85.89306,30.45632],[-85.89447,30.45881],[-85.89136,30.46264],[-85.88936,30.47114],[-85.88706,30.47247],[-85.88573,30.47151],[-85.88688,30.46837],[-85.88645,30.46592],[-85.88433,30.46537],[-85.87802,30.46685],[-85.87493,30.47583],[-85.87001,30.4841],[-85.86682,30.48764],[-85.85977,30.49013],[-85.85935,30.49161],[-85.86006,30.49322],[-85.858,30.49691],[-85.86631,30.49884],[-85.86666,30.50019],[-85.86538,30.50214],[-85.86827,30.5033],[-85.86864,30.50522],[-85.86791,30.50693],[-85.87324,30.50482],[-85.87493,30.50747],[-85.87589,30.5053],[-85.87821,30.50436],[-85.87983,30.50464],[-85.88382,30.50784],[-85.88384,30.50892],[-85.88299,30.50921],[-85.88027,30.50747],[-85.8813,30.51029],[-85.87909,30.51242],[-85.88126,30.51452],[-85.88218,30.5168],[-85.8863,30.51744],[-85.88756,30.51855],[-85.8867,30.51994],[-85.88236,30.52095],[-85.88363,30.52306],[-85.8862,30.52454],[-85.88714,30.52704],[-85.88706,30.52796],[-85.88348,30.53014],[-85.88059,30.53498],[-85.87981,30.53364],[-85.88004,30.53128],[-85.87865,30.53086],[-85.87728,30.53195],[-85.87954,30.53996],[-85.87935,30.54162],[-85.88036,30.54306],[-85.8783,30.54629],[-85.87937,30.54856],[-85.87983,30.55621],[-85.88337,30.55987],[-85.88843,30.55978],[-85.88859,30.56193],[-85.89094,30.56448],[-85.89122,30.56591],[-85.88869,30.56878],[-85.89017,30.57864],[-85.88905,30.58154],[-85.89387,30.58083],[-85.89305,30.58444],[-85.89535,30.58635],[-85.9032,30.58481],[-85.90619,30.58639],[-85.90946,30.58688],[-85.90832,30.59089],[-85.91051,30.59382],[-85.90893,30.5974],[-85.90996,30.59822],[-85.91133,30.59797],[-85.91326,30.59592],[-85.91592,30.59679],[-85.91549,30.59873],[-85.91306,30.59999],[-85.91271,30.60142],[-85.91125,30.60255],[-85.91095,30.60388],[-85.91196,30.60709],[-85.90963,30.60836],[-85.90822,30.61369],[-85.90997,30.61484],[-85.90984,30.61564],[-85.91269,30.61594],[-85.91381,30.61725],[-85.91074,30.61935],[-85.9103,30.62083],[-85.91342,30.62169],[-85.91075,30.62321],[-85.91234,30.62562],[-85.91088,30.6304],[-85.91254,30.63157],[-85.91249,30.63366],[-85.9153,30.63643],[-85.91472,30.6373],[-85.91204,30.63782],[-85.91133,30.63933],[-85.90753,30.64019],[-85.90636,30.64195],[-85.90585,30.6449],[-85.90298,30.64427],[-85.90109,30.64794],[-85.89844,30.648],[-85.89816,30.64559],[-85.89716,30.64548],[-85.89659,30.64828],[-85.89398,30.65235],[-85.8906,30.65144],[-85.88948,30.65253],[-85.8906,30.65645],[-85.88894,30.65685],[-85.88605,30.65606],[-85.88165,30.65683],[-85.87945,30.65965],[-85.87917,30.66169],[-85.87786,30.66171],[-85.87656,30.65988],[-85.87493,30.66002],[-85.87358,30.66101],[-85.87292,30.66321],[-85.86965,30.6624],[-85.86712,30.66313],[-85.87119,30.66615],[-85.87384,30.66637],[-85.87557,30.66807],[-85.87493,30.66916],[-85.87207,30.6677],[-85.8708,30.66913],[-85.87232,30.67323],[-85.87102,30.6751],[-85.8727,30.67799],[-85.87542,30.67951],[-85.87549,30.68084],[-85.87386,30.68187],[-85.87043,30.68022],[-85.86734,30.68049],[-85.86331,30.68549],[-85.86582,30.69115],[-85.86048,30.69281],[-85.85799,30.69857],[-85.85516,30.69855],[-85.85348,30.70009],[-85.85226,30.69863],[-85.85075,30.70121],[-85.84654,30.7016],[-85.84442,30.70313],[-86.03759,30.70457],[-86.03777,30.78974],[-86.03589,30.88778],[-86.03504,30.99332],[-86.12154,30.99288],[-86.23834,30.99437],[-86.28964,30.99369],[-86.38865,30.99418],[-86.38911,30.88344],[-86.39004,30.86633],[-86.39124,30.7666],[-86.39203,30.75066]]]},"properties":{"name":"Walton","key":"walton","geoid":"12131"}},{"type":"Feature","geometry":{"type":"Polygon","coordinates":[[[-85.43267,30.72847],[-85.43227,30.78546],[-85.48272,30.78589],[-85.48228,30.82951],[-85.59993,30.83055],[-85.59859,30.82816],[-85.59975,30.8264],[-85.59869,30.81933],[-85.59888,30.81511],[-85.60188,30.80561],[-85.60322,30.79653],[-85.60756,30.79197],[-85.61388,30.78268],[-85.61585,30.77864],[-85.61595,30.77626],[-85.62146,30.77088],[-85.62016,30.76997],[-85.62073,30.76398],[-85.61942,30.76178],[-85.62047,30.75976],[-85.62038,30.75806],[-85.61862,30.75581],[-85.61952,30.75059],[-85.61886,30.74959],[-85.61958,30.74654],[-85.61901,30.74387],[-85.68515,30.74458],[-85.73605,30.74637],[-85.73511,30.77529],[-85.75198,30.77571],[-85.75193,30.78984],[-85.82162,30.79078],[-85.8164,30.78378],[-85.81636,30.78255],[-85.81947,30.77907],[-85.82259,30.77888],[-85.82725,30.77561],[-85.83047,30.76689],[-85.82825,30.76096],[-85.82905,30.76006],[-85.83181,30.76028],[-85.83252,30.75922],[-85.83193,30.75708],[-85.82988,30.75571],[-85.82774,30.75225],[-85.83274,30.75048],[-85.83253,30.74868],[-85.82787,30.74751],[-85.82675,30.7462],[-85.82668,30.74438],[-85.8243,30.744],[-85.82388,30.7432],[-85.82467,30.74231],[-85.82814,30.74254],[-85.82998,30.74058],[-85.82526,30.73823],[-85.82395,30.73903],[-85.82259,30.73879],[-85.82253,30.73528],[-85.82484,30.73555],[-85.82852,30.72986],[-85.82798,30.7283],[-85.82584,30.72729],[-85.82525,30.72578],[-85.8317,30.72304],[-85.83306,30.72429],[-85.83303,30.72686],[-85.83475,30.72632],[-85.8349,30.72449],[-85.8336,30.72228],[-85.83405,30.72031],[-85.83561,30.71918],[-85.83626,30.71722],[-85.83754,30.71745],[-85.83866,30.71877],[-85.83947,30.71862],[-85.83977,30.71728],[-85.83919,30.71516],[-85.83678,30.7145],[-85.83703,30.71253],[-85.83502,30.71192],[-85.83516,30.71032],[-85.83627,30.70993],[-85.83941,30.7115],[-85.84247,30.71077],[-85.8432,30.71008],[-85.84299,30.70756],[-85.84388,30.70734],[-85.84488,30.7083],[-85.84515,30.70775],[-85.84431,30.70313],[-85.84654,30.7016],[-85.85075,30.70121],[-85.85226,30.69863],[-85.85348,30.70009],[-85.85516,30.69855],[-85.85799,30.69857],[-85.86048,30.69281],[-85.86607,30.69079],[-85.86331,30.68549],[-85.86734,30.68049],[-85.87043,30.68022],[-85.87386,30.68187],[-85.87549,30.68084],[-85.87542,30.67951],[-85.8727,30.67799],[-85.87102,30.6751],[-85.87232,30.67323],[-85.8708,30.66913],[-85.87207,30.6677],[-85.87493,30.66916],[-85.87557,30.66807],[-85.87384,30.66637],[-85.87119,30.66615],[-85.86712,30.66313],[-85.86965,30.6624],[-85.87292,30.66321],[-85.87358,30.66101],[-85.87493,30.66002],[-85.87656,30.65988],[-85.87786,30.66171],[-85.87917,30.66169],[-85.87945,30.65965],[-85.88165,30.65683],[-85.88605,30.65606],[-85.88894,30.65685],[-85.8906,30.65645],[-85.88948,30.65253],[-85.8906,30.65144],[-85.89398,30.65235],[-85.89659,30.64828],[-85.89716,30.64548],[-85.89816,30.64559],[-85.89844,30.648],[-85.90109,30.64794],[-85.90298,30.64427],[-85.90585,30.6449],[-85.90636,30.64195],[-85.90753,30.64019],[-85.91133,30.63933],[-85.91204,30.63782],[-85.91472,30.6373],[-85.9153,30.63643],[-85.91249,30.63366],[-85.91254,30.63157],[-85.91088,30.6304],[-85.91234,30.62562],[-85.91075,30.62321],[-85.91342,30.62169],[-85.9103,30.62083],[-85.91074,30.61935],[-85.91381,30.61725],[-85.91269,30.61594],[-85.90984,30.61564],[-85.90997,30.61484],[-85.90822,30.61369],[-85.90963,30.60836],[-85.91196,30.60709],[-85.91095,30.60388],[-85.91125,30.60255],[-85.91271,30.60142],[-85.91306,30.59999],[-85.91549,30.59873],[-85.91592,30.59679],[-85.91326,30.59592],[-85.91133,30.59797],[-85.90996,30.59822],[-85.90893,30.5974],[-85.91051,30.59382],[-85.90832,30.59089],[-85.90946,30.58688],[-85.90619,30.58639],[-85.9032,30.58481],[-85.89535,30.58635],[-85.89305,30.58444],[-85.89387,30.58083],[-85.88905,30.58154],[-85.89017,30.57864],[-85.88869,30.56878],[-85.89122,30.56591],[-85.89094,30.56448],[-85.88859,30.56193],[-85.88843,30.55978],[-85.88337,30.55987],[-85.87983,30.55621],[-85.87937,30.54856],[-85.8783,30.54629],[-85.88036,30.54306],[-85.87935,30.54162],[-85.87954,30.53996],[-85.87728,30.53195],[-85.87865,30.53086],[-85.88004,30.53128],[-85.87981,30.53364],[-85.88059,30.53498],[-85.88348,30.53014],[-85.88706,30.52796],[-85.88714,30.52704],[-85.8862,30.52454],[-85.88363,30.52306],[-85.88236,30.52095],[-85.8867,30.51994],[-85.88756,30.51855],[-85.8863,30.51744],[-85.88218,30.5168],[-85.88126,30.51452],[-85.87909,30.51242],[-85.8813,30.51029],[-85.88027,30.50747],[-85.88299,30.50921],[-85.88384,30.50892],[-85.88382,30.50784],[-85.87983,30.50464],[-85.87821,30.50436],[-85.87589,30.5053],[-85.87493,30.50747],[-85.87324,30.50482],[-85.86791,30.50693],[-85.86864,30.50522],[-85.86827,30.5033],[-85.86538,30.50214],[-85.86666,30.50019],[-85.86631,30.49884],[-85.858,30.49691],[-85.86006,30.49322],[-85.85947,30.49078],[-85.86682,30.48764],[-85.87001,30.4841],[-85.87493,30.47583],[-85.87802,30.46685],[-85.88433,30.46537],[-85.88645,30.46592],[-85.88688,30.46837],[-85.88573,30.47151],[-85.88706,30.47247],[-85.88936,30.47114],[-85.89136,30.46264],[-85.89447,30.45881],[-85.89306,30.45632],[-85.89386,30.45517],[-85.89762,30.45612],[-85.89744,30.45351],[-85.89962,30.44745],[-85.90122,30.44385],[-85.90272,30.44244],[-85.90494,30.442],[-85.90888,30.44271],[-85.91174,30.44004],[-85.91615,30.4385],[-85.92848,30.44144],[-85.93243,30.44164],[-85.93317,30.44243],[-85.93319,30.44489],[-85.93406,30.44525],[-85.94346,30.44364],[-85.94959,30.44476],[-85.95282,30.44417],[-85.95882,30.44057],[-85.9637,30.43994],[-85.96591,30.43646],[-85.96694,30.43267],[-85.96911,30.43111],[-85.97082,30.43167],[-85.96865,30.43526],[-85.9701,30.43594],[-85.97436,30.43423],[-85.97437,30.43143],[-85.97564,30.43198],[-85.97814,30.43087],[-85.97922,30.43258],[-85.97957,30.43081],[-85.98188,30.42952],[-85.98281,30.42737],[-85.98659,30.42352],[-85.98608,30.42166],[-85.98363,30.42136],[-85.98418,30.4175],[-85.98643,30.41567],[-85.98768,30.41187],[-85.98989,30.40858],[-85.9934,30.4059],[-85.99274,30.38932],[-85.98241,30.39194],[-85.97999,30.39477],[-85.97638,30.39599],[-85.97729,30.39773],[-85.97437,30.39946],[-85.97446,30.40102],[-85.97351,30.40212],[-85.96867,30.40576],[-85.96688,30.40558],[-85.96665,30.40702],[-85.96457,30.40738],[-85.96444,30.4083],[-85.9658,30.40969],[-85.96497,30.41071],[-85.95131,30.41238],[-85.94521,30.40842],[-85.94025,30.40862],[-85.93789,30.41035],[-85.93479,30.41088],[-85.92991,30.41336],[-85.92726,30.41606],[-85.92393,30.41638],[-85.9185,30.41402],[-85.91521,30.40948],[-85.90764,30.40582],[-85.90192,30.40733],[-85.89858,30.41093],[-85.89564,30.40981],[-85.88934,30.41061],[-85.88398,30.41025],[-85.87909,30.41247],[-85.87801,30.41403],[-85.87036,30.41976],[-85.86407,30.42804],[-85.86357,30.43219],[-85.86082,30.43721],[-85.8535,30.44062],[-85.82456,30.44136],[-85.81159,30.43991],[-85.70621,30.43888],[-85.6952,30.43942],[-85.68704,30.43878],[-85.66407,30.43908],[-85.48797,30.43666],[-85.48644,30.49243],[-85.4869,30.49987],[-85.48585,30.51945],[-85.48644,30.52426],[-85.48636,30.56757],[-85.43478,30.56756],[-85.43519,30.62477],[-85.43267,30.72847]]]},"properties":{"name":"Washington","key":"washington","geoid":"12133"}}]}